Date,BA,BTC-USD,EURUSD=X,GC=F,MSFT,^DJI
2014-10-01,108.40665435791016,383.614990234375,1.262833595275879,1214.5999755859375,38.88016128540039,16804.7109375
2014-10-02,107.97188568115234,375.0719909667969,1.2624191045761108,1214.199951171875,38.7615852355957,16801.05078125
2014-10-03,109.87621307373048,359.5119934082031,1.2670577764511108,1192.199951171875,39.04109954833984,17009.689453125
2014-10-04,,328.8659973144531,,,,
2014-10-05,,320.510009765625,,,,
2014-10-06,109.78924560546876,330.0790100097656,1.2513607740402222,1206.699951171875,39.04109954833984,16991.91015625
2014-10-07,107.23277282714844,336.18701171875,1.264606237411499,1211.699951171875,38.566741943359375,16719.390625
2014-10-08,108.6762466430664,352.94000244140625,1.266800880432129,1205.300048828125,39.62556457519531,16994.220703125
2014-10-09,106.74583435058594,365.0260009765625,1.2743074893951416,1224.5999755859375,38.83780288696289,16659.25
2014-10-10,105.65018463134766,361.56201171875,1.2689067125320437,1221.0,37.29616165161133,16544.099609375
2014-10-11,,362.2990112304688,,,,
2014-10-12,,378.5490112304688,,,,
2014-10-13,104.73717498779295,390.41400146484375,1.263982892036438,1229.300048828125,36.97427749633789,16321.0703125
2014-10-14,106.337158203125,400.8699951171875,1.272394061088562,1233.5999755859375,37.04203796386719,16315.1904296875
2014-10-15,104.5111083984375,394.7730102539063,1.2639029026031494,1244.0999755859375,36.61003875732422,16141.740234375
2014-10-16,104.59803771972656,382.5559997558594,1.2821663618087769,1240.5,36.20344543457031,16117.240234375
2014-10-17,107.16320037841795,383.7579956054688,1.280442476272583,1238.300048828125,36.95733642578125,16380.41015625
2014-10-18,,391.4419860839844,,,,
2014-10-19,,389.5459899902344,,,,
2014-10-20,108.09363555908205,382.8450012207031,1.274957299232483,1244.0,37.338504791259766,16399.669921875
2014-10-21,110.53707122802734,386.4750061035156,1.2795250415802002,1251.0,38.01615905761719,16614.810546875
2014-10-22,105.60672760009766,383.1579895019531,1.2714719772338867,1244.800048828125,37.59262847900391,16461.3203125
2014-10-23,106.11105346679688,358.4169921875,1.2641425132751465,1228.5,38.1347541809082,16677.900390625
2014-10-24,106.29367065429688,358.3450012207031,1.2654062509536743,1231.199951171875,39.074981689453125,16805.41015625
2014-10-25,,347.27099609375,,,,
2014-10-26,,354.7040100097656,,,,
2014-10-27,106.18932342529295,352.989013671875,1.2676681280136108,1229.0999755859375,38.88864135742188,16817.939453125
2014-10-28,107.48494720458984,357.6180114746094,1.270147681236267,1229.199951171875,39.37993240356445,17005.75
2014-10-29,107.02410125732422,335.59100341796875,1.273836612701416,1224.300048828125,39.49005126953125,16974.310546875
2014-10-30,107.66754913330078,345.30499267578125,1.2632802724838257,1198.0999755859375,39.00722885131836,17195.419921875
2014-10-31,108.6153564453125,338.3210144042969,1.2613362073898315,1171.0999755859375,39.76958084106445,17390.51953125
2014-11-01,,325.7489929199219,,,,
2014-11-02,,325.8919982910156,,,,
2014-11-03,109.58924865722656,327.5539855957031,1.250312566757202,1169.4000244140625,40.18463516235352,17366.240234375
2014-11-04,109.42404174804688,330.49200439453125,1.2495938539505005,1167.4000244140625,40.29475402832031,17383.83984375
2014-11-05,108.6456298828125,339.4859924316406,1.255256414413452,1145.4000244140625,40.5404052734375,17484.529296875
2014-11-06,108.96050262451172,349.2900085449219,1.2480031251907349,1142.300048828125,41.25193405151367,17554.470703125
2014-11-07,108.8467788696289,342.4150085449219,1.238006830215454,1169.5999755859375,41.23500442504883,17573.9296875
2014-11-08,,345.4880065917969,,,,
2014-11-09,,363.2640075683594,,,,
2014-11-10,109.01295471191406,366.9240112304688,1.246137022972107,1159.5999755859375,41.41287612915039,17613.740234375
2014-11-11,109.6427001953125,367.6950073242188,1.242992639541626,1162.800048828125,41.39592361450195,17614.900390625
2014-11-12,110.0887451171875,423.5610046386719,1.2475829124450684,1158.9000244140625,41.3197021484375,17612.19921875
2014-11-13,112.41524505615234,420.7349853515625,1.242992639541626,1161.0999755859375,42.022762298583984,17652.7890625
2014-11-14,112.70386505126952,397.8179931640625,1.2475982904434204,1185.0,41.997352600097656,17634.740234375
2014-11-15,,376.1329956054688,,,,
2014-11-16,,387.8819885253906,,,,
2014-11-17,112.31903839111328,387.4079895019531,1.251846432685852,1183.0,41.89571762084961,17647.75
2014-11-18,114.27820587158205,375.197998046875,1.2448959350585938,1196.699951171875,41.54622650146485,17687.8203125
2014-11-19,115.10910034179688,380.5549926757813,1.253337025642395,1193.5999755859375,41.10297393798828,17685.73046875
2014-11-20,115.18781280517578,357.8399963378906,1.2540757656097412,1190.699951171875,41.51211929321289,17719.0
2014-11-21,116.13236236572266,350.8479919433594,1.2545005083084106,1197.5,40.898380279541016,17810.060546875
2014-11-22,,352.9200134277344,,,,
2014-11-23,,367.572998046875,,,,
2014-11-24,117.73294830322266,376.9010009765625,1.2375012636184692,1195.5,40.56595993041992,17817.900390625
2014-11-25,117.90787506103516,375.3479919433594,1.2433171272277832,1197.0999755859375,40.46366882324219,17814.939453125
2014-11-26,117.88166046142578,368.3699951171875,1.24806547164917,1196.5999755859375,40.70232772827149,17827.75
2014-11-27,,369.6700134277344,1.2505940198898315,,,
2014-11-28,117.51429748535156,376.4469909667969,1.246199131011963,1175.199951171875,40.75347900390625,17828.240234375
2014-11-29,,375.4909973144531,,,,
2014-11-30,,378.0469970703125,,,,
2014-12-01,115.79129028320312,379.2449951171875,1.2438275814056396,1218.0,41.44393157958984,17776.80078125
2014-12-02,115.6950912475586,381.3150024414063,1.247007131576538,1199.199951171875,41.30754089355469,17879.55078125
2014-12-03,115.4239730834961,375.010009765625,1.2388503551483154,1208.5,40.9836311340332,17912.619140625
2014-12-04,114.85545349121094,369.60400390625,1.231663703918457,1207.5,41.63145065307617,17900.099609375
2014-12-05,115.63386535644533,376.85400390625,1.2386661767959597,1190.0999755859375,41.2734489440918,17958.7890625
2014-12-06,,374.7850036621094,,,,
2014-12-07,,375.0950012207031,,,,
2014-12-08,113.94585418701172,361.9089965820313,1.2294074296951294,1194.699951171875,40.65972900390625,17852.48046875
2014-12-09,113.40357208251952,352.218994140625,1.2315119504928589,1231.5,40.56595993041992,17801.19921875
2014-12-10,109.01295471191406,346.364990234375,1.2394952774047852,1228.9000244140625,39.977787017822266,17533.150390625
2014-12-11,107.90220642089844,350.5060119628906,1.2473959922790527,1225.0999755859375,40.20794677734375,17596.33984375
2014-12-12,105.62818145751952,352.5419921875,1.2394952774047852,1222.0,40.02041244506836,17280.830078125
2014-12-13,,347.3760070800781,,,,
2014-12-14,,351.6319885253906,,,,
2014-12-15,106.77394104003906,345.3450012207031,1.2463544607162476,1207.199951171875,39.78173828125,17180.83984375
2014-12-16,108.67185974121094,327.06201171875,1.2443537712097168,1193.9000244140625,38.494606018066406,17068.869140625
2014-12-17,109.38029479980467,319.7760009765625,1.2512043714523315,1194.300048828125,38.98899841308594,17356.869140625
2014-12-18,109.913818359375,311.39599609375,1.233897686004639,1194.699951171875,40.50627136230469,17778.150390625
2014-12-19,110.40364074707033,317.8429870605469,1.229044795036316,1195.9000244140625,40.6256217956543,17804.80078125
2014-12-20,,329.9559936523437,,,,
2014-12-21,,320.8429870605469,,,,
2014-12-22,112.14412689208984,331.885986328125,1.2225985527038574,1179.699951171875,40.898380279541016,17959.439453125
2014-12-23,113.72718811035156,334.5719909667969,1.2223743200302124,1177.9000244140625,41.29900741577149,18024.169921875
2014-12-24,114.78549194335938,322.53399658203125,1.217492938041687,1173.5,41.03477478027344,18030.2109375
2014-12-25,,319.00799560546875,1.2198543548583984,,,
2014-12-26,115.12657165527344,327.92401123046875,1.2210012674331665,1195.300048828125,40.81314086914063,18053.7109375
2014-12-27,,315.8630065917969,,,,
2014-12-28,,317.239013671875,,,,
2014-12-29,115.70382690429688,312.6700134277344,1.216944694519043,1181.699951171875,40.44660949707031,18038.23046875
2014-12-30,115.30152893066406,310.73699951171875,1.215347409248352,1200.199951171875,40.080074310302734,17983.0703125
2014-12-31,113.6834487915039,320.1929931640625,1.2162047624588013,1183.9000244140625,39.594200134277344,17823.0703125
2015-01-01,,314.2489929199219,1.2098628282546997,,,
2015-01-02,113.6572265625,315.0320129394531,1.2089413404464722,1186.0,39.85844421386719,17832.990234375
2015-01-03,,281.0820007324219,,,,
2015-01-04,,264.19500732421875,,,,
2015-01-05,112.87006378173828,274.4739990234375,1.194643259048462,1203.9000244140625,39.49193954467773,17501.650390625
2015-01-06,111.54061889648438,286.1889953613281,1.193901538848877,1219.300048828125,38.91228485107422,17371.640625
2015-01-07,113.27239227294922,294.3370056152344,1.1875356435775757,1210.5999755859375,39.40668487548828,17584.51953125
2015-01-08,115.2752685546875,283.3489990234375,1.1836000680923462,1208.4000244140625,40.56595993041992,17907.869140625
2015-01-09,115.0478515625,290.4079895019531,1.1796069145202637,1216.0,40.22498321533203,17737.369140625
2015-01-10,,274.7959899902344,,,,
2015-01-11,,265.6600036621094,,,,
2015-01-12,114.46186065673828,267.7959899902344,1.187070369720459,1232.699951171875,39.72207260131836,17640.83984375
2015-01-13,114.72425079345705,225.86099243164065,1.1831519603729248,1234.300048828125,39.51749420166016,17613.6796875
2015-01-14,114.0333023071289,178.10299682617188,1.1778285503387451,1234.4000244140625,39.17652893066406,17427.08984375
2015-01-15,113.82342529296876,209.843994140625,1.178592085838318,1264.699951171875,38.76737976074219,17320.7109375
2015-01-16,114.38313293457033,208.0970001220703,1.1637378931045532,1276.9000244140625,39.41520690917969,17511.5703125
2015-01-17,,199.25999450683597,,,,
2015-01-18,,210.3390045166016,,,,
2015-01-19,,214.86099243164065,1.1566041707992554,,,
2015-01-20,114.76799011230467,211.31500244140625,1.1597968339920044,1294.199951171875,39.543060302734375,17515.23046875
2015-01-21,115.80879974365234,226.89700317382807,1.154694437980652,1293.699951171875,39.1424446105957,17554.279296875
2015-01-22,118.6338119506836,233.406005859375,1.161534547805786,1300.699951171875,40.17384338378906,17813.98046875
2015-01-23,117.74168395996094,232.8789978027344,1.1346745491027832,1292.5999755859375,40.21646881103516,17672.599609375
2015-01-24,,247.8470001220703,,,,
2015-01-25,,253.71800231933597,,,,
2015-01-26,117.26065063476562,273.4729919433594,1.1125450134277344,1279.4000244140625,40.07154083251953,17678.69921875
2015-01-27,115.87001037597656,263.4750061035156,1.1247708797454834,1291.699951171875,36.36359024047852,17387.2109375
2015-01-28,122.13230895996094,233.9149932861328,1.1367381811141968,1285.9000244140625,35.110557556152344,17191.369140625
2015-01-29,129.25173950195312,233.51300048828125,1.1281461715698242,1254.5999755859375,35.80952835083008,17416.849609375
2015-01-30,127.14391326904295,226.4250030517578,1.13355553150177,1278.5,34.43716049194336,17164.94921875
2015-01-31,,217.4640045166016,,,,
2015-02-01,,226.9720001220703,,,,
2015-02-02,127.9223175048828,238.22900390625,1.1309019327163696,1276.199951171875,35.187278747558594,17361.0390625
2015-02-03,128.8668975830078,227.26800537109372,1.1341726779937744,1259.699951171875,35.460052490234375,17666.400390625
2015-02-04,128.76199340820312,226.85299682617188,1.145737886428833,1263.800048828125,35.66461563110352,17673.01953125
2015-02-05,129.96893310546875,217.11099243164065,1.131874680519104,1262.0,36.18458938598633,17884.880859375
2015-02-06,129.44415283203125,222.26600646972656,1.147196888923645,1233.9000244140625,36.15049743652344,17824.2890625
2015-02-07,,227.7539978027344,,,,
2015-02-08,,223.41200256347656,,,,
2015-02-09,129.0768280029297,220.1100006103516,1.1314393281936646,1240.800048828125,36.10787963867188,17729.2109375
2015-02-10,129.4791259765625,219.8390045166016,1.1326953172683716,1231.5999755859375,36.31244659423828,17868.759765625
2015-02-11,130.1743927001953,219.18499755859372,1.1321951150894165,1219.0,36.12492752075195,17862.140625
2015-02-12,130.323974609375,221.76400756835935,1.131196141242981,1220.0999755859375,36.73013305664063,17972.380859375
2015-02-13,131.7672119140625,235.427001953125,1.140393853187561,1226.5,37.39500427246094,18019.349609375
2015-02-14,,257.3210144042969,,,,
2015-02-15,,234.8249969482422,,,,
2015-02-16,,233.84300231933597,1.1400039196014404,,,
2015-02-17,131.93441772460938,243.6100006103516,1.1334012746810913,1208.0999755859375,37.41217803955078,18047.580078125
2015-02-18,133.0345001220703,236.3260040283203,1.1404719352722168,1199.699951171875,37.36924362182617,18029.849609375
2015-02-19,135.3049774169922,240.2830047607422,1.1400039196014404,1207.0999755859375,37.343505859375,17985.76953125
2015-02-20,139.31785583496094,243.7790069580078,1.1366735696792605,1204.4000244140625,37.65254592895508,18140.439453125
2015-02-21,,244.53399658203125,,,,
2015-02-22,,235.9770050048828,,,,
2015-02-23,136.17617797851562,238.8919982910156,1.1381484270095823,1200.300048828125,37.9015007019043,18116.83984375
2015-02-24,135.85939025878906,238.7350006103516,1.1332985162734983,1196.9000244140625,37.84999847412109,18209.189453125
2015-02-25,134.6537322998047,237.47000122070312,1.1339025497436523,1201.0,37.76415252685547,18224.5703125
2015-02-26,133.5272979736328,236.42599487304688,1.1363636255264282,1209.5999755859375,37.82423782348633,18214.419921875
2015-02-27,132.75282287597656,253.8280029296875,1.1205360889434814,1212.5999755859375,37.64396667480469,18132.69921875
2015-02-28,,254.26300048828125,,,,
2015-03-01,,260.2019958496094,,,,
2015-03-02,135.34896850585938,275.6700134277344,1.1161960363388062,1207.699951171875,37.66971969604492,18288.630859375
2015-03-03,136.9066162109375,281.7019958496094,1.1179054975509644,1204.0,37.15463638305664,18203.369140625
2015-03-04,135.83299255371094,273.0920104980469,1.118217945098877,1200.5999755859375,36.965763092041016,18096.900390625
2015-03-05,135.93856811523438,276.1780090332031,1.1082050800323486,1195.9000244140625,37.00868988037109,18135.720703125
2015-03-06,134.75051879882812,272.7229919433594,1.1032048463821411,1164.0999755859375,36.364845275878906,17856.779296875
2015-03-07,,276.260986328125,,,,
2015-03-08,,274.35400390625,,,,
2015-03-09,136.1850128173828,289.60699462890625,1.0845986604690552,1166.4000244140625,36.78548812866211,17995.720703125
2015-03-10,134.13453674316406,291.760009765625,1.0833414793014526,1160.0999755859375,36.081539154052734,17662.939453125
2015-03-11,133.0345001220703,296.3789978027344,1.0708701610565186,1150.699951171875,36.03863906860352,17635.390625
2015-03-12,133.8000946044922,294.35400390625,1.0548745393753052,1152.0999755859375,35.2144889831543,17895.220703125
2015-03-13,133.38650512695312,285.3370056152344,1.0626314878463743,1152.5999755859375,35.52353286743164,17749.310546875
2015-03-14,,281.885009765625,,,,
2015-03-15,,286.3930053710937,,,,
2015-03-16,135.23455810546875,290.5929870605469,1.0481630563735962,1153.300048828125,35.67806625366211,17977.419921875
2015-03-17,135.97377014160156,285.5050048828125,1.0572947263717651,1148.300048828125,35.79826354980469,17849.080078125
2015-03-18,137.0474090576172,256.29901123046875,1.0598047971725464,1151.4000244140625,36.48503112792969,18076.189453125
2015-03-19,135.6217803955078,260.9280090332031,1.0849988460540771,1169.0999755859375,36.30475234985352,17959.029296875
2015-03-20,135.96499633789062,261.7489929199219,1.066894292831421,1184.800048828125,36.81122589111328,18127.650390625
2015-03-21,,260.0249938964844,,,,
2015-03-22,,267.9599914550781,,,,
2015-03-23,134.47772216796875,266.739990234375,1.0826611518859863,1188.0,36.794071197509766,18116.0390625
2015-03-24,133.4568634033203,245.59500122070312,1.094499111175537,1191.699951171875,36.828407287597656,18011.140625
2015-03-25,130.44717407226562,246.19700622558597,1.0902034044265747,1197.300048828125,35.59221649169922,17718.5390625
2015-03-26,130.39439392089844,248.5319976806641,1.0960465669631958,1205.0999755859375,35.37760162353516,17678.23046875
2015-03-27,130.9927978515625,247.0290069580078,1.0886367559432983,1199.800048828125,35.17156982421875,17712.66015625
2015-03-28,,252.79800415039065,,,,
2015-03-29,,242.71299743652344,,,,
2015-03-30,134.38088989257812,247.5260009765625,1.0884946584701538,1184.800048828125,35.16297149658203,17976.310546875
2015-03-31,132.07522583007812,244.2239990234375,1.0830246210098269,1183.0999755859375,34.90543746948242,17776.119140625
2015-04-01,130.80796813964844,247.27200317382807,1.073814034461975,1208.0999755859375,34.95695114135742,17698.1796875
2015-04-02,131.37120056152344,253.0050048828125,1.0769942998886108,1200.9000244140625,34.58780670166016,17763.240234375
2015-04-03,,254.32200622558597,1.087074637413025,,,
2015-04-04,,253.69700622558597,,,,
2015-04-05,,260.5979919433594,,,,
2015-04-06,132.82327270507812,255.49200439453125,1.100134253501892,1218.5999755859375,35.66947937011719,17880.849609375
2015-04-07,134.0465087890625,253.17999267578125,1.0934817790985107,1210.5999755859375,35.65230941772461,17875.419921875
2015-04-08,134.96177673339844,245.02200317382807,1.0824151039123535,1203.0999755859375,35.557865142822266,17902.509765625
2015-04-09,135.01455688476562,243.67599487304688,1.078527569770813,1193.5999755859375,35.609375,17958.73046875
2015-04-10,135.85939025878906,236.07200622558597,1.0669056177139282,1204.5999755859375,35.8154182434082,18057.650390625
2015-04-11,,236.552001953125,,,,
2015-04-12,,236.1529998779297,,,,
2015-04-13,134.85610961914062,224.5870056152344,1.060985445976257,1199.300048828125,35.849761962890625,17977.0390625
2015-04-14,134.82974243164062,219.15899658203125,1.0572947263717651,1192.800048828125,35.755340576171875,18036.69921875
2015-04-15,134.14332580566406,223.8329925537109,1.0647132396697998,1201.5,36.27898025512695,18112.609375
2015-04-16,133.73849487304688,228.572998046875,1.0676802396774292,1198.0,36.19314956665039,18105.76953125
2015-04-17,131.65283203125,222.8820037841797,1.0755579471588137,1202.9000244140625,35.72957229614258,17826.30078125
2015-04-18,,223.3560028076172,,,,
2015-04-19,,222.6000061035156,,,,
2015-04-20,134.3544921875,224.62600708007807,1.0810226202011108,1193.5,36.83699798583984,18034.9296875
2015-04-21,134.93533325195312,235.2689971923828,1.0747487545013428,1202.9000244140625,36.60520935058594,17949.58984375
2015-04-22,133.05209350585938,234.17599487304688,1.074171543121338,1186.9000244140625,36.90567779541016,18038.26953125
2015-04-23,131.89044189453125,236.4620056152344,1.0725815296173096,1194.4000244140625,37.20615005493164,18058.689453125
2015-04-24,130.5967559814453,231.26800537109372,1.0815019607543943,1175.199951171875,41.09502029418945,18080.140625
2015-04-25,,226.38999938964844,,,,
2015-04-26,,219.42999267578125,,,,
2015-04-27,130.06875610351562,229.28599548339844,1.086897373199463,1203.300048828125,41.23237228393555,18037.970703125
2015-04-28,129.81353759765625,225.85499572753903,1.087795972824097,1214.0,42.20244598388672,18110.140625
2015-04-29,128.61668395996094,225.80799865722656,1.096912145614624,1209.800048828125,42.116580963134766,18035.529296875
2015-04-30,126.1438217163086,236.1450042724609,1.1114321947097778,1182.4000244140625,41.75605010986328,17840.51953125
2015-05-01,127.31427001953124,232.07899475097656,1.1214659214019775,1174.5,41.773223876953125,18024.060546875
2015-05-02,,234.92999267578125,,,,
2015-05-03,,240.3580017089844,,,,
2015-05-04,126.74224853515624,239.01800537109372,1.1185932159423828,1186.800048828125,41.41265869140625,18070.400390625
2015-05-05,125.76541137695312,236.1210021972656,1.1149141788482666,1193.199951171875,40.86321258544922,17928.19921875
2015-05-06,124.91516876220705,229.7819976806641,1.1186307668685913,1190.300048828125,39.73004913330078,17841.98046875
2015-05-07,125.31368255615234,237.33399963378903,1.1341469287872314,1182.4000244140625,40.090599060058594,17924.060546875
2015-05-08,128.82981872558594,243.86300659179688,1.1246949434280396,1189.0999755859375,40.99199676513672,18191.109375
2015-05-09,,241.83200073242188,,,,
2015-05-10,,240.29600524902344,,,,
2015-05-11,129.21066284179688,242.1580047607422,1.1194071769714355,1183.199951171875,40.6657829284668,18105.169921875
2015-05-12,128.80325317382812,241.11199951171875,1.114441990852356,1192.5999755859375,40.64861297607422,18068.23046875
2015-05-13,128.97152709960938,236.3769989013672,1.1221455335617063,1218.4000244140625,40.88898086547852,18060.490234375
2015-05-14,131.04400634765625,236.9290008544922,1.1350480318069458,1225.4000244140625,41.82471466064453,18252.240234375
2015-05-15,130.08749389648438,237.60499572753903,1.1404979228973389,1225.5,41.464149475097656,18272.560546875
2015-05-16,,236.1529998779297,,,,
2015-05-17,,236.802001953125,,,,
2015-05-18,129.9368896484375,233.1280059814453,1.144505262374878,1227.800048828125,41.21520614624024,18298.880859375
2015-05-19,130.23805236816406,231.94700622558597,1.1326183080673218,1206.9000244140625,41.11152267456055,18312.390625
2015-05-20,129.68008422851562,234.01800537109372,1.1146656274795532,1208.9000244140625,41.11152267456055,18285.400390625
2015-05-21,130.50375366210938,235.343994140625,1.1100751161575315,1204.4000244140625,40.97325897216797,18285.740234375
2015-05-22,128.254150390625,240.34800720214844,1.1111851930618286,1204.300048828125,40.52395248413086,18232.01953125
2015-05-23,,238.8719940185547,,,,
2015-05-24,,240.9530029296875,,,,
2015-05-25,,237.1100006103516,1.0992997884750366,,,
2015-05-26,126.47396087646484,237.11599731445312,1.0971167087554932,1187.199951171875,40.256107330322266,18041.5390625
2015-05-27,126.6510772705078,237.2830047607422,1.08888578414917,1185.9000244140625,41.1374397277832,18162.990234375
2015-05-28,126.05767822265624,237.4080047607422,1.0900014638900757,1188.0999755859375,40.99918746948242,18126.119140625
2015-05-29,124.45459747314452,237.0959930419922,1.0960345268249512,1189.4000244140625,40.48939895629883,18010.6796875
2015-05-30,,233.34500122070312,,,,
2015-05-31,,230.19000244140625,,,,
2015-06-01,125.10114288330078,222.92599487304688,1.0957943201065063,1188.300048828125,40.80908584594727,18040.369140625
2015-06-02,126.87245178222656,225.8029937744141,1.0922993421554563,1194.0999755859375,40.54125213623047,18011.939453125
2015-06-03,127.36844635009766,225.87399291992188,1.115001201629639,1184.699951171875,40.48076248168945,18076.26953125
2015-06-04,125.04801940917967,224.32400512695312,1.1257838010787964,1174.9000244140625,40.057376861572266,17905.580078125
2015-06-05,124.6406021118164,224.95199584960935,1.120787262916565,1167.800048828125,39.86728286743164,17849.4609375
2015-06-06,,225.61900329589844,,,,
2015-06-07,,222.8809967041016,,,,
2015-06-08,124.56087493896484,228.48899841308597,1.110814929008484,1173.199951171875,39.51301574707031,17766.55078125
2015-06-09,124.0826416015625,229.04800415039065,1.128095269203186,1177.300048828125,39.44390106201172,17764.0390625
2015-06-10,125.4288330078125,228.8029937744141,1.1299052238464355,1186.0999755859375,40.27338790893555,18000.400390625
2015-06-11,126.61566162109376,229.7050018310547,1.131196141242981,1179.9000244140625,40.126495361328125,18039.369140625
2015-06-12,126.47396087646484,229.98199462890625,1.1240627765655518,1178.800048828125,39.72039413452149,17898.83984375
2015-06-13,,232.4019927978516,,,,
2015-06-14,,233.54299926757807,,,,
2015-06-15,126.0222625732422,236.822998046875,1.1219944953918457,1185.300048828125,39.29701232910156,17791.169921875
2015-06-16,126.06653594970705,250.8950042724609,1.1277008056640625,1180.5,39.59943008422852,17904.48046875
2015-06-17,127.0318832397461,249.28399658203125,1.124201774597168,1176.4000244140625,39.72039413452149,17935.740234375
2015-06-18,128.75897216796875,249.0070037841797,1.1369967460632324,1201.5,40.368431091308594,18115.83984375
2015-06-19,128.53753662109375,244.6060028076172,1.1370742321014404,1201.5,39.83272171020508,18015.94921875
2015-06-20,,245.2120056152344,,,,
2015-06-21,,243.94400024414065,,,,
2015-06-22,129.0424041748047,246.9900054931641,1.1372941732406616,1183.699951171875,39.945045471191406,18119.779296875
2015-06-23,127.9175796508789,244.29600524902344,1.13490629196167,1176.199951171875,39.66855239868164,18144.0703125
2015-06-24,126.6510772705078,240.51499938964844,1.1172186136245728,1172.5999755859375,39.43524932861328,17966.0703125
2015-06-25,126.1639404296875,242.7989959716797,1.1206992864608765,1171.5,39.44390106201172,17890.359375
2015-06-26,126.19051361083984,243.593994140625,1.1202975511550903,1172.9000244140625,39.106910705566406,17946.6796875
2015-06-27,,250.9900054931641,,,,
2015-06-28,,249.0110015869141,,,,
2015-06-29,122.86924743652344,257.0639953613281,1.0975021123886108,1178.5,38.33790969848633,17596.349609375
2015-06-30,122.8603744506836,263.0719909667969,1.122296690940857,1171.5,38.14782333374024,17619.509765625
2015-07-01,124.6406021118164,258.6210021972656,1.1134989261627195,1169.0,38.40704345703125,17757.91015625
2015-07-02,124.18004608154295,255.41200256347656,1.103363037109375,1163.0,38.36382675170898,17730.109375
2015-07-03,,256.33599853515625,1.1086965799331665,,,
2015-07-04,,260.885986328125,,,,
2015-07-05,,271.9129943847656,,,,
2015-07-06,124.45459747314452,269.0299987792969,1.0995051860809326,1172.9000244140625,38.35519790649414,17683.580078125
2015-07-07,126.7839126586914,266.2070007324219,1.1048991680145264,1152.4000244140625,38.27741622924805,17776.91015625
2015-07-08,125.69454193115234,270.7850036621094,1.1009942293167114,1163.300048828125,38.2255973815918,17515.419921875
2015-07-09,126.47396087646484,269.2279968261719,1.1071009635925293,1159.0,38.467529296875,17548.619140625
2015-07-10,127.9618682861328,284.8940124511719,1.1063048839569092,1157.699951171875,38.545291900634766,17760.41015625
2015-07-11,,293.114990234375,,,,
2015-07-12,,310.86700439453125,,,,
2015-07-13,129.85720825195312,292.0539855957031,1.1129041910171509,1155.199951171875,39.34885787963867,17977.6796875
2015-07-14,130.85800170898438,287.4639892578125,1.099045991897583,1153.300048828125,39.417964935302734,18053.580078125
2015-07-15,130.09637451171875,285.8290100097656,1.1008002758026123,1147.199951171875,39.538944244384766,18050.169921875
2015-07-16,131.51341247558594,278.0889892578125,1.0943553447723389,1143.800048828125,40.31658554077149,18120.25
2015-07-17,130.05206298828125,279.47198486328125,1.0886012315750122,1131.800048828125,40.28202438354492,18086.44921875
2015-07-18,,274.9010009765625,,,,
2015-07-19,,273.614013671875,,,,
2015-07-20,129.94573974609375,278.9809875488281,1.0830246210098269,1106.699951171875,40.54125213623047,18100.41015625
2015-07-21,128.42242431640625,275.8330078125,1.0835410356521606,1103.4000244140625,40.85230255126953,17919.2890625
2015-07-22,129.724365234375,277.22198486328125,1.0939961671829224,1091.4000244140625,39.34885787963867,17851.0390625
2015-07-23,129.40550231933594,276.04901123046875,1.0927051305770874,1094.0,39.84137725830078,17731.919921875
2015-07-24,127.58987426757812,288.27801513671875,1.0989010334014893,1085.5999755859375,39.69447708129883,17568.529296875
2015-07-25,,288.6969909667969,,,,
2015-07-26,,292.6860046386719,,,,
2015-07-27,124.90631866455078,293.6239929199219,1.0972371101379397,1096.5,39.1846809387207,17440.58984375
2015-07-28,125.59710693359376,294.427001953125,1.109004020690918,1096.300048828125,39.176048278808594,17630.26953125
2015-07-29,127.66072845458984,289.5899963378906,1.1065986156463623,1092.699951171875,39.99689483642578,17751.390625
2015-07-30,126.65994262695312,287.72198486328125,1.098406195640564,1088.4000244140625,40.50667572021485,17745.98046875
2015-07-31,127.68730926513672,284.6499938964844,1.0939244031906128,1094.9000244140625,40.35115051269531,17689.859375
2015-08-01,,281.6010131835937,,,,
2015-08-02,,282.614013671875,,,,
2015-08-03,127.26219177246094,281.2269897460937,1.0969001054763794,1089.4000244140625,40.44620513916016,17598.19921875
2015-08-04,127.12932586669922,285.2179870605469,1.09560227394104,1090.699951171875,41.07695770263672,17550.689453125
2015-08-05,129.19723510742188,281.8819885253906,1.0888975858688354,1085.699951171875,41.11152267456055,17540.470703125
2015-08-06,128.19000244140625,278.5769958496094,1.0903104543685913,1090.199951171875,40.28202438354492,17419.75
2015-08-07,126.94215393066406,279.5849914550781,1.0927051305770874,1094.0999755859375,40.38570022583008,17373.380859375
2015-08-08,,260.9970092773437,,,,
2015-08-09,,265.0830078125,,,,
2015-08-10,130.00830078125,264.4700012207031,1.0965032577514648,1104.199951171875,40.8954963684082,17615.169921875
2015-08-11,128.39501953125,270.385986328125,1.1016976833343506,1107.5999755859375,40.1005859375,17402.83984375
2015-08-12,126.95105743408205,266.3760070800781,1.104203701019287,1123.199951171875,40.38570022583008,17402.509765625
2015-08-13,129.07241821289062,264.0799865722656,1.1160963773727417,1115.699951171875,40.377079010009766,17408.25
2015-08-14,129.32200622558594,265.67999267578125,1.1160963773727417,1112.9000244140625,40.61035537719727,17477.400390625
2015-08-15,,261.5509948730469,,,,
2015-08-16,,258.5069885253906,,,,
2015-08-17,128.7426300048828,257.9760131835937,1.1092993021011353,1118.5999755859375,40.88686752319336,17545.1796875
2015-08-18,128.88522338867188,211.07899475097656,1.107800006866455,1117.0999755859375,41.11298370361328,17511.33984375
2015-08-19,127.2095184326172,226.6840057373047,1.1030831336975098,1128.0999755859375,40.53896713256836,17348.73046875
2015-08-20,122.12901306152344,235.3500061035156,1.1118029356002808,1153.0,39.712703704833984,16990.689453125
2015-08-21,117.39608001708984,232.56900024414065,1.1236965656280518,1159.5999755859375,37.46004104614258,16459.75
2015-08-22,,230.38999938964844,,,,
2015-08-23,,228.16900634765625,,,,
2015-08-24,113.3673095703125,210.4949951171875,1.1376951932907104,1153.4000244140625,36.251102447509766,15871.349609375
2015-08-25,111.85206604003906,221.60899353027344,1.1583056449890137,1138.199951171875,35.19870376586914,15666.4404296875
2015-08-26,115.28366088867188,225.83099365234372,1.1550945043563845,1124.5999755859375,37.14693832397461,16285.509765625
2015-08-27,117.5386734008789,224.7689971923828,1.134005427360535,1122.4000244140625,38.18194580078125,16654.76953125
2015-08-28,118.75981903076172,231.39599609375,1.1247961521148682,1133.0999755859375,38.208045959472656,16643.009765625
2015-08-29,,229.77999877929688,,,,
2015-08-30,,228.7610015869141,,,,
2015-08-31,116.47802734375,230.05599975585935,1.1214030981063845,1131.5999755859375,37.85143280029297,16528.029296875
2015-09-01,113.59014892578124,228.1210021972656,1.1225864887237549,1138.699951171875,36.37285614013672,16058.349609375
2015-09-02,116.4334716796875,229.28399658203125,1.1293437480926514,1132.5,37.7122802734375,16351.3798828125
2015-09-03,116.78108215332033,227.18299865722656,1.121604323387146,1123.699951171875,37.83405685424805,16374.759765625
2015-09-04,115.65801239013672,230.29800415039065,1.1125946044921875,1120.5999755859375,37.05995941162109,16102.3798828125
2015-09-05,,235.0189971923828,,,,
2015-09-06,,239.83999633789065,,,,
2015-09-07,,239.8470001220703,1.115200161933899,,,
2015-09-08,119.2768096923828,243.60699462890625,1.1163954734802246,1120.4000244140625,38.17324447631836,16492.6796875
2015-09-09,118.23391723632812,238.16799926757807,1.1207369565963743,1102.199951171875,37.46004104614258,16253.5703125
2015-09-10,119.03610229492188,238.4770050048828,1.1220699548721311,1109.5,37.65138244628906,16330.400390625
2015-09-11,120.03435516357422,240.10699462890625,1.1290887594223022,1103.5,37.816654205322266,16433.08984375
2015-09-12,,235.22900390625,,,,
2015-09-13,,230.51199340820312,,,,
2015-09-14,119.82048034667967,230.6439971923828,1.1344043016433716,1107.699951171875,37.43396759033203,16370.9599609375
2015-09-15,121.4872589111328,230.3040008544922,1.1307612657546997,1102.800048828125,38.25151824951172,16599.849609375
2015-09-16,122.28943634033205,229.09100341796875,1.1271796226501465,1119.199951171875,38.52983093261719,16739.94921875
2015-09-17,122.51229095458984,229.80999755859372,1.12920343875885,1117.300048828125,38.486358642578125,16674.740234375
2015-09-18,121.30010223388672,232.9750061035156,1.1400948762893677,1138.0999755859375,37.816654205322266,16384.580078125
2015-09-19,,231.4929962158203,,,,
2015-09-20,,231.2120056152344,,,,
2015-09-21,121.23771667480467,227.0850067138672,1.12920343875885,1133.0999755859375,38.36458969116211,16510.189453125
2015-09-22,119.42831420898438,230.6179962158203,1.1190940141677856,1125.0,38.18194580078125,16330.4697265625
2015-09-23,117.36042785644533,230.2830047607422,1.1120749711990356,1131.5999755859375,38.155853271484375,16279.8896484375
2015-09-24,115.64909362792967,234.5290069580078,1.1189937591552734,1153.800048828125,38.19064331054688,16201.3203125
2015-09-25,116.77214813232422,235.1439971923828,1.1178929805755615,1146.0,38.21673583984375,16314.669921875
2015-09-26,,234.33999633789065,,,,
2015-09-27,,232.7570037841797,,,,
2015-09-28,114.20516204833984,239.1419982910156,1.1201720237731934,1132.0,37.65138244628906,16001.8896484375
2015-09-29,114.75778198242188,236.6869964599609,1.123103380203247,1127.0999755859375,37.78186798095703,16049.1298828125
2015-09-30,116.71868896484376,236.05999755859372,1.1255937814712524,1115.5,38.49506378173828,16284.7001953125
2015-10-01,116.41564178466795,237.5489959716797,1.11720609664917,1114.199951171875,38.79946517944336,16272.009765625
2015-10-02,118.15371704101562,237.29299926757807,1.1193444728851318,1137.0999755859375,39.63442993164063,16472.369140625
2015-10-03,,238.72999572753903,,,,
2015-10-04,,238.25900268554688,,,,
2015-10-05,119.45504760742188,240.38299560546875,1.1226998567581177,1138.0999755859375,40.55636215209961,16776.4296875
2015-10-06,119.99874877929688,246.06300354003903,1.1195199489593506,1146.800048828125,40.66073989868164,16790.189453125
2015-10-07,122.12901306152344,242.968994140625,1.1267986297607422,1149.0,40.70421600341797,16912.2890625
2015-10-08,123.92948150634766,242.3040008544922,1.1239995956420898,1144.699951171875,41.26955032348633,17050.75
2015-10-09,124.51775360107422,243.93099975585935,1.1286935806274414,1156.300048828125,40.97384643554688,17084.490234375
2015-10-10,,244.9409942626953,,,,
2015-10-11,,247.0500030517578,,,,
2015-10-12,125.39128875732422,245.30799865722656,1.1369967460632324,1164.9000244140625,40.87815856933594,17131.859375
2015-10-13,125.04364013671876,249.50799560546875,1.135550618171692,1165.800048828125,40.78247833251953,17081.890625
2015-10-14,119.63329315185548,251.98899841308597,1.138498306274414,1180.0999755859375,40.59984588623047,16924.75
2015-10-15,122.45879364013672,254.32000732421875,1.147552251815796,1187.9000244140625,40.88684844970703,17141.75
2015-10-16,122.64599609375,262.8689880371094,1.1368157863616943,1183.5999755859375,41.32173538208008,17215.970703125
2015-10-17,,270.6400146484375,,,,
2015-10-18,,261.6430053710937,,,,
2015-10-19,123.37684631347656,263.43701171875,1.1361054182052612,1173.300048828125,41.41740798950195,17230.5390625
2015-10-20,123.78688049316406,269.4630126953125,1.132900595664978,1178.0,41.54786682128906,17217.109375
2015-10-21,125.84584045410156,266.2720031738281,1.1353960037231443,1167.5999755859375,41.05210494995117,17168.609375
2015-10-22,130.409423828125,274.02301025390625,1.134803295135498,1166.5999755859375,41.77400207519531,17489.16015625
2015-10-23,130.75701904296875,276.4960021972656,1.108094573020935,1163.300048828125,45.98358917236328,17646.69921875
2015-10-24,,281.65399169921875,,,,
2015-10-25,,283.67999267578125,,,,
2015-10-26,130.75701904296875,285.29998779296875,1.1020376682281494,1167.0,47.183841705322266,17623.05078125
2015-10-27,132.3257598876953,293.7879943847656,1.1065986156463623,1166.800048828125,46.69677734375,17581.4296875
2015-10-28,131.80880737304688,304.6180114746094,1.1037039756774902,1177.0999755859375,46.94900894165039,17779.51953125
2015-10-29,131.1848602294922,313.8550109863281,1.0928961038589478,1147.199951171875,46.409767150878906,17755.80078125
2015-10-30,131.97811889648438,328.0150146484375,1.099384307861328,1141.5,45.78355407714844,17663.5390625
2015-10-31,,314.1659851074219,,,,
2015-11-01,,325.4309997558594,,,,
2015-11-02,132.2722625732422,361.1889953613281,1.102596640586853,1135.800048828125,46.30538558959961,17828.759765625
2015-11-03,131.99594116210938,403.4169921875,1.1016006469726562,1114.199951171875,47.09687042236328,17918.150390625
2015-11-04,132.9017791748047,411.56298828125,1.0963950157165527,1106.5,47.31429672241211,17867.580078125
2015-11-05,132.70445251464844,386.35400390625,1.086802959442139,1104.4000244140625,47.296905517578125,17863.4296875
2015-11-06,132.6775360107422,374.4700012207031,1.0883997678756714,1087.5999755859375,47.76657104492188,17910.330078125
2015-11-07,,386.4819946289063,,,,
2015-11-08,,373.3680114746094,,,,
2015-11-09,130.9197235107422,380.2569885253906,1.0733413696289062,1087.9000244140625,47.105567932128906,17730.48046875
2015-11-10,130.17539978027344,336.8190002441406,1.0759514570236206,1088.199951171875,46.54022216796875,17758.2109375
2015-11-11,130.03189086914062,311.0840148925781,1.0737563371658323,1084.699951171875,46.6619873046875,17702.220703125
2015-11-12,127.83464050292967,338.1520080566406,1.0762988328933716,1080.800048828125,46.37496566772461,17448.0703125
2015-11-13,127.87948608398438,336.75299072265625,1.0815019607543943,1080.800048828125,45.95748901367188,17245.240234375
2015-11-14,,332.906005859375,,,,
2015-11-15,,320.1659851074219,,,,
2015-11-16,129.52069091796875,330.7510070800781,1.06999933719635,1083.699951171875,46.76634216308594,17483.009765625
2015-11-17,131.00946044921875,335.093994140625,1.068798542022705,1068.699951171875,46.38109588623047,17489.5
2015-11-18,132.98245239257812,334.5899963378906,1.064384698867798,1068.800048828125,47.15162658691406,17737.16015625
2015-11-19,133.8434600830078,326.14898681640625,1.066996693611145,1078.0,47.23043441772461,17732.75
2015-11-20,133.9869384765625,322.0220031738281,1.0726161003112793,1076.4000244140625,47.449337005615234,17823.810546875
2015-11-21,,326.927001953125,,,,
2015-11-22,,324.5360107421875,,,,
2015-11-23,133.03627014160156,323.0459899902344,1.0641014575958252,1066.800048828125,47.449337005615234,17792.6796875
2015-11-24,133.3142852783203,320.0459899902344,1.0642033815383911,1074.300048828125,47.50187301635742,17812.189453125
2015-11-25,132.22015380859375,328.2059936523437,1.064384698867798,1070.5,47.011531829833984,17813.390625
2015-11-26,,352.6839904785156,1.0624960660934448,,,
2015-11-27,131.7896728515625,358.0419921875,1.0604453086853027,1056.199951171875,47.22168350219727,17813.390625
2015-11-28,,357.3810119628906,,,,
2015-11-29,,371.29400634765625,,,,
2015-11-30,130.44442749023438,377.3210144042969,1.05830180644989,1065.800048828125,47.58942031860352,17719.919921875
2015-12-01,132.4982147216797,362.4880065917969,1.0572947263717651,1063.800048828125,48.35121536254883,17888.349609375
2015-12-02,131.79864501953125,359.18701171875,1.0625863075256348,1054.199951171875,48.34244918823242,17729.6796875
2015-12-03,130.54307556152344,361.0459899902344,1.0613007545471191,1061.699951171875,47.45808029174805,17477.669921875
2015-12-04,133.1797637939453,363.1830139160156,1.0915957689285278,1084.5,48.95539093017578,17847.630859375
2015-12-05,,388.9490051269531,,,,
2015-12-06,,388.7829895019531,,,,
2015-12-07,133.1349334716797,395.5360107421875,1.0883997678756714,1076.4000244140625,48.867820739746094,17730.509765625
2015-12-08,130.03189086914062,415.56298828125,1.0834001302719116,1076.300048828125,48.85031127929688,17568.0
2015-12-09,129.35926818847656,417.56298828125,1.0893957614898682,1077.5999755859375,48.14106750488281,17492.30078125
2015-12-10,131.3053741455078,415.47900390625,1.1017948389053345,1073.0999755859375,48.39499282836914,17574.75
2015-12-11,129.7000732421875,451.93798828125,1.0948106050491333,1076.9000244140625,47.33550643920898,17265.2109375
2015-12-12,,434.99700927734375,,,,
2015-12-13,,433.7550048828125,,,,
2015-12-14,128.24720764160156,444.1820068359375,1.0983941555023191,1064.699951171875,48.28116607666016,17368.5
2015-12-15,131.41302490234375,465.3210144042969,1.0992997884750366,1062.9000244140625,48.33370971679688,17524.91015625
2015-12-16,132.8300018310547,454.9339904785156,1.0936251878738403,1078.0,49.14801406860352,17749.08984375
2015-12-17,130.54307556152344,456.0780029296875,1.087453007698059,1050.800048828125,48.77151107788086,17495.83984375
2015-12-18,125.17999267578124,463.6159973144531,1.0844104290008545,1066.199951171875,47.39680099487305,17128.55078125
2015-12-19,,462.3219909667969,,,,
2015-12-20,,442.68499755859375,,,,
2015-12-21,126.36383819580078,438.6390075683594,1.0869920253753662,1081.9000244140625,48.00971984863281,17251.619140625
2015-12-22,127.691162109375,436.5719909667969,1.09129798412323,1074.800048828125,48.46504211425781,17417.26953125
2015-12-23,129.1978302001953,442.4010009765625,1.0950024127960205,1069.4000244140625,48.87657928466797,17602.609375
2015-12-24,128.72250366210938,454.9849853515625,1.0909169912338257,1077.199951171875,48.7452507019043,17552.169921875
2015-12-25,,455.6530151367188,1.0969964265823364,,,
2015-12-26,,417.2739868164063,,,,
2015-12-27,,422.822998046875,,,,
2015-12-28,129.62831115722656,422.2789916992188,1.0965994596481323,1070.5,48.99040603637695,17528.26953125
2015-12-29,132.14842224121094,432.9830017089844,1.0975261926651,1077.5,49.51577377319336,17720.98046875
2015-12-30,131.3053741455078,426.6199951171875,1.0928006172180176,1060.0999755859375,49.30563735961914,17603.869140625
2015-12-31,129.67315673828125,430.5669860839844,1.093398094177246,1060.300048828125,48.5788688659668,17425.029296875
2016-01-01,,434.3340148925781,1.0859060287475586,,,
2016-01-02,,433.43798828125,,,,
2016-01-03,,430.010986328125,,,,
2016-01-04,126.00511932373048,433.0910034179688,1.085399150848389,1075.0999755859375,47.98345947265625,17148.939453125
2016-01-05,126.51632690429688,431.9599914550781,1.0827549695968628,1078.4000244140625,48.20236206054688,17158.66015625
2016-01-06,124.50739288330078,429.1050109863281,1.0751993656158447,1091.9000244140625,47.32674026489258,16906.509765625
2016-01-07,119.28782653808594,458.0480041503906,1.0778998136520386,1107.699951171875,45.68060302734375,16514.099609375
2016-01-08,116.57937622070312,453.2300109863281,1.0925976037979126,1097.800048828125,45.82070159912109,16346.4501953125
2016-01-09,,447.6109924316406,,,,
2016-01-10,,447.9909973144531,,,,
2016-01-11,116.77667999267578,448.4280090332031,1.0941038131713867,1096.5,45.79441833496094,16398.5703125
2016-01-12,118.31027221679688,435.6900024414063,1.0857999324798584,1085.5999755859375,46.2147216796875,16516.220703125
2016-01-13,114.90230560302734,432.3710021972656,1.0843987464904783,1087.5,45.21653366088867,16151.41015625
2016-01-14,115.87090301513672,430.3059997558594,1.0886012315750122,1073.9000244140625,46.50366973876953,16379.0498046875
2016-01-15,112.66918182373048,364.33099365234375,1.085894227027893,1091.5,44.64739227294922,15988.080078125
2016-01-16,,387.5360107421875,,,,
2016-01-17,,382.2990112304688,,,,
2016-01-18,,387.1679992675781,1.0920010805130005,,,
2016-01-19,113.05482482910156,380.1489868164063,1.0895025730133057,1089.9000244140625,44.27086639404297,16016.01953125
2016-01-20,109.53923797607422,420.2300109863281,1.09129798412323,1107.0999755859375,44.47226333618164,15766.740234375
2016-01-21,110.66926574707033,410.2619934082031,1.0877013206481934,1099.0999755859375,44.20082092285156,15882.6796875
2016-01-22,111.75442504882812,382.4920043945313,1.0862009525299072,1097.199951171875,45.785675048828125,16093.509765625
2016-01-23,,387.4909973144531,,,,
2016-01-24,,402.9710083007813,,,,
2016-01-25,111.21632385253906,391.72601318359375,1.079901933670044,1106.199951171875,45.34786605834961,15885.2197265625
2016-01-26,114.8036651611328,392.1530151367188,1.0853049755096436,1121.699951171875,45.68060302734375,16167.23046875
2016-01-27,104.55284118652344,394.9719848632813,1.086495876312256,1116.0999755859375,44.84878158569336,15944.4599609375
2016-01-28,105.83531951904295,380.28900146484375,1.090798020362854,1115.5999755859375,45.58429336547852,16069.6396484375
2016-01-29,107.73661041259766,379.4739990234375,1.0936970710754397,1116.4000244140625,48.23738861083984,16466.30078125
2016-01-30,,378.2550048828125,,,,
2016-01-31,,368.7669982910156,,,,
2016-02-01,109.01907348632812,373.0559997558594,1.0825908184051514,1127.9000244140625,47.90465545654297,16449.1796875
2016-02-02,105.39588165283205,374.447998046875,1.0897282361984253,1127.300048828125,46.40736389160156,16153.5400390625
2016-02-03,109.29708099365234,369.9490051269531,1.0922038555145264,1141.300048828125,45.67184829711914,16336.66015625
2016-02-04,110.85758972167967,389.593994140625,1.1091023683547974,1157.5999755859375,45.53173828125,16416.580078125
2016-02-05,109.91590118408205,386.5490112304688,1.119996428489685,1157.800048828125,43.92062377929688,16204.9697265625
2016-02-06,,376.5220031738281,,,,
2016-02-07,,376.6199951171875,,,,
2016-02-08,107.14469909667967,373.4469909667969,1.114504098892212,1197.9000244140625,43.26390838623047,16027.0498046875
2016-02-09,106.6155776977539,376.0289916992188,1.1189812421798706,1198.699951171875,43.15008163452149,16014.3798828125
2016-02-10,105.32123565673828,381.6489868164063,1.1289994716644287,1194.699951171875,43.5265998840332,15914.740234375
2016-02-11,98.152587890625,379.6539916992188,1.128095269203186,1247.9000244140625,43.50908660888672,15660.1796875
2016-02-12,98.3245620727539,384.2630004882813,1.1317979097366333,1239.0999755859375,44.21832656860352,15973.83984375
2016-02-13,,391.8599853515625,,,,
2016-02-14,,407.2300109863281,,,,
2016-02-15,,400.18499755859375,1.1225990056991575,,,
2016-02-16,101.91793823242188,407.4880065917969,1.1174057722091677,1207.9000244140625,45.05613708496094,16196.41015625
2016-02-17,105.30311584472656,416.3219909667969,1.1147029399871826,1211.0999755859375,46.22905731201172,16453.830078125
2016-02-18,106.41644287109376,422.37298583984375,1.112297534942627,1226.0999755859375,46.02622604370117,16413.4296875
2016-02-19,104.23506927490234,420.7850036621094,1.1110987663269043,1230.4000244140625,45.69991683959961,16391.990234375
2016-02-20,,437.16400146484375,,,,
2016-02-21,,438.7980041503906,,,,
2016-02-22,106.25350952148438,437.74798583984375,1.1123965978622437,1209.5,46.431888580322266,16620.66015625
2016-02-23,105.8100128173828,420.7359924316406,1.102803349494934,1222.300048828125,45.13551712036133,16431.779296875
2016-02-24,104.62427520751952,424.9549865722656,1.1027060747146606,1238.699951171875,45.294246673583984,16484.990234375
2016-02-25,105.7375946044922,424.54400634765625,1.1013944149017334,1238.199951171875,45.94685363769531,16697.2890625
2016-02-26,106.95047760009766,432.1520080566406,1.1024993658065796,1219.800048828125,45.2413444519043,16639.970703125
2016-02-27,,432.5190124511719,,,,
2016-02-28,,433.5039978027344,,,,
2016-02-29,106.96856689453124,437.6969909667969,1.0923947095870972,1233.9000244140625,44.87094497680664,16516.5
2016-03-01,108.5797119140625,435.12298583984375,1.0888975858688354,1230.300048828125,46.37017059326172,16865.080078125
2016-03-02,108.2991180419922,423.989013671875,1.0875948667526243,1241.0999755859375,46.69646835327149,16899.3203125
2016-03-03,108.26290130615234,421.6510009765625,1.086897373199463,1257.4000244140625,46.16732025146485,16943.900390625
2016-03-04,109.58440399169922,410.9389953613281,1.094894528388977,1269.9000244140625,45.88511276245117,17006.76953125
2016-03-05,,400.5700073242188,,,,
2016-03-06,,407.7070007324219,,,,
2016-03-07,111.24079895019533,414.3210144042969,1.0993964672088623,1263.199951171875,45.003211975097656,17073.94921875
2016-03-08,110.74295806884766,413.9719848632813,1.1016006469726562,1262.0999755859375,45.55000686645508,16964.099609375
2016-03-09,111.20459747314452,414.8599853515625,1.1004005670547483,1256.5999755859375,46.59946060180664,17000.359375
2016-03-10,111.27699279785156,417.1310119628906,1.0989010334014893,1272.0,45.90275192260742,16995.130859375
2016-03-11,112.8066864013672,421.6900024414063,1.1178430318832395,1258.699951171875,46.80229187011719,17213.310546875
2016-03-12,,411.6239929199219,,,,
2016-03-13,,414.0650024414063,,,,
2016-03-14,114.35445404052734,416.43798828125,1.1167943477630615,1244.4000244140625,46.890472412109375,17229.130859375
2016-03-15,114.37255096435548,416.8299865722656,1.1101982593536377,1230.4000244140625,47.260887145996094,17251.529296875
2016-03-16,115.4677505493164,417.010986328125,1.1109012365341189,1229.300048828125,47.93112564086914,17325.759765625
2016-03-17,118.30081176757812,420.6210021972656,1.1218937635421753,1264.5,48.20451354980469,17481.490234375
2016-03-18,121.2515869140625,409.5480041503906,1.1317979097366333,1253.800048828125,47.17268753051758,17602.30078125
2016-03-19,,410.4440002441406,,,,
2016-03-20,,413.7550048828125,,,,
2016-03-21,122.9713134765625,413.3070068359375,1.1279042959213257,1243.800048828125,47.49898910522461,17623.869140625
2016-03-22,122.301513671875,418.0889892578125,1.1235954761505127,1248.199951171875,47.68418502807617,17582.5703125
2016-03-23,120.25591278076172,418.0409851074219,1.122296690940857,1223.699951171875,47.596004486083984,17502.58984375
2016-03-24,119.58611297607422,416.3940124511719,1.118105411529541,1221.4000244140625,47.807655334472656,17515.73046875
2016-03-25,,417.177001953125,1.1167943477630615,,,
2016-03-26,,417.9450073242188,,,,
2016-03-27,,426.7650146484375,,,,
2016-03-28,118.83485412597656,424.2309875488281,1.1159967184066772,1219.9000244140625,47.216796875,17535.390625
2016-03-29,118.46375274658205,416.5159912109375,1.1202723979949951,1235.5999755859375,48.24860382080078,17633.109375
2016-03-30,116.38195037841795,414.8160095214844,1.12920343875885,1226.9000244140625,48.5484504699707,17716.66015625
2016-03-31,114.89752960205078,416.72900390625,1.1334655284881592,1234.199951171875,48.70719528198242,17685.08984375
2016-04-01,114.9156265258789,417.9599914550781,1.1379671096801758,1222.199951171875,49.00703430175781,17792.75
2016-04-02,,420.87298583984375,,,,
2016-04-03,,420.9039916992188,,,,
2016-04-04,114.35445404052734,421.4440002441406,1.1390039920806885,1218.0,48.88357925415039,17737.0
2016-04-05,114.97898864746094,424.0299987792969,1.1389002799987793,1228.4000244140625,48.11631774902344,17603.3203125
2016-04-06,115.79361724853516,423.4129943847656,1.138200283050537,1222.5,48.61017990112305,17716.05078125
2016-04-07,114.95185089111328,422.7449951171875,1.1404979228973389,1236.199951171875,48.02812194824219,17541.9609375
2016-04-08,115.74835968017578,420.3489990234375,1.1373976469039917,1242.5,47.99285888671875,17576.9609375
2016-04-09,,419.4110107421875,,,,
2016-04-10,,421.5639953613281,,,,
2016-04-11,115.77552032470705,422.4830017089844,1.1403028964996338,1256.699951171875,47.89585494995117,17556.41015625
2016-04-12,117.18751525878906,425.1900024414063,1.141291856765747,1259.4000244140625,48.195682525634766,17721.25
2016-04-13,118.69908142089844,423.7340087890625,1.138498306274414,1246.800048828125,48.81301498413086,17908.279296875
2016-04-14,118.43661499023438,424.2820129394531,1.1279042959213257,1225.0,48.82184982299805,17926.4296875
2016-04-15,118.69003295898438,429.7130126953125,1.1270017623901367,1233.0999755859375,49.077579498291016,17897.4609375
2016-04-16,,430.5719909667969,,,,
2016-04-17,,427.3989868164063,,,,
2016-04-18,119.45034790039062,428.5910034179688,1.1299946308135986,1233.5999755859375,49.79191970825195,18004.16015625
2016-04-19,120.09300231933594,435.5090026855469,1.1309019327163696,1253.0,49.73019027709961,18053.599609375
2016-04-20,118.18318176269533,441.3890075683594,1.1359634399414062,1253.199951171875,49.02468490600586,18096.26953125
2016-04-21,118.3370361328125,449.4249877929688,1.1305055618286133,1249.0,49.192230224609375,17982.51953125
2016-04-22,118.61762237548828,445.7369995117188,1.12920343875885,1228.699951171875,45.664642333984375,18003.75
2016-04-23,,450.2820129394531,,,,
2016-04-24,,458.5549926757813,,,,
2016-04-25,118.3460922241211,461.4259948730469,1.123406171798706,1238.9000244140625,45.95568084716797,17977.240234375
2016-04-26,120.5998764038086,466.0889892578125,1.1269001960754397,1242.199951171875,45.36481475830078,17990.3203125
2016-04-27,124.07557678222656,444.68701171875,1.1299052238464355,1249.199951171875,44.92384719848633,18041.55078125
2016-04-28,122.0119171142578,449.010986328125,1.132900595664978,1265.5,44.00667572021485,17830.759765625
2016-04-29,122.0119171142578,455.0969848632813,1.135589361190796,1289.199951171875,43.9802131652832,17773.640625
2016-04-30,,448.3179931640625,,,,
2016-05-01,,451.875,,,,
2016-05-02,121.29680633544922,444.66900634765625,1.146302580833435,1294.699951171875,44.63282012939453,17891.16015625
2016-05-03,119.9210205078125,450.3039855957031,1.1524986028671265,1290.699951171875,43.900840759277344,17750.91015625
2016-05-04,118.47281646728516,446.7219848632813,1.1504037380218506,1273.300048828125,43.9802131652832,17651.259765625
2016-05-05,119.54991149902344,447.97601318359375,1.1493064165115356,1271.4000244140625,44.04196548461914,17660.7109375
2016-05-06,120.61798095703124,459.6029968261719,1.1406019926071167,1292.9000244140625,44.43880844116211,17740.630859375
2016-05-07,,458.5360107421875,,,,
2016-05-08,,458.5480041503906,,,,
2016-05-09,119.56800079345705,460.4830017089844,1.13879656791687,1265.5999755859375,44.15660858154297,17705.91015625
2016-05-10,121.93946838378906,450.8949890136719,1.13879656791687,1263.9000244140625,44.994407653808594,17928.349609375
2016-05-11,121.36458587646484,452.7279968261719,1.1374363899230957,1274.5999755859375,45.02086639404297,17711.119140625
2016-05-12,122.66033935546876,454.7659912109375,1.142700433731079,1270.300048828125,45.42653274536133,17720.5
2016-05-13,120.56156158447266,455.6700134277344,1.1376951932907104,1271.9000244140625,45.04731750488281,17535.3203125
2016-05-14,,455.6709899902344,,,,
2016-05-15,,457.5679931640625,,,,
2016-05-16,122.40485382080078,454.1629943847656,1.1316953897476196,1273.4000244140625,45.7087516784668,17710.7109375
2016-05-17,120.96306610107422,453.7829895019531,1.1316057443618774,1276.199951171875,44.85619354248047,17529.98046875
2016-05-18,119.53042602539062,454.6189880371094,1.1316057443618774,1273.699951171875,45.12261581420898,17526.619140625
2016-05-19,116.87501525878906,438.7149963378906,1.122296690940857,1254.199951171875,44.68746566772461,17435.400390625
2016-05-20,116.24535369873048,442.6759948730469,1.1205987930297852,1252.4000244140625,44.95388412475586,17500.939453125
2016-05-21,,443.18798828125,,,,
2016-05-22,,439.322998046875,,,,
2016-05-23,116.41873168945312,444.1549987792969,1.1221708059310913,1251.0999755859375,44.42992782592773,17492.9296875
2016-05-24,116.3457489013672,445.9809875488281,1.121604323387146,1228.9000244140625,45.81529998779297,17706.05078125
2016-05-25,117.5867691040039,449.5989990234375,1.113796591758728,1223.5,46.28598785400391,17851.509765625
2016-05-26,117.99738311767578,453.3840026855469,1.1158970594406128,1220.0999755859375,46.08172225952149,17828.2890625
2016-05-27,117.91526794433594,473.4639892578125,1.1192066669464111,1213.800048828125,46.46358871459961,17873.220703125
2016-05-28,,530.0399780273438,,,,
2016-05-29,,526.2329711914062,,,,
2016-05-30,,533.864013671875,1.1110000610351562,,,
2016-05-31,115.11384582519533,531.385986328125,1.1148396730422974,1214.800048828125,47.06748580932617,17787.19921875
2016-06-01,115.35110473632812,536.9199829101562,1.113598108291626,1211.9000244140625,46.934268951416016,17789.669921875
2016-06-02,115.75260162353516,537.9719848632812,1.1189061403274536,1209.800048828125,46.60568618774414,17838.560546875
2016-06-03,116.23623657226562,569.1939697265625,1.115200161933899,1240.0999755859375,45.99293518066406,17807.060546875
2016-06-04,,572.7269897460938,,,,
2016-06-05,,574.9769897460938,,,,
2016-06-06,120.3608169555664,585.5369873046875,1.1350995302200315,1244.5999755859375,46.29486083984375,17920.330078125
2016-06-07,120.3881607055664,576.5969848632812,1.1364023685455322,1244.4000244140625,46.26822280883789,17938.279296875
2016-06-08,121.36458587646484,581.64501953125,1.1357828378677368,1259.800048828125,46.21493148803711,18005.05078125
2016-06-09,121.45580291748048,574.6300048828125,1.140706181526184,1270.199951171875,45.84193801879883,17985.189453125
2016-06-10,119.66727447509766,577.469970703125,1.131503343582153,1273.4000244140625,45.71761322021485,17865.33984375
2016-06-11,,606.7269897460938,,,,
2016-06-12,,672.7839965820312,,,,
2016-06-13,118.55403137207033,704.3759765625,1.1239995956420898,1284.4000244140625,44.52760314941406,17732.48046875
2016-06-14,119.08329010009766,685.5590209960938,1.1291015148162842,1285.5999755859375,44.25230407714844,17674.8203125
2016-06-15,118.77303314208984,694.468994140625,1.1213024854660034,1285.800048828125,44.12798309326172,17640.169921875
2016-06-16,118.05213165283205,766.3079833984375,1.1262656450271606,1296.0999755859375,44.749629974365234,17733.099609375
2016-06-17,118.46278381347656,748.9089965820312,1.1252011060714722,1292.5,44.51873779296875,17675.16015625
2016-06-18,,756.2269897460938,,,,
2016-06-19,,763.781005859375,,,,
2016-06-20,121.13644409179688,737.2260131835938,1.13490629196167,1290.0,44.4654541015625,17804.869140625
2016-06-21,120.0140609741211,666.6519775390625,1.1322976350784302,1270.5,45.46006774902344,17829.73046875
2016-06-22,120.2421875,596.1160278320312,1.1250618696212769,1268.0,45.28247833251953,17780.830078125
2016-06-23,121.866455078125,623.9769897460938,1.1328235864639282,1261.199951171875,46.09948348999024,18011.0703125
2016-06-24,115.45147705078124,665.2990112304688,1.1324002742767334,1320.0,44.25230407714844,17400.75
2016-06-25,,665.1229858398438,,,,
2016-06-26,,629.3670043945312,,,,
2016-06-27,111.96566772460938,655.2750244140625,1.103594422340393,1322.5,43.00902557373047,17140.240234375
2016-06-28,113.05155181884766,647.0009765625,1.1015034914016724,1315.300048828125,43.90596008300781,17409.720703125
2016-06-29,115.88035583496094,639.8900146484375,1.1073951721191406,1323.9000244140625,44.88282775878906,17694.6796875
2016-06-30,118.5083999633789,673.3369750976562,1.1128050088882446,1318.4000244140625,45.44231796264648,17929.990234375
2016-07-01,118.34415435791016,676.2960205078125,1.1106051206588743,1336.699951171875,45.433441162109375,17949.369140625
2016-07-02,,703.7020263671875,,,,
2016-07-03,,658.6640014648438,,,,
2016-07-04,,683.6619873046875,1.1131023168563845,,,
2016-07-05,115.8621063232422,670.6270141601562,1.1146035194396973,1356.4000244140625,45.44231796264648,17840.619140625
2016-07-06,115.85298919677734,677.3309936523438,1.1065007448196411,1364.9000244140625,45.62881851196289,17918.619140625
2016-07-07,116.04460144042967,640.56201171875,1.1099025011062622,1360.0999755859375,45.62881851196289,17895.880859375
2016-07-08,118.70915985107422,666.5230102539062,1.1065741777420044,1356.5999755859375,46.445831298828125,18146.740234375
2016-07-09,,650.9600219726562,,,,
2016-07-10,,649.3599853515625,,,,
2016-07-11,120.48855590820312,647.6589965820312,1.1043988466262815,1355.0,46.70337677001953,18226.9296875
2016-07-12,119.36617279052734,664.551025390625,1.1058032512664795,1334.0999755859375,47.25397491455078,18347.669921875
2016-07-13,118.72740936279295,654.468017578125,1.1062926054000854,1342.4000244140625,47.520389556884766,18372.119140625
2016-07-14,120.04142761230467,658.0780029296875,1.1094961166381836,1331.300048828125,47.72465515136719,18506.41015625
2016-07-15,120.80795288085938,663.2550048828125,1.1106051206588743,1326.5,47.68913269042969,18516.55078125
2016-07-16,,660.7670288085938,,,,
2016-07-17,,679.458984375,,,,
2016-07-18,121.7569580078125,673.1060180664062,1.1053143739700315,1328.4000244140625,47.920021057128906,18533.05078125
2016-07-19,122.87935638427734,672.864013671875,1.1071866750717163,1331.5,47.14740753173828,18559.009765625
2016-07-20,122.93411254882812,665.6849975585938,1.1013579368591309,1318.800048828125,49.6517448425293,18595.029296875
2016-07-21,121.84821319580078,665.0120239257812,1.1019526720046997,1330.5,49.55405807495117,18517.23046875
2016-07-22,121.79345703125,650.6190185546875,1.1032899618148804,1323.0999755859375,50.23786926269531,18570.849609375
2016-07-23,,655.5560302734375,,,,
2016-07-24,,661.2849731445312,,,,
2016-07-25,121.3098373413086,654.0969848632812,1.097044587135315,1319.300048828125,50.37996292114258,18493.060546875
2016-07-26,123.052734375,651.7839965820312,1.09911847114563,1320.699951171875,50.40660858154297,18473.75
2016-07-27,124.06562042236328,654.3519897460938,1.098780393600464,1326.5999755859375,49.900421142578125,18472.169921875
2016-07-28,121.37370300292967,655.0349731445312,1.1073460578918457,1332.300048828125,49.91816329956055,18456.349609375
2016-07-29,121.96685028076172,656.9920043945312,1.108438491821289,1349.0,50.3355598449707,18432.240234375
2016-07-30,,655.0469970703125,,,,
2016-07-31,,624.6810302734375,,,,
2016-08-01,121.5561981201172,606.27197265625,1.1168068647384644,1351.4000244140625,50.24676132202149,18404.509765625
2016-08-02,120.0870590209961,547.4650268554688,1.1168068647384644,1364.4000244140625,50.24676132202149,18313.76953125
2016-08-03,120.33341979980467,566.35498046875,1.121906280517578,1356.0999755859375,50.59309387207031,18355.0
2016-08-04,119.73119354248048,578.2890014648438,1.1151504516601562,1358.800048828125,50.96608352661133,18352.05078125
2016-08-05,120.2056884765625,575.0430297851562,1.1134741306304932,1336.4000244140625,51.472286224365234,18543.529296875
2016-08-06,,587.7780151367188,,,,
2016-08-07,,592.6900024414062,,,,
2016-08-08,120.6254425048828,591.0540161132812,1.1089547872543335,1333.4000244140625,51.56110382080078,18529.2890625
2016-08-09,121.01780700683594,587.801025390625,1.108364820480347,1339.0,51.68540191650391,18533.05078125
2016-08-10,121.70787811279295,592.10302734375,1.111580491065979,1344.300048828125,51.52556991577149,18495.66015625
2016-08-11,122.37035369873048,589.1199951171875,1.1186434030532837,1342.5,51.77423477172852,18613.51953125
2016-08-12,122.46234130859376,587.5590209960938,1.113908290863037,1335.800048828125,51.45452499389648,18576.470703125
2016-08-13,,585.5880126953125,,,,
2016-08-14,,570.4730224609375,,,,
2016-08-15,123.8976821899414,567.239990234375,1.1166945695877075,1340.300048828125,51.614383697509766,18636.05078125
2016-08-16,124.21048736572266,577.4390258789062,1.11840558052063,1350.5,51.32841491699219,18552.01953125
2016-08-17,123.95287322998048,573.2160034179688,1.1275991201400757,1342.699951171875,51.4356575012207,18573.939453125
2016-08-18,124.21048736572266,574.3179931640625,1.1298924684524536,1351.199951171875,51.47139739990234,18597.69921875
2016-08-19,123.69525146484376,575.6300048828125,1.1349449157714844,1340.4000244140625,51.48927688598633,18552.5703125
2016-08-20,,581.697021484375,,,,
2016-08-21,,581.3079833984375,,,,
2016-08-22,124.2012939453125,586.7529907226562,1.1298158168792725,1337.699951171875,51.53395080566406,18529.419921875
2016-08-23,123.4192352294922,583.4149780273438,1.1319260597229004,1340.5999755859375,51.73053741455078,18547.30078125
2016-08-24,122.63714599609376,580.1820068359375,1.1300839185714722,1324.4000244140625,51.78416442871094,18481.48046875
2016-08-25,122.35193634033205,577.760986328125,1.1263798475265503,1320.0999755859375,51.980751037597656,18448.41015625
2016-08-26,121.661865234375,579.6510009765625,1.1290504932403564,1321.5,51.85564422607422,18395.400390625
2016-08-27,,569.947021484375,,,,
2016-08-28,,573.9119873046875,,,,
2016-08-29,122.27830505371094,574.1069946289062,1.1199462413787842,1322.9000244140625,51.91819381713867,18502.990234375
2016-08-30,120.35536193847656,577.5029907226562,1.1192818880081177,1311.699951171875,51.73053741455078,18454.30078125
2016-08-31,119.10405731201172,575.4719848632812,1.1153244972229004,1306.9000244140625,51.346290588378906,18400.880859375
2016-09-01,119.5180892944336,572.302978515625,1.116071343421936,1312.199951171875,51.46246337890625,18419.30078125
2016-09-02,120.6773910522461,575.5369873046875,1.1200717687606812,1322.0999755859375,51.53395080566406,18491.9609375
2016-09-03,,598.2119750976562,,,,
2016-09-04,,608.6339721679688,,,,
2016-09-05,,606.5900268554688,1.1161960363388062,,,
2016-09-06,122.36113739013672,610.4359741210938,1.1153244972229004,1349.4000244140625,51.4803466796875,18538.119140625
2016-09-07,122.0391082763672,614.5440063476562,1.1253657341003418,1344.300048828125,51.5250129699707,18526.140625
2016-09-08,122.27830505371094,626.3159790039062,1.1241008043289185,1336.800048828125,51.31948852539063,18479.91015625
2016-09-09,118.2575912475586,622.8610229492188,1.1271415948867798,1330.0999755859375,50.22928237915039,18085.44921875
2016-09-10,,623.5089721679688,,,,
2016-09-11,,606.718994140625,,,,
2016-09-12,119.72051239013672,608.2429809570312,1.1241133213043213,1321.0,50.97991943359375,18325.0703125
2016-09-13,118.4691925048828,609.2410278320312,1.124353528022766,1319.0,50.515254974365234,18066.75
2016-09-14,117.46631622314452,610.6840209960938,1.12186861038208,1321.5,50.273963928222656,18034.76953125
2016-09-15,117.55833435058594,607.155029296875,1.1247328519821167,1313.5,51.10502624511719,18212.48046875
2016-09-16,116.57383728027344,606.9730224609375,1.124593734741211,1305.800048828125,51.15864562988281,18123.80078125
2016-09-17,,605.9840087890625,,,,
2016-09-18,,609.8740234375,,,,
2016-09-19,117.29151153564452,609.2269897460938,1.11584734916687,1313.5,50.8726921081543,18120.169921875
2016-09-20,117.57672119140624,608.31201171875,1.118067979812622,1313.699951171875,50.76546478271485,18129.9609375
2016-09-21,120.12535095214844,597.1489868164062,1.1153992414474487,1326.9000244140625,51.6143798828125,18293.69921875
2016-09-22,121.33062744140624,596.2979736328125,1.1193194389343262,1340.4000244140625,51.66800308227539,18392.4609375
2016-09-23,121.2478485107422,602.8419799804688,1.1210134029388428,1337.199951171875,51.31948852539063,18261.44921875
2016-09-24,,602.625,,,,
2016-09-25,,600.8259887695312,,,,
2016-09-26,120.1345443725586,608.0430297851562,1.123923897743225,1339.699951171875,50.84587478637695,18094.830078125
2016-09-27,120.82460021972656,606.166015625,1.124985933303833,1325.9000244140625,51.78416442871094,18228.30078125
2016-09-28,121.661865234375,604.72802734375,1.121956706047058,1319.4000244140625,51.85564422607422,18339.240234375
2016-09-29,120.55779266357422,605.6929931640625,1.1224982738494873,1321.699951171875,51.29267883300781,18143.44921875
2016-09-30,121.2110366821289,609.7349853515625,1.121956706047058,1313.300048828125,51.47139739990234,18308.150390625
2016-10-01,,613.9829711914062,,,,
2016-10-02,,610.8920288085938,,,,
2016-10-03,121.79988098144533,612.1329956054688,1.1234692335128784,1309.0,51.310546875,18253.849609375
2016-10-04,121.6802749633789,610.2039794921875,1.121038556098938,1266.300048828125,51.14970016479492,18168.44921875
2016-10-05,123.8976821899414,612.510986328125,1.121076226234436,1265.199951171875,51.507137298583984,18281.029296875
2016-10-06,123.67682647705078,613.02099609375,1.120824933052063,1249.800048828125,51.59650039672852,18268.5
2016-10-07,123.1523895263672,617.1209716796875,1.1144545078277588,1248.9000244140625,51.65011978149414,18240.490234375
2016-10-08,,619.1079711914062,,,,
2016-10-09,,616.7520141601562,,,,
2016-10-10,124.9833526611328,618.9940185546875,1.1196954250335691,,51.86458206176758,18329.0390625
2016-10-11,123.05120086669922,641.072021484375,1.1140819787979126,1253.0,51.10502624511719,18128.66015625
2016-10-12,122.51753997802734,636.1920166015625,1.1061947345733645,1251.0999755859375,51.03353118896485,18144.19921875
2016-10-13,122.719970703125,636.7860107421875,1.1011881828308103,1255.0,50.863746643066406,18098.939453125
2016-10-14,122.83036041259766,640.3779907226562,1.1049723625183103,1253.0999755859375,51.310546875,18138.380859375
2016-10-15,,638.64599609375,,,,
2016-10-16,,641.6309814453125,,,,
2016-10-17,123.29042053222656,639.1929931640625,1.0967799425125122,1254.4000244140625,51.13182067871094,18086.400390625
2016-10-18,124.3025131225586,637.9600219726562,1.1015641689300537,1260.800048828125,51.5250129699707,18161.939453125
2016-10-19,125.29618072509766,630.52001953125,1.0976948738098145,1267.9000244140625,51.40884780883789,18202.619140625
2016-10-20,124.9833526611328,630.8569946289062,1.0975141525268557,1265.5999755859375,51.15864562988281,18162.349609375
2016-10-21,124.79015350341795,632.8280029296875,1.0930395126342771,1265.9000244140625,53.31221389770508,18145.7109375
2016-10-22,,657.2940063476562,,,,
2016-10-23,,657.0709838867188,,,,
2016-10-24,126.46467590332033,653.760986328125,1.0882576704025269,1262.0,54.5096435546875,18223.029296875
2016-10-25,127.90921020507812,657.5880126953125,1.0875475406646729,1271.9000244140625,54.50070571899414,18169.26953125
2016-10-26,133.90811157226562,678.3040161132812,1.0887316465377808,1264.800048828125,54.17901611328125,18199.330078125
2016-10-27,131.85633850097656,688.31298828125,1.091202735900879,1267.9000244140625,53.70540237426758,18169.6796875
2016-10-28,131.580322265625,689.6510009765625,1.0900371074676514,1275.5,53.49987411499024,18161.189453125
2016-10-29,,714.47900390625,,,,
2016-10-30,,701.864013671875,,,,
2016-10-31,131.0466766357422,700.9719848632812,1.0984665155410769,1271.5,53.5445442199707,18142.419921875
2016-11-01,131.02828979492188,729.7930297851562,1.0973334312438965,1286.4000244140625,53.43732452392578,18037.099609375
2016-11-02,129.5009307861328,740.8289794921875,1.105705499649048,1306.800048828125,53.10669708251953,17959.640625
2016-11-03,128.82925415039062,688.7000122070312,1.1097548007965088,1302.0999755859375,52.91010284423828,17930.669921875
2016-11-04,128.38766479492188,703.2349853515625,1.1102476119995115,1303.300048828125,52.46329498291016,17888.279296875
2016-11-05,,703.4180297851562,,,,
2016-11-06,,711.52197265625,,,,
2016-11-07,131.59869384765625,703.1309814453125,1.1101243495941162,1278.300048828125,53.99135208129883,18259.599609375
2016-11-08,131.83975219726562,709.8480224609375,1.1052166223526,1273.4000244140625,54.03604507446289,18332.740234375
2016-11-09,134.51919555664062,723.2730102539062,1.1019041538238523,1272.5999755859375,53.76795959472656,18589.689453125
2016-11-10,136.92979431152344,715.5339965820312,1.092060685157776,1265.5,52.45435333251953,18807.880859375
2016-11-11,137.69932556152344,716.4110107421875,1.0889687538146973,,52.74031829833984,18847.66015625
2016-11-12,,705.0540161132812,,,,
2016-11-13,,702.031005859375,,,,
2016-11-14,139.06224060058594,705.02099609375,1.0824854373931885,1221.199951171875,51.93607711791992,18868.689453125
2016-11-15,137.31919860839844,711.6190185546875,1.0750375986099243,1224.0,52.961669921875,18923.060546875
2016-11-16,135.7708740234375,744.197998046875,1.0727311372756958,1223.4000244140625,53.66337966918945,18868.140625
2016-11-17,134.74172973632812,740.9769897460938,1.0706638097763062,1216.5,54.55400466918945,18903.8203125
2016-11-18,135.68739318847656,751.5850219726562,1.062304139137268,1208.5,54.29312133789063,18867.9296875
2016-11-19,,751.6160278320312,,,,
2016-11-20,,731.0260009765625,,,,
2016-11-21,136.30859375,739.2479858398438,1.0584250688552856,1209.5999755859375,54.75193786621094,18956.689453125
2016-11-22,138.62644958496094,751.3469848632812,1.0638864040374756,1211.0,54.98584365844727,19023.869140625
2016-11-23,138.8304443359375,744.593994140625,1.0633772611618042,1189.0999755859375,54.33810806274414,19083.1796875
2016-11-24,,740.2890014648438,1.0545185804367063,,,
2016-11-25,139.10853576660156,741.6489868164062,1.0561892986297607,1178.199951171875,54.455055236816406,19152.140625
2016-11-26,,735.3820190429688,,,,
2016-11-27,,732.0349731445312,,,,
2016-11-28,138.85824584960938,735.81298828125,1.0612331628799438,1190.5999755859375,54.52702713012695,19097.900390625
2016-11-29,140.59197998046875,735.60400390625,1.062134861946106,1187.9000244140625,54.95884323120117,19121.599609375
2016-11-30,139.59066772460938,745.6909790039062,1.0648492574691772,1170.800048828125,54.21215057373047,19123.580078125
2016-12-01,141.287353515625,756.7739868164062,1.0592098236083984,1166.9000244140625,53.25852584838867,19191.9296875
2016-12-02,141.1575469970703,777.9439697265625,1.0663141012191772,1175.0999755859375,53.30352020263672,19170.419921875
2016-12-03,,771.155029296875,,,,
2016-12-04,,773.8720092773438,,,,
2016-12-05,141.07411193847656,758.7000122070312,1.0582010746002195,1174.0,54.17617034912109,19216.240234375
2016-12-06,141.14828491210938,764.2239990234375,1.0757315158843994,1167.5999755859375,53.933250427246094,19251.779296875
2016-12-07,142.9098663330078,768.1320190429688,1.072041153907776,1175.0,55.21075439453125,19549.619140625
2016-12-08,144.06878662109375,770.8099975585938,1.0761945247650146,1169.800048828125,54.88687515258789,19614.810546875
2016-12-09,145.08863830566406,772.7940063476562,1.062134861946106,1159.4000244140625,55.75053787231445,19756.849609375
2016-12-10,,774.6500244140625,,,,
2016-12-11,,769.7310180664062,,,,
2016-12-12,145.70982360839844,780.0869750976562,1.054741144180298,1163.5,55.930458068847656,19796.4296875
2016-12-13,145.24624633789062,780.5560302734375,1.0641694068908691,1156.699951171875,56.65917205810547,19911.2109375
2016-12-14,143.21585083007812,781.4810180664062,1.062925100326538,1161.300048828125,56.389278411865234,19792.529296875
2016-12-15,142.56680297851562,778.0880126953125,1.051414132118225,1127.800048828125,56.299312591552734,19852.240234375
2016-12-16,143.24362182617188,784.906982421875,1.0418837070465088,1135.300048828125,56.04741668701172,19843.41015625
2016-12-17,,790.8289794921875,,,,
2016-12-18,,790.530029296875,,,,
2016-12-19,144.80123901367188,792.7139892578125,1.0449975728988647,1140.5,57.23493957519531,19883.060546875
2016-12-20,144.99594116210938,800.8759765625,1.0405826568603516,1131.5,57.162967681884766,19974.619140625
2016-12-21,146.0065155029297,834.281005859375,1.039047360420227,1131.0999755859375,57.162967681884766,19941.9609375
2016-12-22,145.9879913330078,864.5399780273438,1.0428615808486938,1128.800048828125,57.17195892333984,19918.880859375
2016-12-23,146.3124542236328,921.9840087890624,1.0437650680541992,1131.9000244140625,56.89307403564453,19933.810546875
2016-12-24,,898.822021484375,,,,
2016-12-25,,896.1829833984375,,,,
2016-12-26,,907.6099853515624,1.045478343963623,,,
2016-12-27,146.0065155029297,933.197998046875,1.0456969738006592,1137.300048828125,56.92906188964844,19945.0390625
2016-12-28,144.72706604003906,975.9210205078124,1.046233057975769,1139.4000244140625,56.66816329956055,19833.6796875
2016-12-29,144.34693908691406,973.4970092773438,1.0416991710662842,1156.4000244140625,56.58719253540039,19819.779296875
2016-12-30,144.33763122558594,961.2379760742188,1.0575296878814695,1150.0,55.90346908569336,19762.599609375
2016-12-31,,963.7429809570312,,,,
2017-01-01,,998.3250122070312,,,,
2017-01-02,,1021.75,1.052698016166687,,,
2017-01-03,145.5336456298828,1043.8399658203125,1.0460032224655151,1160.4000244140625,56.299312591552734,19881.759765625
2017-01-04,147.0634765625,1154.72998046875,1.0419923067092896,1163.800048828125,56.04741668701172,19942.16015625
2017-01-05,147.1468963623047,1013.3800048828124,1.0500892400741575,1179.699951171875,56.04741668701172,19899.2890625
2017-01-06,147.50848388671875,902.2009887695312,1.0605915784835815,1171.9000244140625,56.53321838378906,19963.80078125
2017-01-07,,908.5850219726562,,,,
2017-01-08,,911.198974609375,,,,
2017-01-09,146.7853240966797,902.8280029296876,1.0531858205795288,1183.5,56.353294372558594,19887.380859375
2017-01-10,147.4806671142578,907.6790161132812,1.0588620901107788,1184.199951171875,56.335296630859375,19855.529296875
2017-01-11,147.78662109375,777.7570190429688,1.055241942405701,1195.5999755859375,56.848087310791016,19954.279296875
2017-01-12,146.7574920654297,804.833984375,1.0597710609436035,1198.9000244140625,56.32630920410156,19891.0
2017-01-13,147.2581329345703,823.9840087890625,1.0616837739944458,1195.300048828125,56.40727615356445,19885.73046875
2017-01-14,,818.4119873046875,,,,
2017-01-15,,821.7979736328125,,,,
2017-01-16,,831.5339965820312,1.0628687143325806,,,
2017-01-17,146.1826934814453,907.93798828125,1.0602991580963137,1212.0,56.25432968139648,19826.76953125
2017-01-18,146.7853240966797,886.6179809570312,1.0696789026260376,1211.300048828125,56.22734832763672,19804.720703125
2017-01-19,147.41575622558594,899.072998046875,1.062778353691101,1200.9000244140625,56.04741668701172,19732.400390625
2017-01-20,147.90716552734375,895.0260009765625,1.0659730434417725,1204.300048828125,56.44325637817383,19827.25
2017-01-21,,921.7890014648438,,,,
2017-01-22,,924.6729736328124,,,,
2017-01-23,146.34030151367188,921.0120239257812,1.071375012397766,1215.0,56.64117050170898,19799.849609375
2017-01-24,148.8528289794922,892.68701171875,1.0760787725448608,1210.300048828125,57.14496612548828,19912.7109375
2017-01-25,155.1667022705078,901.5419921875,1.0728693008422852,1197.300048828125,57.28891754150391,20068.509765625
2017-01-26,156.79847717285156,917.5859985351562,1.0751993656158447,1189.5,57.819705963134766,20100.91015625
2017-01-27,155.48190307617188,919.75,1.068296194076538,1188.0999755859375,59.17814636230469,20093.779296875
2017-01-28,,921.5900268554688,,,,
2017-01-29,,919.4959716796876,,,,
2017-01-30,153.5071258544922,920.3820190429688,1.0713980197906494,1193.199951171875,58.5933952331543,19971.130859375
2017-01-31,151.5137481689453,970.4030151367188,1.0708587169647217,1208.5999755859375,58.161563873291016,19864.08984375
2017-02-01,152.023681640625,989.0230102539062,1.0803803205490112,1205.5999755859375,57.19894790649414,19890.939453125
2017-02-02,150.43824768066406,1011.7999877929688,1.0767391920089722,1216.699951171875,56.83009719848633,19884.91015625
2017-02-03,150.56805419921875,1029.9100341796875,1.0761713981628418,1218.5,57.28891754150391,20071.4609375
2017-02-04,,1042.9000244140625,,,,
2017-02-05,,1027.3399658203125,,,,
2017-02-06,152.03292846679688,1038.1500244140625,1.0782949924468994,1230.0,57.252925872802734,20052.419921875
2017-02-07,154.3693389892578,1061.3499755859375,1.0743216276168823,1234.199951171875,57.064002990722656,20090.2890625
2017-02-08,153.18174743652344,1063.0699462890625,1.0678056478500366,1237.5999755859375,56.983028411865234,20054.33984375
2017-02-09,153.6212615966797,994.3829956054688,1.0692213773727417,1235.0999755859375,57.63077545166016,20172.400390625
2017-02-10,155.44471740722656,988.6740112304688,1.0658594369888306,1234.4000244140625,57.57679748535156,20269.369140625
2017-02-11,,1004.4500122070312,,,,
2017-02-12,,999.1810302734376,,,,
2017-02-13,157.12796020507812,990.6420288085938,1.061954379081726,1224.4000244140625,58.22454452514648,20412.16015625
2017-02-14,157.56744384765625,1004.5499877929688,1.059849739074707,1223.9000244140625,58.44175338745117,20504.41015625
2017-02-15,158.3155517578125,1007.47998046875,1.057831645011902,1231.699951171875,58.40555953979492,20611.859375
2017-02-16,159.72755432128906,1027.43994140625,1.0607378482818604,1240.0,58.39651107788086,20619.76953125
2017-02-17,161.50430297851562,1046.2099609375,1.0672245025634766,1237.5999755859375,58.48701095581055,20624.05078125
2017-02-18,,1054.4200439453125,,,,
2017-02-19,,1047.8699951171875,,,,
2017-02-20,,1079.97998046875,1.062665343284607,,,
2017-02-21,164.16941833496094,1115.300048828125,1.0609403848648071,1237.5,58.36935043334961,20743.0
2017-02-22,163.98236083984375,1117.43994140625,1.0542073249816897,1232.0,58.2516975402832,20775.599609375
2017-02-23,165.38504028320312,1166.719970703125,1.055408954620361,1250.199951171875,58.48701095581055,20810.3203125
2017-02-24,165.92739868164062,1173.6800537109375,1.0584474802017212,1256.9000244140625,58.48701095581055,20821.759765625
2017-02-25,,1143.8399658203125,,,,
2017-02-26,,1165.199951171875,,,,
2017-02-27,167.7882843017578,1179.969970703125,1.055275321006775,1257.4000244140625,58.1340446472168,20837.439453125
2017-02-28,168.536376953125,1179.969970703125,1.0584250688552856,1252.5999755859375,57.90776062011719,20812.240234375
2017-03-01,171.97763061523438,1222.5,1.0569148063659668,1248.9000244140625,58.77666473388672,21115.55078125
2017-03-02,171.11732482910156,1251.010009765625,1.0535852909088137,1231.9000244140625,57.93491363525391,21002.970703125
2017-03-03,170.35986328125,1274.989990234375,1.0509721040725708,1225.5,58.15213394165039,21005.7109375
2017-03-04,,1255.1500244140625,,,,
2017-03-05,,1267.1199951171875,,,,
2017-03-06,169.19094848632812,1272.8299560546875,1.062044620513916,1224.5,58.17023086547852,20954.33984375
2017-03-07,170.2102508544922,1223.5400390625,1.0579211711883545,1215.0999755859375,58.287899017333984,20924.759765625
2017-03-08,169.94842529296875,1150.0,1.0570154190063477,1208.5,58.8218879699707,20855.73046875
2017-03-09,168.8543243408203,1188.489990234375,1.054741144180298,1202.4000244140625,58.58657455444336,20858.189453125
2017-03-10,167.1056365966797,1116.719970703125,1.0578428506851196,1200.699951171875,58.7675895690918,20902.98046875
2017-03-11,,1175.8299560546875,,,,
2017-03-12,,1221.3800048828125,,,,
2017-03-13,167.43296813964844,1231.9200439453125,1.0690041780471802,1202.4000244140625,58.56846618652344,20881.48046875
2017-03-14,167.13368225097656,1240.0,1.0651443004608154,1201.9000244140625,58.29695510864258,20837.369140625
2017-03-15,167.1150360107422,1249.6099853515625,1.0612443685531616,1200.0999755859375,58.60466766357422,20950.099609375
2017-03-16,166.62875366210938,1187.81005859375,1.0737909078598022,1226.5,58.505126953125,20934.55078125
2017-03-17,168.41482543945312,1100.22998046875,1.077470064163208,1229.800048828125,58.71329498291016,20914.619140625
2017-03-18,,973.8179931640624,,,,
2017-03-19,,1036.739990234375,,,,
2017-03-20,167.75086975097656,1054.22998046875,1.0742985010147097,1233.5999755859375,58.7675895690918,20905.859375
2017-03-21,164.54344177246094,1120.5400390625,1.073767900466919,1246.0999755859375,58.11592483520508,20668.009765625
2017-03-22,165.4972686767578,1049.1400146484375,1.081244707107544,1249.300048828125,58.85810089111328,20661.30078125
2017-03-23,165.7590789794922,1038.5899658203125,1.0790164470672607,1246.9000244140625,58.71329498291016,20656.580078125
2017-03-24,164.41253662109375,937.52001953125,1.0783880949020386,1248.199951171875,58.81285095214844,20596.720703125
2017-03-25,,972.7789916992188,,,,
2017-03-26,,966.7249755859376,,,,
2017-03-27,164.6743621826172,1045.77001953125,1.0849517583847046,1255.4000244140625,58.92145156860352,20550.98046875
2017-03-28,165.8526153564453,1047.1500244140625,1.0860947370529177,1255.300048828125,59.09341430664063,20701.5
2017-03-29,166.10511779785156,1039.969970703125,1.0817711353302002,1253.4000244140625,59.25631713867188,20659.3203125
2017-03-30,166.432373046875,1026.4300537109375,1.0759629011154177,1245.0,59.47355270385742,20728.490234375
2017-03-31,165.38504028320312,1071.7900390625,1.0687072277069092,1247.300048828125,59.60932922363281,20663.220703125
2017-04-01,,1080.5,,,,
2017-04-02,,1102.1700439453125,,,,
2017-04-03,165.18865966796875,1143.81005859375,1.0668829679489136,1250.800048828125,59.328739166259766,20650.2109375
2017-04-04,167.1056365966797,1133.25,1.067008137702942,1255.0,59.49166870117188,20689.240234375
2017-04-05,165.59075927734375,1124.780029296875,1.0680338144302368,1245.4000244140625,59.33781051635742,20648.150390625
2017-04-06,165.86195373535156,1182.6800537109375,1.0672472715377808,1250.300048828125,59.49166870117188,20662.94921875
2017-04-07,167.2459259033203,1176.9000244140625,1.0644639730453491,1254.300048828125,59.446407318115234,20656.099609375
2017-04-08,,1175.949951171875,,,,
2017-04-09,,1187.8699951171875,,,,
2017-04-10,166.03961181640625,1187.1300048828125,1.0582010746002195,1251.0999755859375,59.310638427734375,20658.01953125
2017-04-11,166.9840850830078,1205.010009765625,1.0597598552703855,1271.199951171875,59.265403747558594,20651.30078125
2017-04-12,164.6276092529297,1200.3699951171875,1.0611318349838257,1275.300048828125,59.03912734985352,20591.859375
2017-04-13,164.2254638671875,1169.280029296875,1.0670650005340576,1285.9000244140625,58.78570175170898,20453.25
2017-04-14,,1167.5400390625,1.0616387128829956,,,
2017-04-15,,1172.52001953125,,,,
2017-04-16,,1182.93994140625,,,,
2017-04-17,167.4049072265625,1193.9100341796875,1.0610530376434326,1289.4000244140625,59.265403747558594,20636.919921875
2017-04-18,166.31080627441406,1211.6700439453125,1.0644525289535522,1291.699951171875,59.18392562866211,20523.279296875
2017-04-19,166.82513427734375,1210.2900390625,1.0728693008422852,1281.4000244140625,58.86715698242188,20404.490234375
2017-04-20,167.666748046875,1229.0799560546875,1.0715012550354004,1281.9000244140625,59.28349685668945,20578.7109375
2017-04-21,168.67665100097656,1222.050048828125,1.0714898109436035,1287.4000244140625,60.09807968139648,20547.759765625
2017-04-22,,1231.7099609375,,,,
2017-04-23,,1207.2099609375,,,,
2017-04-24,170.24765014648438,1250.1500244140625,1.087393879890442,1275.800048828125,61.12083435058594,20763.890625
2017-04-25,171.60357666015625,1265.489990234375,1.0864840745925903,1265.5999755859375,61.47381210327149,20996.119140625
2017-04-26,169.9203643798828,1281.0799560546875,1.0928245782852173,1262.0999755859375,61.39236831665039,20975.08984375
2017-04-27,171.33241271972656,1317.72998046875,1.090893268585205,1263.699951171875,61.79060363769531,20981.330078125
2017-04-28,172.8379364013672,1316.47998046875,1.0864251852035522,1266.0999755859375,61.96254348754883,20940.509765625
2017-04-29,,1321.7900390625,,,,
2017-04-30,,1347.8900146484375,,,,
2017-05-01,170.55624389648438,1421.5999755859375,1.0907504558563232,1253.300048828125,62.822391510009766,20913.4609375
2017-05-02,171.53811645507812,1452.8199462890625,1.090893268585205,1255.0999755859375,62.72285461425781,20949.890625
2017-05-03,171.4913787841797,1490.0899658203125,1.0935654640197754,1246.4000244140625,62.523704528808594,20957.900390625
2017-05-04,171.192138671875,1537.6700439453125,1.0888975858688354,1226.5,62.27936553955078,20951.470703125
2017-05-05,173.00625610351562,1555.449951171875,1.098152995109558,1224.800048828125,62.45132064819336,21006.939453125
2017-05-06,,1578.800048828125,,,,
2017-05-07,,1596.7099609375,,,,
2017-05-08,173.95071411132812,1723.3499755859375,1.0965152978897097,1225.300048828125,62.397010803222656,21012.279296875
2017-05-09,174.78297424316406,1755.3599853515625,1.0927767753601074,1214.300048828125,62.4875373840332,20975.779296875
2017-05-10,172.6063232421875,1787.1300048828125,1.0886842012405396,1217.300048828125,62.73189163208008,20943.109375
2017-05-11,173.3224639892578,1848.5699462890625,1.087074637413025,1222.699951171875,61.96254348754883,20919.419921875
2017-05-12,172.67225646972656,1724.239990234375,1.086495876312256,1226.199951171875,61.890174865722656,20896.609375
2017-05-13,,1804.9100341796875,,,,
2017-05-14,,1808.9100341796875,,,,
2017-05-15,171.86190795898438,1738.4300537109375,1.0927289724349976,1228.5999755859375,61.93542098999024,20981.939453125
2017-05-16,172.15403747558594,1734.449951171875,1.0981770753860474,1235.0,63.18249130249024,20979.75
2017-05-17,168.4603271484375,1839.0899658203125,1.1093976497650146,1257.5,61.4256706237793,20606.9296875
2017-05-18,167.15997314453125,1888.6500244140625,1.115635633468628,1251.699951171875,61.63501739501953,20663.01953125
2017-05-19,170.3260040283203,1987.7099609375,1.1113580465316772,1252.699951171875,61.616825103759766,20804.83984375
2017-05-20,,2084.72998046875,,,,
2017-05-21,,2041.199951171875,,,,
2017-05-22,173.06805419921875,2173.39990234375,1.120485782623291,1260.699951171875,62.30864334106445,20894.830078125
2017-05-23,172.8984375,2320.419921875,1.123885989189148,1254.800048828125,62.51799774169922,20937.91015625
2017-05-24,174.5568389892578,2443.639892578125,1.11793053150177,1252.4000244140625,62.59991455078125,21012.419921875
2017-05-25,176.2718048095703,2304.97998046875,1.123090744018555,1255.800048828125,63.373653411865234,21082.94921875
2017-05-26,175.8195037841797,2202.419921875,1.121076226234436,1267.5999755859375,63.68316650390625,21080.279296875
2017-05-27,,2038.8699951171875,,,,
2017-05-28,,2155.800048828125,,,,
2017-05-29,,2255.610107421875,1.1176055669784546,,,
2017-05-30,176.09275817871094,2175.469970703125,1.1129041910171509,1262.0999755859375,64.0927505493164,21029.470703125
2017-05-31,176.79945373535156,2286.409912109375,1.117168664932251,1272.0,63.57389831542969,21008.650390625
2017-06-01,176.50733947753906,2407.8798828125,1.124353528022766,1267.0,63.81061553955078,21144.1796875
2017-06-02,179.24937438964844,2488.550048828125,1.1215791702270508,1276.800048828125,65.32164764404297,21206.2890625
2017-06-03,,2515.35009765625,,,,
2017-06-04,,2511.81005859375,,,,
2017-06-05,178.0432586669922,2686.81005859375,1.128082513809204,1279.300048828125,65.79498291015625,21184.0390625
2017-06-06,175.9702606201172,2863.199951171875,1.1256824731826782,1294.4000244140625,66.0134506225586,21136.23046875
2017-06-07,177.2423095703125,2732.159912109375,1.1271415948867798,1290.0999755859375,65.89512634277344,21173.689453125
2017-06-08,178.96669006347656,2805.6201171875,1.125517725944519,1276.300048828125,65.49459075927734,21182.529296875
2017-06-09,179.0609130859375,2823.81005859375,1.118480563163757,1268.5,64.01085662841797,21271.970703125
2017-06-10,,2947.7099609375,,,,
2017-06-11,,2958.110107421875,,,,
2017-06-12,179.0326385498047,2659.6298828125,1.1201971769332886,1266.0999755859375,63.51927947998047,21235.669921875
2017-06-13,180.0597381591797,2717.02001953125,1.1196202039718628,1265.800048828125,64.31124877929688,21328.470703125
2017-06-14,181.27528381347656,2506.3701171875,1.1208877563476562,1272.800048828125,63.96533966064453,21374.560546875
2017-06-15,184.1680603027344,2464.580078125,1.1215791702270508,1252.199951171875,63.628543853759766,21359.900390625
2017-06-16,185.10092163085935,2518.56005859375,1.1146905422210691,1254.0,63.71957015991211,21384.279296875
2017-06-17,,2655.8798828125,,,,
2017-06-18,,2548.2900390625,,,,
2017-06-19,187.5885467529297,2589.60009765625,1.120824933052063,1244.199951171875,64.51152038574219,21528.990234375
2017-06-20,186.8818206787109,2721.7900390625,1.1144545078277588,1241.0,63.63761520385742,21467.140625
2017-06-21,187.6733245849609,2689.10009765625,1.1136974096298218,1243.4000244140625,63.96533966064453,21410.029296875
2017-06-22,187.927734375,2705.409912109375,1.1167196035385132,1247.5999755859375,63.95623779296875,21397.2890625
2017-06-23,190.55670166015625,2744.909912109375,1.1149640083312988,1256.199951171875,64.82101440429688,21394.759765625
2017-06-24,,2608.719970703125,,,,
2017-06-25,,2589.409912109375,,,,
2017-06-26,188.43655395507807,2478.449951171875,1.1198835372924805,1246.300048828125,64.2020034790039,21409.55078125
2017-06-27,187.40948486328125,2552.449951171875,1.118355631828308,1246.4000244140625,63.000450134277344,21310.66015625
2017-06-28,188.0973358154297,2574.7900390625,1.1339154243469238,1248.0,63.53753280639648,21454.609375
2017-06-29,186.06207275390625,2539.320068359375,1.1382650136947632,1244.199951171875,62.345062255859375,21287.029296875
2017-06-30,186.33529663085935,2480.840087890625,1.144164800643921,1240.699951171875,62.74556350708008,21349.630859375
2017-07-01,,2434.550048828125,,,,
2017-07-02,,2506.469970703125,,,,
2017-07-03,187.12680053710935,2564.06005859375,1.1423088312149048,1217.9000244140625,62.053749084472656,21479.26953125
2017-07-04,,2601.639892578125,1.1371389627456665,,,
2017-07-05,190.1609344482422,2601.989990234375,1.1360150575637815,1220.4000244140625,62.882118225097656,21478.169921875
2017-07-06,189.8500061035156,2608.56005859375,1.134687423706055,1222.199951171875,62.41786193847656,21320.0390625
2017-07-07,190.6886138916016,2518.659912109375,1.1424784660339355,1208.5999755859375,63.228023529052734,21414.33984375
2017-07-08,,2571.340087890625,,,,
2017-07-09,,2518.43994140625,,,,
2017-07-10,192.1868438720703,2372.56005859375,1.140380859375,1212.0999755859375,63.70134735107422,21408.51953125
2017-07-11,194.363525390625,2337.7900390625,,1213.5999755859375,63.71045684814453,21409.0703125
2017-07-12,194.52371215820312,2398.840087890625,1.1473942995071411,1218.0999755859375,64.76637268066406,21532.140625
2017-07-13,194.3258056640625,2357.89990234375,1.1418914794921875,1216.300048828125,65.33075714111328,21553.08984375
2017-07-14,196.47418212890625,2233.340087890625,1.140393853187561,1226.5999755859375,66.2501449584961,21637.740234375
2017-07-15,,1998.8599853515625,,,,
2017-07-16,,1929.8199462890625,,,,
2017-07-17,196.9359130859375,2228.409912109375,1.147539138793945,1232.800048828125,66.76898956298828,21629.720703125
2017-07-18,196.21978759765625,2318.8798828125,1.1474337577819824,1241.0999755859375,66.7234878540039,21574.73046875
2017-07-19,198.7074279785156,2273.429931640625,1.1549744606018066,1241.199951171875,67.23323822021484,21640.75
2017-07-20,198.1420440673828,2817.60009765625,1.1528440713882446,1244.800048828125,67.56094360351562,21611.779296875
2017-07-21,199.8946685791016,2667.760009765625,1.1628718376159668,1254.300048828125,67.1695327758789,21580.0703125
2017-07-22,,2810.1201171875,,,,
2017-07-23,,2730.39990234375,,,,
2017-07-24,199.93234252929688,2754.860107421875,1.1681697368621826,1253.9000244140625,66.99656677246094,21513.169921875
2017-07-25,200.1962127685547,2576.47998046875,1.1638869047164917,1251.699951171875,67.53364562988281,21613.4296875
2017-07-26,219.97457885742188,2529.449951171875,1.164456129074097,1249.0,67.40618896484375,21711.009765625
2017-07-27,227.0887756347656,2671.780029296875,1.1728004217147827,1259.5999755859375,66.59605407714844,21796.55078125
2017-07-28,227.34320068359372,2809.010009765625,1.1688660383224487,1268.4000244140625,66.48681640625,21830.310546875
2017-07-29,,2726.449951171875,,,,
2017-07-30,,2757.179931640625,,,,
2017-07-31,228.4645233154297,2875.340087890625,1.1747292280197144,1266.5999755859375,66.17732238769531,21891.119140625
2017-08-01,225.61886596679688,2718.260009765625,1.182410478591919,1272.5999755859375,66.06810760498047,21963.919921875
2017-08-02,224.21484375,2710.669921875,1.1811256408691406,1271.800048828125,65.77679443359375,22016.240234375
2017-08-03,224.4975128173828,2804.72998046875,1.1851149797439575,1267.800048828125,65.67664337158203,22026.099609375
2017-08-04,223.9886932373047,2895.889892578125,1.1884952783584597,1258.300048828125,66.15909576416016,22092.810546875
2017-08-05,,3252.909912109375,,,,
2017-08-06,,3213.93994140625,,,,
2017-08-07,226.3632354736328,3378.93994140625,1.1778424978256226,1258.199951171875,65.90425872802734,22118.419921875
2017-08-08,225.6753692626953,3419.93994140625,1.1800941228866575,1256.4000244140625,66.25924682617188,22085.33984375
2017-08-09,222.10177612304688,3342.469970703125,1.1754610538482666,1273.0,65.96796417236328,22048.69921875
2017-08-10,220.74632263183597,3381.280029296875,1.1761523485183716,1283.699951171875,65.0030517578125,21844.009765625
2017-08-11,222.64208984375,3650.6201171875,1.177024483680725,1287.699951171875,65.99526977539062,21858.3203125
2017-08-12,,3884.7099609375,,,,
2017-08-13,,4073.260009765625,,,,
2017-08-14,224.79380798339844,4325.1298828125,1.182550311088562,1284.199951171875,66.98747253417969,21993.7109375
2017-08-15,226.7085723876953,4181.93017578125,1.1775789260864258,1273.699951171875,67.0057601928711,21998.990234375
2017-08-16,225.2108917236328,4376.6298828125,1.174122333526611,1276.9000244140625,67.39927673339844,22024.869140625
2017-08-17,223.31509399414065,4331.68994140625,1.1774264574050903,1286.4000244140625,66.25537109375,21750.73046875
2017-08-18,223.4857177734375,4160.6201171875,1.171550154685974,1285.699951171875,66.33772277832031,21674.509765625
2017-08-19,,4193.7001953125,,,,
2017-08-20,,4087.659912109375,,,,
2017-08-21,223.40040588378903,4001.739990234375,1.1756268739700315,1290.800048828125,66.02659606933594,21703.75
2017-08-22,227.2583465576172,4100.52001953125,1.1811953783035278,1285.0999755859375,66.95086669921875,21899.890625
2017-08-23,225.68484497070312,4151.52001953125,1.176221489906311,1288.9000244140625,66.54820251464844,21812.08984375
2017-08-24,226.3009490966797,4334.68017578125,1.1816558837890625,1286.5,66.52073669433594,21783.400390625
2017-08-25,223.59945678710935,4371.60009765625,1.1802195310592651,1292.5,66.63970947265625,21813.669921875
2017-08-26,,4352.39990234375,,,,
2017-08-27,,4382.8798828125,,,,
2017-08-28,224.8222503662109,4382.66015625,1.1951857805252075,1309.699951171875,66.64887237548828,21808.400390625
2017-08-29,227.9597930908203,4579.02001953125,1.1963869333267212,1313.0999755859375,66.85018920898438,21865.369140625
2017-08-30,227.93138122558597,4565.2998046875,1.1970456838607788,1308.0999755859375,67.72870635986328,21892.4296875
2017-08-31,227.1730499267578,4703.39013671875,1.1893434524536133,1316.199951171875,68.42422485351562,21948.099609375
2017-09-01,227.80813598632807,4892.009765625,1.191043257713318,1324.5,67.6646499633789,21987.560546875
2017-09-02,,4578.77001953125,,,,
2017-09-03,,4582.9599609375,,,,
2017-09-04,,4236.31005859375,1.1882835626602173,,,
2017-09-05,224.65164184570312,4376.52978515625,1.1893434524536133,1339.199951171875,67.36266326904297,21753.310546875
2017-09-06,222.3956298828125,4597.1201171875,1.1924067735671997,1333.9000244140625,67.17046356201172,21807.640625
2017-09-07,223.99757385253903,4599.8798828125,1.1927765607833862,1345.0999755859375,68.03070831298828,21784.779296875
2017-09-08,226.33889770507807,4228.75,1.2029062509536743,1346.0,67.70126342773438,21797.7890625
2017-09-09,,4226.06005859375,,,,
2017-09-10,,4122.93994140625,,,,
2017-09-11,228.05458068847656,4161.27001953125,1.2017642259597778,1331.0,68.41505432128906,22057.369140625
2017-09-12,228.04510498046875,4130.81005859375,1.1959433555603027,1328.0,68.34183502197266,22118.859375
2017-09-13,229.32476806640625,3882.590087890625,1.1974613666534424,1323.4000244140625,68.82688903808594,22158.1796875
2017-09-14,232.4528350830078,3154.949951171875,1.1890605688095093,1324.699951171875,68.42422485351562,22203.48046875
2017-09-15,236.02639770507807,3637.52001953125,1.1921650171279907,1320.4000244140625,68.91838073730469,22268.33984375
2017-09-16,,3625.0400390625,,,,
2017-09-17,,3582.8798828125,,,,
2017-09-18,239.8938446044922,4065.199951171875,1.193716287612915,1306.300048828125,68.7811050415039,22331.349609375
2017-09-19,239.30615234375,3924.969970703125,1.1959290504455566,1306.199951171875,69.0373306274414,22370.80078125
2017-09-20,242.1498107910156,3905.949951171875,1.199256420135498,1312.0,68.57978057861328,22412.58984375
2017-09-21,242.69960021972656,3631.0400390625,1.1872113943099976,1290.5999755859375,67.91173553466797,22359.23046875
2017-09-22,243.08827209472656,3630.699951171875,1.194557547569275,1293.300048828125,68.09479522705078,22349.58984375
2017-09-23,,3792.39990234375,,,,
2017-09-24,,3682.840087890625,,,,
2017-09-25,241.0692138671875,3926.070068359375,1.1927196979522705,1306.800048828125,67.04237365722656,22296.08984375
2017-09-26,240.4815216064453,3892.35009765625,1.185564637184143,1297.0,67.04237365722656,22284.3203125
2017-09-27,241.9792022705078,4200.669921875,1.1786059141159058,1283.4000244140625,67.58230590820312,22340.7109375
2017-09-28,241.0218505859375,4174.72998046875,1.1749638319015503,1285.5,67.6006088256836,22381.19921875
2017-09-29,240.96495056152344,4163.06982421875,1.178175449371338,1281.5,68.16797637939453,22405.08984375
2017-09-30,,4338.7099609375,,,,
2017-10-01,,4403.740234375,,,,
2017-10-02,242.65220642089844,4409.31982421875,1.1807351112365725,1272.699951171875,68.27780151367188,22557.599609375
2017-10-03,242.1498107910156,4317.47998046875,1.173378348350525,1271.5,67.95748138427734,22641.669921875
2017-10-04,242.4342041015625,4229.35986328125,1.17475688457489,1273.699951171875,68.35102081298828,22661.640625
2017-10-05,245.40115356445312,4328.41015625,1.175723671913147,1269.9000244140625,69.52237701416016,22775.390625
2017-10-06,245.1072235107422,4370.81005859375,1.1712344884872437,1271.5999755859375,69.54981994628906,22773.669921875
2017-10-07,,4426.89013671875,,,,
2017-10-08,,4610.47998046875,,,,
2017-10-09,244.92718505859372,4772.02001953125,1.1742464303970337,1281.800048828125,69.81521606445312,22761.0703125
2017-10-10,247.3347930908203,4781.990234375,1.1741636991500854,1290.5999755859375,69.81521606445312,22830.6796875
2017-10-11,247.8182373046875,4826.47998046875,1.1814883947372437,1285.800048828125,69.93416595458984,22872.890625
2017-10-12,248.2637634277344,5446.91015625,1.1865493059158323,1293.300048828125,70.57479858398438,22841.009765625
2017-10-13,247.1547088623047,5647.2099609375,1.1831799745559692,1301.5,70.91337585449219,22871.720703125
2017-10-14,,5831.7900390625,,,,
2017-10-15,,5678.18994140625,,,,
2017-10-16,246.21630859375,5725.58984375,1.181404709815979,1299.9000244140625,71.05979919433594,22956.9609375
2017-10-17,245.14517211914065,5605.509765625,1.1794538497924805,1283.0,71.00487518310547,22997.439453125
2017-10-18,246.49118041992188,5590.68994140625,1.1771907806396484,1279.9000244140625,71.02318572998047,23157.599609375
2017-10-19,245.54330444335935,5708.52001953125,1.179523468017578,1286.9000244140625,71.29774475097656,23163.0390625
2017-10-20,250.9557647705078,6011.4501953125,1.184805989265442,1277.4000244140625,72.12134552001953,23328.630859375
2017-10-21,,6031.60009765625,,,,
2017-10-22,,6008.419921875,,,,
2017-10-23,248.6523895263672,5930.31982421875,1.175364375114441,1277.699951171875,72.13961029052734,23273.9609375
2017-10-24,252.140625,5526.64013671875,1.1759172677993774,1275.0,72.16710662841797,23441.759765625
2017-10-25,244.95562744140625,5750.7998046875,1.1759034395217896,1275.4000244140625,71.95661163330078,23329.4609375
2017-10-26,245.76129150390625,5904.830078125,1.182075023651123,1266.300048828125,72.07559204101562,23400.859375
2017-10-27,243.0977020263672,5780.89990234375,1.163724422454834,1268.5,76.69700622558594,23434.189453125
2017-10-28,,5753.08984375,,,,
2017-10-29,,6153.85009765625,,,,
2017-10-30,245.7423858642578,6130.52978515625,1.160456299781799,1274.0999755859375,76.77018737792969,23348.740234375
2017-10-31,244.53854370117188,6468.39990234375,1.1652703285217283,1267.0,76.1204605102539,23377.240234375
2017-11-01,245.0314483642578,6767.31005859375,1.165175199508667,1274.0999755859375,76.1204605102539,23435.009765625
2017-11-02,248.9462738037109,7078.5,1.1628718376159668,1274.9000244140625,76.91664123535156,23516.259765625
2017-11-03,248.11209106445312,7207.759765625,1.1661807298660278,1266.5,76.99897766113281,23539.189453125
2017-11-04,,7379.9501953125,,,,
2017-11-05,,7407.41015625,,,,
2017-11-06,250.3112030029297,7022.759765625,1.1614941358566284,1279.4000244140625,77.30097961425781,23548.419921875
2017-11-07,252.26388549804688,7144.3798828125,1.1612648963928225,1273.699951171875,77.1179428100586,23557.23046875
2017-11-08,251.7331085205078,7459.68994140625,1.1601063013076782,1281.5999755859375,77.38333892822266,23563.359375
2017-11-09,250.3512115478516,7143.580078125,1.15968918800354,1285.5999755859375,76.95323944091797,23461.939453125
2017-11-10,248.58822631835935,6618.14013671875,1.164686679840088,1272.4000244140625,76.75189971923828,23422.2109375
2017-11-11,,6357.60009765625,,,,
2017-11-12,,5950.06982421875,,,,
2017-11-13,250.0843811035156,6559.490234375,1.166112780570984,1277.300048828125,76.80679321289062,23439.69921875
2017-11-14,249.45545959472656,6635.75,1.1664936542510986,1281.5,76.91664123535156,23409.470703125
2017-11-15,250.50372314453125,7315.5400390625,1.1792869567871094,1276.5,76.31879425048828,23271.279296875
2017-11-16,251.30419921875,7871.68994140625,,1277.4000244140625,76.52114868164062,23458.359375
2017-11-17,249.93194580078125,7708.990234375,1.177745342254639,1295.800048828125,75.78536987304688,23358.240234375
2017-11-18,,7790.14990234375,,,,
2017-11-19,,8036.490234375,,,,
2017-11-20,252.1904754638672,8200.6396484375,1.1731857061386108,1274.5999755859375,75.90494537353516,23430.330078125
2017-11-21,254.4395446777344,8071.259765625,1.174122333526611,1281.0999755859375,76.99939727783203,23590.830078125
2017-11-22,252.6860198974609,8253.5498046875,1.173722743988037,1291.5999755859375,76.43834686279297,23526.1796875
2017-11-23,,8038.77001953125,1.1814744472503662,,,
2017-11-24,253.3817443847656,8253.6904296875,1.1853959560394287,1286.699951171875,76.57633972167969,23557.990234375
2017-11-25,,8790.919921875,,,,
2017-11-26,,9330.5498046875,,,,
2017-11-27,253.0958404541016,9818.349609375,1.1926485300064087,1293.800048828125,77.13734436035156,23580.779296875
2017-11-28,255.39251708984372,10058.7998046875,1.1904903650283811,1294.699951171875,78.06625366210938,23836.7109375
2017-11-29,256.6409912109375,9888.6103515625,1.184805989265442,1282.0999755859375,76.64990997314453,23940.6796875
2017-11-30,263.7884216308594,10233.599609375,1.18519926071167,1273.199951171875,77.41328430175781,24272.349609375
2017-12-01,258.62322998046875,10975.599609375,1.1898245811462402,1278.800048828125,77.49605560302734,24231.58984375
2017-12-02,,11074.599609375,,,,
2017-12-03,,11323.2001953125,,,,
2017-12-04,264.9034423828125,11657.2001953125,1.1859863996505735,1274.300048828125,74.5713119506836,24290.05078125
2017-12-05,262.587646484375,11916.7001953125,1.1867746114730835,1261.5999755859375,75.0403823852539,24180.640625
2017-12-06,265.1893310546875,14291.5,1.1832919120788574,1262.800048828125,76.13484954833984,24140.91015625
2017-12-07,268.71539306640625,17899.69921875,1.1804285049438477,1249.800048828125,75.86813354492188,24211.48046875
2017-12-08,272.46063232421875,16569.400390625,1.1772184371948242,1245.199951171875,77.40406799316406,24329.16015625
2017-12-09,,15178.2001953125,,,,
2017-12-10,,15455.400390625,,,,
2017-12-11,269.84942626953125,16936.80078125,1.176996827125549,1243.699951171875,78.38819885253906,24386.029296875
2017-12-12,276.310791015625,17415.400390625,1.1777591705322266,1238.5,78.7100830078125,24504.80078125
2017-12-13,278.1214599609375,16408.19921875,1.1742602586746216,1245.4000244140625,78.49854278564453,24585.4296875
2017-12-14,280.0655517578125,16564.0,1.1835860013961792,1253.800048828125,77.89151763916016,24508.66015625
2017-12-15,280.12274169921875,17706.900390625,1.1774957180023191,1254.300048828125,79.8781509399414,24651.740234375
2017-12-16,,19497.400390625,,,,
2017-12-17,,19140.80078125,,,,
2017-12-18,282.2193603515625,19114.19921875,1.1743566989898682,1262.199951171875,79.44585418701172,24792.19921875
2017-12-19,283.2771301269531,17776.69921875,1.1784253120422363,1260.699951171875,78.94001770019531,24754.75
2017-12-20,283.8965759277344,16624.599609375,1.1841325759887695,1266.0999755859375,78.6549072265625,24726.650390625
2017-12-21,281.1615295410156,15802.900390625,1.1878176927566528,1267.300048828125,78.63651275634766,24782.2890625
2017-12-22,281.2281799316406,13831.7998046875,1.185733199119568,1275.4000244140625,78.64570617675781,24754.060546875
2017-12-23,,14699.2001953125,,,,
2017-12-24,,13925.7998046875,,,,
2017-12-25,,14026.599609375,1.1856067180633545,,,
2017-12-26,281.4759826660156,16099.7998046875,1.187253713607788,1284.0999755859375,78.5445327758789,24746.2109375
2017-12-27,281.7237243652344,15838.5,1.1857894659042358,1287.0,78.82962799072266,24774.30078125
2017-12-28,282.4194030761719,14606.5,1.1900794506072998,1294.0999755859375,78.83888244628906,24837.509765625
2017-12-29,281.0471496582031,14656.2001953125,1.1941723823547363,1306.300048828125,78.67330932617188,24719.220703125
2017-12-30,,12952.2001953125,,,,
2017-12-31,,14156.400390625,,,,
2018-01-01,,13657.2001953125,1.200494647026062,,,
2018-01-02,282.88641357421875,14982.099609375,1.2011579275131226,1313.699951171875,79.05036926269531,24824.009765625
2018-01-03,283.8012390136719,15201.0,1.2063454389572144,1316.199951171875,79.41824340820312,24922.6796875
2018-01-04,282.72442626953125,15599.2001953125,1.2010425329208374,1319.4000244140625,80.11727142333984,25075.130859375
2018-01-05,294.3222961425781,17429.5,1.2068840265274048,1320.300048828125,81.11056518554688,25295.869140625
2018-01-06,,17527.0,,,,
2018-01-07,,16477.599609375,,,,
2018-01-08,295.5707092285156,15170.099609375,1.2037460803985596,1318.5999755859375,81.19334411621094,25283.0
2018-01-09,303.4615173339844,14595.400390625,1.1970456838607788,1311.699951171875,81.1381607055664,25385.80078125
2018-01-10,305.2055358886719,14973.2998046875,1.1929330825805664,1317.4000244140625,80.77027893066406,25369.130859375
2018-01-11,312.6960144042969,13405.7998046875,1.195614457130432,1320.5999755859375,81.0093765258789,25574.73046875
2018-01-12,320.4057006835937,13980.599609375,1.2042099237442017,1333.4000244140625,82.4073715209961,25803.189453125
2018-01-13,,14360.2001953125,,,,
2018-01-14,,13772.0,,,,
2018-01-15,,13819.7998046875,1.2192296981811523,,,
2018-01-16,319.4051208496094,11490.5,1.2268433570861816,1335.4000244140625,81.25770568847656,25792.859375
2018-01-17,334.5100402832031,11188.599609375,1.227129340171814,1338.0,82.90404510498047,26115.650390625
2018-01-18,324.1700744628906,11474.900390625,1.218397855758667,1326.0,82.86724090576172,26017.810546875
2018-01-19,321.85430908203125,11607.400390625,1.2236607074737549,1331.9000244140625,82.77526092529297,26071.720703125
2018-01-20,,12899.2001953125,,,,
2018-01-21,,11600.099609375,,,,
2018-01-22,322.1116027832031,10931.400390625,1.2255502939224243,1330.9000244140625,84.25602722167969,26214.599609375
2018-01-23,319.8148193359375,10868.400390625,1.2256253957748413,1335.699951171875,84.52275848388672,26210.810546875
2018-01-24,318.9572448730469,11359.400390625,1.2310267686843872,1355.9000244140625,84.44915008544922,26252.119140625
2018-01-25,326.9813842773437,11259.400390625,1.239111304283142,1362.4000244140625,84.9182357788086,26392.7890625
2018-01-26,327.08624267578125,11171.400390625,1.239234209060669,1351.5999755859375,86.50933837890625,26616.7109375
2018-01-27,,11440.7001953125,,,,
2018-01-28,,11786.2998046875,,,,
2018-01-29,324.7990417480469,11296.400390625,1.2428072690963743,,86.38060760498047,26439.48046875
2018-01-30,321.835205078125,10106.2998046875,1.2381141185760498,1335.4000244140625,85.29531860351562,26076.890625
2018-01-31,337.71209716796875,10221.099609375,1.2409565448760986,1339.0,87.38312530517578,26149.390625
2018-02-01,340.1612854003906,9170.5400390625,1.241865873336792,1344.300048828125,86.69329833984375,26186.7109375
2018-02-02,332.5087585449219,8830.75,1.2510008811950684,1333.699951171875,84.41238403320312,25520.9609375
2018-02-03,,9174.91015625,,,,
2018-02-04,,8277.009765625,,,,
2018-02-05,313.4202575683594,6955.27001953125,1.244694471359253,1333.0,80.93582153320312,24345.75
2018-02-06,324.88482666015625,7754.0,1.2367818355560305,1326.0999755859375,83.9985122680664,24912.76953125
2018-02-07,331.7558898925781,7621.2998046875,1.238129496574402,1311.5999755859375,82.41657257080078,24893.349609375
2018-02-08,315.71441650390625,8265.58984375,1.2268133163452148,1316.9000244140625,78.18582153320312,23860.4609375
2018-02-09,318.7503356933594,8736.98046875,1.2260762453079224,1313.0999755859375,81.10137176513672,24190.900390625
2018-02-10,,8621.900390625,,,,
2018-02-11,,8129.97021484375,,,,
2018-02-12,329.2562561035156,8926.5703125,1.2252799272537231,1324.199951171875,81.97509002685547,24601.26953125
2018-02-13,328.6433410644531,8598.3095703125,1.2303755283355713,1328.0999755859375,82.618896484375,24640.44921875
2018-02-14,330.2618408203125,9494.6298828125,1.235376238822937,1355.5,83.9125747680664,24893.490234375
2018-02-15,341.3807067871094,10166.400390625,1.2467273473739624,1352.0999755859375,85.6220703125,25200.369140625
2018-02-16,340.02081298828125,10233.900390625,1.2503595352172852,1353.199951171875,85.01220703125,25219.380859375
2018-02-17,,11112.7001953125,,,,
2018-02-18,,10551.7998046875,,,,
2018-02-19,,11225.2998046875,1.241187572479248,,,
2018-02-20,338.4022827148437,11403.7001953125,1.2398641109466553,1328.800048828125,85.67748260498047,24964.75
2018-02-21,337.4637451171875,10690.400390625,1.233532428741455,1330.0,84.54093170166016,24797.779296875
2018-02-22,340.86358642578125,10005.0,1.2281843423843384,1330.5999755859375,84.7627182006836,24962.48046875
2018-02-23,341.5722351074219,10301.099609375,1.2326656579971311,1328.199951171875,86.91571044921875,25309.990234375
2018-02-24,,9813.0703125,,,,
2018-02-25,,9664.73046875,,,,
2018-02-26,348.103759765625,10366.7001953125,1.228712558746338,1330.699951171875,88.17243957519531,25709.26953125
2018-02-27,349.2147521972656,10725.599609375,1.2315573692321775,1315.5,87.04508209228516,25410.029296875
2018-02-28,346.88751220703125,10397.900390625,1.2230321168899536,1315.5,86.64774322509766,25029.19921875
2018-03-01,334.89715576171875,10951.0,1.2191256284713743,1302.9000244140625,85.797607421875,24608.98046875
2018-03-02,330.0895080566406,11086.400390625,1.2270842790603638,1321.0999755859375,85.9824447631836,24538.060546875
2018-03-03,,11489.7001953125,,,,
2018-03-04,,11512.599609375,,,,
2018-03-05,337.82763671875,11573.2998046875,1.2315422296524048,1318.0999755859375,86.52763366699219,24874.759765625
2018-03-06,334.1596984863281,10779.900390625,1.2336541414260864,1333.5999755859375,86.23194122314453,24884.119140625
2018-03-07,332.3592224121094,9965.5703125,1.2416653633117676,1326.0,86.7309341430664,24801.359375
2018-03-08,333.97772216796875,9395.009765625,1.2414649724960327,1319.9000244140625,87.25760650634766,24895.2109375
2018-03-09,339.52276611328125,9337.5498046875,1.2306632995605469,1322.4000244140625,89.20735168457031,25335.740234375
2018-03-10,,8866.0,,,,
2018-03-11,,9578.6298828125,,,,
2018-03-12,329.6297912597656,9205.1201171875,1.2308752536773682,1319.4000244140625,89.41987609863281,25178.609375
2018-03-13,324.34332275390625,9194.849609375,1.2339584827423096,1325.9000244140625,87.2391357421875,25007.029296875
2018-03-14,316.2890625,8269.8095703125,1.239234209060669,1324.4000244140625,86.7216567993164,24758.119140625
2018-03-15,316.0209045410156,8300.8603515625,1.2375624179840088,1316.800048828125,87.02661895751953,24873.66015625
2018-03-16,316.4901428222656,8338.349609375,1.2309207916259766,1311.300048828125,87.41471099853516,24946.509765625
2018-03-17,,7916.8798828125,,,,
2018-03-18,,8223.6796875,,,,
2018-03-19,317.7256164550781,8630.650390625,1.228078842163086,1316.800048828125,85.83463287353516,24610.91015625
2018-03-20,323.3472595214844,8913.4697265625,1.233684539794922,1311.0999755859375,86.05635833740234,24727.26953125
2018-03-21,322.8396911621094,8929.2802734375,1.2251899242401123,1320.699951171875,85.45575714111328,24682.310546875
2018-03-22,306.0895690917969,8728.4697265625,1.234766125679016,1326.5999755859375,82.97005462646484,23957.890625
2018-03-23,307.4207458496094,8879.6201171875,1.2324985265731812,1349.300048828125,80.55830383300781,23533.19921875
2018-03-24,,8668.1201171875,,,,
2018-03-25,,8495.7802734375,,,,
2018-03-26,315.0536499023437,8209.400390625,1.235437273979187,1354.4000244140625,86.65699768066406,24202.599609375
2018-03-27,307.53570556640625,7833.0400390625,1.2457488775253296,1341.300048828125,82.67436981201172,23857.7109375
2018-03-28,306.4822082519531,7954.47998046875,1.240787148475647,1324.199951171875,82.60043334960938,23848.419921875
2018-03-29,314.0097351074219,7165.7001953125,1.2310267686843872,1322.800048828125,84.33763122558594,24103.109375
2018-03-30,,6890.52001953125,1.2302846908569336,,,
2018-03-31,,6973.52978515625,,,,
2018-04-01,,6844.22998046875,,,,
2018-04-02,308.79986572265625,7083.7998046875,1.231420874595642,1342.0999755859375,81.79652404785156,23644.189453125
2018-04-03,316.8253479003906,7456.10986328125,1.229271411895752,1332.800048828125,82.89612579345703,24033.359375
2018-04-04,313.5883178710937,6853.83984375,1.2278525829315186,1335.800048828125,85.31713104248047,24264.30078125
2018-04-05,322.1693115234375,6811.47021484375,1.228682279586792,1324.300048828125,85.36332702636719,24505.220703125
2018-04-06,312.3241882324219,6636.31982421875,1.2251598834991455,1331.9000244140625,83.37665557861328,23932.759765625
2018-04-07,,6911.08984375,,,,
2018-04-08,,7023.52001953125,,,,
2018-04-09,308.8382263183594,6770.72998046875,1.227144479751587,1336.300048828125,83.87562561035156,23979.099609375
2018-04-10,320.6656799316406,6834.759765625,1.2322403192520142,1342.0,85.82534790039062,24408.0
2018-04-11,313.5117492675781,6968.31982421875,1.2363078594207764,1356.5,84.88284301757812,24189.44921875
2018-04-12,323.2036437988281,7889.25,1.2371643781661987,1338.4000244140625,86.47216796875,24483.05078125
2018-04-13,315.3504943847656,7895.9599609375,1.2329696416854858,1344.800048828125,86.01016235351562,24360.140625
2018-04-14,,7986.240234375,,,,
2018-04-15,,8329.1103515625,,,,
2018-04-16,317.7351989746094,8058.669921875,1.233258605003357,1347.5,87.0173568725586,24573.0390625
2018-04-17,322.47576904296875,7902.08984375,1.2385127544403076,1347.199951171875,88.7730484008789,24786.630859375
2018-04-18,326.5747375488281,8163.419921875,1.237317442893982,1351.199951171875,89.11493682861328,24748.0703125
2018-04-19,326.22998046875,8294.3095703125,1.237914800643921,1346.800048828125,88.81001281738281,24664.890625
2018-04-20,324.34332275390625,8845.830078125,1.2345526218414309,1336.699951171875,87.78431701660156,24462.939453125
2018-04-21,,8895.580078125,,,,
2018-04-22,,8802.4599609375,,,,
2018-04-23,324.50604248046875,8930.8798828125,1.2273402214050293,1322.5,88.10775756835938,24448.689453125
2018-04-24,315.13983154296875,9697.5,1.22089684009552,1331.4000244140625,86.0471420288086,24024.130859375
2018-04-25,328.3560485839844,8845.740234375,1.2241400480270386,1321.199951171875,85.29866790771484,24083.830078125
2018-04-26,328.2890319824219,9281.509765625,1.2171669006347656,1316.300048828125,87.10052490234375,24322.33984375
2018-04-27,326.45977783203125,8987.0498046875,1.2109616994857788,1320.300048828125,88.54203033447266,24311.189453125
2018-04-28,,9348.48046875,,,,
2018-04-29,,9419.080078125,,,,
2018-04-30,319.449462890625,9240.5498046875,1.2122827768325806,1316.199951171875,86.41674041748047,24163.150390625
2018-05-01,315.5995178222656,9119.009765625,1.2081234455108645,1303.800048828125,87.78431701660156,24099.05078125
2018-05-02,310.475830078125,9235.919921875,1.1991558074951172,1302.5999755859375,86.4074935913086,23924.98046875
2018-05-03,316.70086669921875,9743.8603515625,1.19510018825531,1310.699951171875,86.92497253417969,23930.150390625
2018-05-04,320.2825927734375,9700.759765625,1.1989257335662842,1312.699951171875,87.93218231201172,24262.509765625
2018-05-05,,9858.150390625,,,,
2018-05-06,,9654.7998046875,,,,
2018-05-07,326.0288391113281,9373.009765625,1.195500135421753,1312.199951171875,88.91165924072266,24357.3203125
2018-05-08,324.05596923828125,9234.8203125,1.1933743953704834,1312.0,88.53279113769531,24360.2109375
2018-05-09,329.9266662597656,9325.1796875,1.1867886781692505,1311.300048828125,89.57699584960938,24542.5390625
2018-05-10,331.1586303710937,9043.9404296875,1.184721827507019,1320.800048828125,90.47330474853516,24739.529296875
2018-05-11,329.6090393066406,8441.490234375,1.1917530298233032,1319.0,90.27925872802734,24831.169921875
2018-05-12,,8504.8896484375,,,,
2018-05-13,,8723.9404296875,,,,
2018-05-14,331.6590881347656,8716.7900390625,1.1952143907546997,1316.5,90.58419036865234,24899.41015625
2018-05-15,329.2818298339844,8510.3798828125,1.1931180953979492,1288.9000244140625,89.9281005859375,24706.41015625
2018-05-16,328.1749572753906,8368.830078125,1.1820889711380005,1290.199951171875,90.16014862060548,24768.9296875
2018-05-17,331.2260437011719,8094.31982421875,1.1816978454589844,1288.199951171875,89.2599105834961,24713.98046875
2018-05-18,338.04998779296875,8250.9697265625,1.179523468017578,1290.199951171875,89.42696380615234,24715.08984375
2018-05-19,,8247.1796875,,,,
2018-05-20,,8513.25,,,,
2018-05-21,350.26373291015625,8418.990234375,1.1766643524169922,1290.199951171875,90.5777587890625,25013.2890625
2018-05-22,341.69775390625,8041.77978515625,1.1792453527450562,1291.699951171875,90.48495483398438,24834.41015625
2018-05-23,345.7304992675781,7557.81982421875,1.1788560152053833,1289.300048828125,91.56149291992188,24886.810546875
2018-05-24,345.52838134765625,7587.33984375,1.1710150241851809,1303.699951171875,91.23668670654295,24811.759765625
2018-05-25,346.57745361328125,7480.14013671875,1.1722642183303833,1303.300048828125,91.28305053710938,24753.08984375
2018-05-26,,7355.8798828125,,,,
2018-05-27,,7368.22021484375,,,,
2018-05-28,,7135.990234375,1.1688934564590454,,,
2018-05-29,339.2530822753906,7472.58984375,1.162696123123169,1298.699951171875,90.95825958251952,24361.44921875
2018-05-30,344.748779296875,7406.52001953125,1.1539349555969238,1301.5,91.83061981201172,24667.779296875
2018-05-31,338.945068359375,7494.169921875,1.1667250394821167,1300.0999755859375,91.7285385131836,24415.83984375
2018-06-01,343.3339538574219,7541.4501953125,1.1693171262741089,1294.800048828125,93.53821563720705,24635.2109375
2018-06-02,,7643.4501953125,,,,
2018-06-03,,7720.25,,,,
2018-06-04,347.1935119628906,7514.47021484375,1.1668611764907837,1293.0999755859375,94.35492706298828,24813.689453125
2018-06-05,346.58709716796875,7633.759765625,1.1700559854507446,1297.5,94.83751678466795,24799.98046875
2018-06-06,357.6170654296875,7653.97998046875,1.1726216077804563,1297.0999755859375,95.11593627929688,25146.390625
2018-06-07,354.70074462890625,7678.240234375,1.178550362586975,1298.699951171875,93.62175750732422,25241.41015625
2018-06-08,355.63433837890625,7624.919921875,1.179523468017578,1298.0999755859375,94.31778717041016,25316.529296875
2018-06-09,,7531.97998046875,,,,
2018-06-10,,6786.02001953125,,,,
2018-06-11,357.0202941894531,6906.919921875,1.1783976554870603,1298.9000244140625,93.7795181274414,25322.310546875
2018-06-12,356.7123413085937,6582.35986328125,1.177412509918213,1295.0999755859375,94.02082061767578,25320.73046875
2018-06-13,350.1964416503906,6349.89990234375,1.17482590675354,1296.9000244140625,93.59392547607422,25201.19921875
2018-06-14,348.8200988769531,6675.35009765625,1.1807769536972046,1304.0,94.12291717529295,25175.310546875
2018-06-15,344.45037841796875,6456.580078125,1.1566576957702637,1274.5999755859375,92.92572021484376,25090.48046875
2018-06-16,,6550.16015625,,,,
2018-06-17,,6499.27001953125,,,,
2018-06-18,341.4282531738281,6734.81982421875,1.159595012664795,1276.199951171875,93.60319519042967,24987.470703125
2018-06-19,328.3193359375,6769.93994140625,1.163074612617493,1275.5999755859375,93.60319519042967,24700.2109375
2018-06-20,329.8304138183594,6776.5498046875,1.1588560342788696,1271.199951171875,94.54052734375,24657.80078125
2018-06-21,324.9891662597656,6729.740234375,1.1579033136367798,1267.199951171875,93.863037109375,24461.69921875
2018-06-22,326.1922912597656,6083.68994140625,1.1605775356292725,1267.4000244140625,93.18557739257812,24580.890625
2018-06-23,,6162.47998046875,,,,
2018-06-24,,6173.22998046875,,,,
2018-06-25,318.7715759277344,6249.18017578125,1.1661399602890017,1265.5999755859375,91.31090545654295,24252.80078125
2018-06-26,318.8678283691406,6093.669921875,1.1702749729156494,1256.5999755859375,91.95126342773438,24283.109375
2018-06-27,317.4433898925781,6157.1298828125,1.1650259494781494,1252.800048828125,90.52204895019533,24117.58984375
2018-06-28,322.0921630859375,5903.43994140625,1.1563634872436523,1247.800048828125,91.53365325927734,24216.05078125
2018-06-29,322.9198913574219,6218.2998046875,1.1562966108322144,1251.300048828125,91.5150909423828,24271.41015625
2018-06-30,,6404.0,,,,
2018-07-01,,6385.81982421875,,,,
2018-07-02,323.4684143066406,6614.18017578125,1.1678558588027954,1239.800048828125,92.81434631347656,24307.1796875
2018-07-03,320.4366455078125,6529.58984375,1.1642121076583862,1251.5999755859375,91.92341613769533,24174.8203125
2018-07-04,,6597.5498046875,1.1659224033355713,,,
2018-07-05,320.67724609375,6639.14013671875,1.166235089302063,1257.300048828125,92.58234405517578,24356.740234375
2018-07-06,322.08251953125,6673.5,1.1695905923843384,1254.300048828125,93.881591796875,24456.48046875
2018-07-07,,6856.93017578125,,,,
2018-07-08,,6773.8798828125,,,,
2018-07-09,329.0893249511719,6741.75,1.1752262115478516,1258.0999755859375,94.52195739746094,24776.58984375
2018-07-10,334.13262939453125,6329.9501953125,1.1756960153579712,1253.800048828125,94.7725601196289,24919.66015625
2018-07-11,327.8188171386719,6394.7099609375,1.1727042198181152,1242.800048828125,94.6426239013672,24700.44921875
2018-07-12,333.0450744628906,6228.81005859375,1.1676785945892334,1245.0,96.693603515625,24924.890625
2018-07-13,337.62646484375,6238.0498046875,1.1665889024734497,1239.5999755859375,97.8443832397461,25019.41015625
2018-07-14,,6276.1201171875,,,,
2018-07-15,,6359.64013671875,,,,
2018-07-16,342.7372131347656,6741.75,1.1679104566574097,1238.0999755859375,97.36177825927734,25064.359375
2018-07-17,343.4879455566406,7321.0400390625,1.170946478843689,1225.699951171875,98.32698059082033,25119.890625
2018-07-18,346.71221923828125,7370.77978515625,1.1653246879577637,1226.300048828125,97.55669403076172,25199.2890625
2018-07-19,341.99609375,7466.85986328125,1.164564609527588,1222.4000244140625,96.88848876953124,25064.5
2018-07-20,341.58221435546875,7354.1298828125,1.1655147075653076,1229.5,98.62394714355467,25058.119140625
2018-07-21,,7419.2900390625,,,,
2018-07-22,,7418.490234375,,,,
2018-07-23,340.01336669921875,7711.10986328125,1.1741912364959717,1224.0,100.20162963867188,25044.2890625
2018-07-24,344.82574462890625,8424.26953125,1.1694128513336182,1223.9000244140625,99.9139404296875,25241.939453125
2018-07-25,342.5639343261719,8181.39013671875,1.1685519218444824,1231.4000244140625,102.85586547851562,25414.099609375
2018-07-26,345.8363952636719,7951.580078125,1.1737502813339231,1225.300048828125,101.73292541503906,25527.0703125
2018-07-27,347.1164855957031,8165.009765625,1.16429340839386,1222.5999755859375,99.9324951171875,25451.060546875
2018-07-28,,8192.150390625,,,,
2018-07-29,,8218.4599609375,,,,
2018-07-30,337.88629150390625,8180.47998046875,1.16604483127594,1221.300048828125,97.7886962890625,25306.830078125
2018-07-31,342.9297180175781,7780.43994140625,1.170740842819214,1223.699951171875,98.44761657714844,25415.189453125
2018-08-01,339.5225524902344,7624.91015625,1.168961763381958,1217.9000244140625,98.63323974609376,25333.8203125
2018-08-02,336.6062316894531,7567.14990234375,1.1665889024734497,1210.5999755859375,99.83039855957033,25326.16015625
2018-08-03,335.3646850585937,7434.39013671875,1.1586008071899414,1214.199951171875,100.2666244506836,25462.580078125
2018-08-04,,7032.85009765625,,,,
2018-08-05,,7068.47998046875,,,,
2018-08-06,333.5648498535156,6951.7998046875,1.1562297344207764,1208.5999755859375,100.35010528564452,25502.1796875
2018-08-07,337.5976257324219,6753.1201171875,1.1558021306991575,1209.5999755859375,101.04615020751952,25628.91015625
2018-08-08,334.7294006347656,6305.7998046875,1.1602946519851685,1212.5999755859375,101.61227416992188,25583.75
2018-08-09,332.4564208984375,6568.22998046875,1.1610760688781738,1211.9000244140625,101.7793197631836,25509.23046875
2018-08-10,328.2876892089844,6184.7099609375,1.1523923873901367,1211.0999755859375,101.1575164794922,25313.140625
2018-08-11,,6295.72998046875,,,,
2018-08-12,,6322.68994140625,,,,
2018-08-13,327.27203369140625,6297.56982421875,1.1394712924957275,1191.300048828125,100.42437744140624,25187.69921875
2018-08-14,328.0265197753906,6199.7099609375,1.1402509212493896,1193.0,101.67723083496094,25299.919921875
2018-08-15,320.8883361816406,6308.52001953125,1.134571552276611,1177.5,100.29844665527344,25162.41015625
2018-08-16,334.64239501953125,6334.72998046875,1.134429931640625,1176.199951171875,100.2798080444336,25558.73046875
2018-08-17,335.048583984375,6580.6298828125,1.1371389627456665,1176.5,100.22390747070312,25669.3203125
2018-08-18,,6423.759765625,,,,
2018-08-19,,6506.06982421875,,,,
2018-08-20,339.2463684082031,6308.52978515625,1.1437721252441406,1186.800048828125,99.5624542236328,25758.689453125
2018-08-21,342.1770935058594,6488.759765625,1.149134635925293,1192.5999755859375,98.73329162597656,25822.2890625
2018-08-22,338.55963134765625,6376.7099609375,1.1576753854751587,1196.300048828125,99.73946380615234,25733.599609375
2018-08-23,336.09326171875,6534.8798828125,1.1584800481796265,1187.0,100.2052764892578,25656.98046875
2018-08-24,337.93096923828125,6719.9599609375,1.154334545135498,1206.300048828125,100.9878387451172,25790.349609375
2018-08-25,,6763.18994140625,,,,
2018-08-26,,6707.259765625,,,,
2018-08-27,342.1481018066406,6884.64013671875,1.164890170097351,1209.0,102.10578155517578,26049.640625
2018-08-28,339.70098876953125,7096.27978515625,1.1683608293533323,1207.4000244140625,102.72064971923828,26064.01953125
2018-08-29,338.7143859863281,7047.16015625,1.1691256761550903,1204.5,104.3603057861328,26124.5703125
2018-08-30,335.5321960449219,6978.22998046875,1.1709738969802856,1197.699951171875,104.29509735107422,25986.919921875
2018-08-31,331.556884765625,7037.580078125,1.1664663553237915,1200.300048828125,104.64911651611328,25964.8203125
2018-09-01,,7193.25,,,,
2018-09-02,,7272.72021484375,,,,
2018-09-03,,7260.06005859375,1.1601063013076782,,,
2018-09-04,334.90350341796875,7361.66015625,1.161548137664795,1192.699951171875,104.07149505615234,25952.48046875
2018-09-05,335.3194274902344,6792.830078125,1.1586545705795288,1194.9000244140625,101.07167053222656,25974.990234375
2018-09-06,339.7590026855469,6529.169921875,1.1635212898254397,1197.9000244140625,101.3045883178711,25995.869140625
2018-09-07,337.834228515625,6467.06982421875,1.162006974220276,1193.5999755859375,100.81082916259766,25916.5390625
2018-09-08,,6225.97998046875,,,,
2018-09-09,,6300.85986328125,,,,
2018-09-10,330.6573181152344,6329.7001953125,1.1561094522476196,1193.0,101.90084838867188,25857.0703125
2018-09-11,333.936279296875,6321.2001953125,1.159595012664795,1195.4000244140625,103.6336441040039,25971.060546875
2018-09-12,341.8288879394531,6351.7998046875,1.1596084833145142,1204.699951171875,104.07149505615234,25998.919921875
2018-09-13,343.81170654296875,6517.31005859375,1.1629259586334229,1202.0,105.189453125,26145.990234375
2018-09-14,348.0094909667969,6512.7099609375,1.169180393218994,1195.0,105.61803436279295,26154.669921875
2018-09-15,,6543.2001953125,,,,
2018-09-16,,6517.18017578125,,,,
2018-09-17,344.2953186035156,6281.2001953125,1.1628988981246948,1199.699951171875,104.4721221923828,26062.119140625
2018-09-18,351.6656188964844,6371.2998046875,1.1669156551361084,1196.800048828125,105.4689483642578,26246.9609375
2018-09-19,353.2518920898437,6398.5400390625,1.167992353439331,1202.199951171875,104.06218719482422,26405.759765625
2018-09-20,355.4184875488281,6519.669921875,1.167460560798645,1206.199951171875,105.80431365966795,26656.98046875
2018-09-21,360.0321655273437,6734.9501953125,1.1775927543640137,1196.199951171875,106.44715881347656,26743.5
2018-09-22,,6721.97998046875,,,,
2018-09-23,,6710.6298828125,,,,
2018-09-24,355.9310913085937,6595.41015625,1.1751019954681396,1199.300048828125,106.82909393310548,26562.05078125
2018-09-25,355.196044921875,6446.47021484375,1.175295352935791,1200.0,106.6241455078125,26492.2109375
2018-09-26,353.0680847167969,6495.0,1.1763184070587158,1194.0,106.18629455566406,26385.279296875
2018-09-27,355.35076904296875,6676.75,1.1748534440994265,1182.300048828125,106.58689880371094,26439.9296875
2018-09-28,359.7129821777344,6644.1298828125,1.1637378931045532,1191.5,106.54963684082033,26458.310546875
2018-09-29,,6601.9599609375,,,,
2018-09-30,,6625.56005859375,,,,
2018-10-01,369.7624816894531,6589.6201171875,1.1605371236801147,1187.0999755859375,107.7048568725586,26651.2109375
2018-10-02,373.7088012695313,6556.10009765625,1.157755732536316,1202.4000244140625,107.27627563476562,26773.939453125
2018-10-03,379.4444580078125,6502.58984375,1.1551746129989624,1198.300048828125,107.29492950439452,26828.390625
2018-10-04,377.2101745605469,6576.68994140625,1.147631287574768,1197.199951171875,105.07765197753906,26627.48046875
2018-10-05,373.8055114746094,6622.47998046875,1.1518083810806274,1201.199951171875,104.4627914428711,26447.05078125
2018-10-06,,6588.31005859375,,,,
2018-10-07,,6602.9501953125,,,,
2018-10-08,373.1284790039063,6652.22998046875,1.1522595882415771,1184.4000244140625,103.2703094482422,26486.779296875
2018-10-09,372.8092956542969,6642.64013671875,1.1494120359420776,1187.199951171875,104.58389282226562,26430.5703125
2018-10-10,355.4281921386719,6585.52978515625,1.1506949663162231,1189.300048828125,98.9010009765625,25598.740234375
2018-10-11,346.3748474121094,6256.240234375,1.1533360481262207,1223.5,98.6680908203125,25052.830078125
2018-10-12,348.3092956542969,6274.580078125,1.1590440273284912,1218.0999755859375,102.07785034179688,25339.990234375
2018-10-13,,6285.990234375,,,,
2018-10-14,,6290.93017578125,,,,
2018-10-15,347.11962890625,6596.5400390625,1.1551345586776731,1226.4000244140625,100.24254608154295,25250.55078125
2018-10-16,356.1825866699219,6596.10986328125,1.1583458185195925,1227.300048828125,103.41007232666016,25798.419921875
2018-10-17,353.5227355957031,6544.43017578125,1.1575279235839844,1223.699951171875,103.13987731933594,25706.6796875
2018-10-18,347.5742492675781,6476.7099609375,1.1500862836837769,1226.5,101.08099365234376,25379.44921875
2018-10-19,344.5855407714844,6465.41015625,1.1460003852844238,1225.300048828125,101.23005676269533,25444.33984375
2018-10-20,,6489.18994140625,,,,
2018-10-21,,6482.35009765625,,,,
2018-10-22,344.314697265625,6487.16015625,1.1509466171264648,1221.199951171875,102.13372802734376,25317.41015625
2018-10-23,338.5789794921875,6475.740234375,1.1467890739440918,1233.4000244140625,100.70833587646484,25191.4296875
2018-10-24,343.0282592773437,6495.83984375,1.147315263748169,1227.800048828125,95.32357025146484,24583.419921875
2018-10-25,351.8493957519531,6476.2900390625,1.139925837516785,1229.0999755859375,100.89466094970705,24984.55078125
2018-10-26,347.4968566894531,6474.75,1.1377859115600586,1232.5,99.6462860107422,24688.310546875
2018-10-27,,6480.3798828125,,,,
2018-10-28,,6486.39013671875,,,,
2018-10-29,324.5928649902344,6332.6298828125,1.1398738622665403,1224.5,96.74895477294922,24442.919921875
2018-10-30,338.44354248046875,6334.27001953125,1.137617588043213,1222.5999755859375,96.63717651367188,24874.640625
2018-10-31,343.2313537597656,6317.60986328125,1.1346358060836792,1212.300048828125,99.5065689086914,25115.759765625
2018-11-01,351.1723022460937,6377.77978515625,1.1316697597503662,1236.0,98.67740631103516,25380.740234375
2018-11-02,346.02667236328125,6388.43994140625,1.140328884124756,1230.9000244140625,98.9010009765625,25270.830078125
2018-11-03,,6361.259765625,,,,
2018-11-04,,6376.1298828125,,,,
2018-11-05,350.1181030273437,6419.66015625,1.1397570371627808,1229.800048828125,100.15869903564452,25461.69921875
2018-11-06,354.4609375,6461.009765625,1.141291856765747,1223.800048828125,100.3543472290039,25635.009765625
2018-11-07,359.8289794921875,6530.14013671875,1.1438506841659546,1226.199951171875,104.3044204711914,26180.30078125
2018-11-08,360.2760314941406,6453.72021484375,1.1434059143066406,1222.9000244140625,104.10877227783205,26191.220703125
2018-11-09,358.886474609375,6385.6201171875,1.1368415355682373,1206.4000244140625,102.07785034179688,25989.30078125
2018-11-10,,6409.22021484375,,,,
2018-11-11,,6411.27001953125,,,,
2018-11-12,346.9249267578125,6371.27001953125,1.132502794265747,1201.300048828125,99.5624542236328,25387.1796875
2018-11-13,339.61773681640625,6359.490234375,1.123342990875244,1199.199951171875,99.62769317626952,25286.490234375
2018-11-14,334.9633178710937,5738.35009765625,1.1311193704605105,1207.9000244140625,98.21483612060548,25080.5
2018-11-15,331.9024963378906,5648.02978515625,1.131183385848999,1212.800048828125,100.37619018554688,25289.26953125
2018-11-16,326.4415283203125,5575.5498046875,1.1324899196624756,1220.800048828125,101.32121276855467,25413.220703125
2018-11-17,,5554.330078125,,,,
2018-11-18,,5623.5400390625,,,,
2018-11-19,311.8563842773437,4871.490234375,1.141396164894104,1223.0999755859375,97.88739013671876,25017.439453125
2018-11-20,308.70806884765625,4451.8701171875,1.1455016136169434,1219.0,95.16464233398438,24465.640625
2018-11-21,308.3388671875,4602.169921875,1.1372424364089966,1225.800048828125,96.47454833984376,24464.689453125
2018-11-22,,4365.93994140625,1.1388354301452637,,,
2018-11-23,303.4803466796875,4347.10986328125,1.1403158903121948,1221.0,96.4371109008789,24285.94921875
2018-11-24,,3880.760009765625,,,,
2018-11-25,,4009.969970703125,,,,
2018-11-26,307.4059753417969,3779.1298828125,1.133735418319702,1220.199951171875,99.61830139160156,24640.240234375
2018-11-27,309.0287475585937,3820.719970703125,1.1333370208740234,1211.199951171875,100.24520111083984,24748.73046875
2018-11-28,324.0609130859375,4257.419921875,1.1298797130584717,1221.4000244140625,103.96910095214844,25366.4296875
2018-11-29,332.8644714355469,4278.8466796875,1.1368545293807983,1224.0999755859375,103.0988998413086,25338.83984375
2018-11-30,336.9455871582031,4017.2685546875,1.1392766237258911,1220.199951171875,103.7538833618164,25538.4609375
2018-12-01,,4214.671875,,,,
2018-12-02,,4139.8779296875,,,,
2018-12-03,349.77197265625,3894.130859375,1.1342240571975708,1233.9000244140625,104.87665557861328,25826.4296875
2018-12-04,332.8061828613281,3956.893798828125,1.135486125946045,1241.0999755859375,101.536376953125,25027.0703125
2018-12-05,,3753.994873046875,1.1342884302139282,,,
2018-12-06,322.50616455078125,3521.101806640625,1.13490629196167,1238.0999755859375,102.16329193115234,24947.669921875
2018-12-07,314.07183837890625,3419.937255859375,1.1374752521514893,1246.800048828125,98.07450103759766,24388.94921875
2018-12-08,,3476.11474609375,,,,
2018-12-09,,3614.234375,,,,
2018-12-10,317.1132507324219,3502.656005859375,1.1400948762893677,1243.699951171875,100.6662368774414,24423.259765625
2018-12-11,312.9154968261719,3424.588134765625,1.1356538534164429,1241.9000244140625,101.6019058227539,24370.240234375
2018-12-12,317.4436340332031,3486.9501953125,1.1323105096817017,1244.4000244140625,102.06035614013672,24527.26953125
2018-12-13,316.2581787109375,3313.67724609375,1.1373459100723269,1242.699951171875,102.4065399169922,24597.380859375
2018-12-14,309.7283630371094,3242.48486328125,1.1363636255264282,1237.0,99.20664978027344,24100.509765625
2018-12-15,,3236.76171875,,,,
2018-12-16,,3252.839111328125,,,,
2018-12-17,307.1824951171875,3545.86474609375,1.1305949687957764,1247.4000244140625,96.26871490478516,23592.98046875
2018-12-18,318.7748718261719,3696.05908203125,1.1349835395812988,1249.199951171875,97.27920532226562,23675.640625
2018-12-19,310.5057373046875,3745.95068359375,1.137539982795715,1252.0999755859375,97.0172119140625,23323.66015625
2018-12-20,304.1896667480469,4134.44140625,1.138952136039734,1263.5999755859375,94.97750854492188,22859.599609375
2018-12-21,295.9302673339844,3896.543701171875,1.1456853151321411,1253.800048828125,91.90861511230467,22445.369140625
2018-12-22,,4014.1826171875,,,,
2018-12-23,,3998.980224609375,,,,
2018-12-24,285.8343505859375,4078.59912109375,1.1372811794281006,1267.5,88.07244110107422,21792.19921875
2018-12-25,,3815.49072265625,1.140393853187561,,,
2018-12-26,305.0447692871094,3857.297607421875,1.1415525674819946,1269.199951171875,94.08866119384766,22878.44921875
2018-12-27,308.1639404296875,3654.83349609375,1.1361312866210938,1277.300048828125,94.6687469482422,23138.8203125
2018-12-28,307.42547607421875,3923.918701171875,1.143105387687683,1279.9000244140625,93.92958068847656,23062.400390625
2018-12-29,,3820.40869140625,,,,
2018-12-30,,3865.95263671875,,,,
2018-12-31,313.37225341796875,3742.700439453125,1.1439945697784424,1278.300048828125,95.03366088867188,23327.4609375
2019-01-01,,3843.52001953125,1.1493064165115356,,,
2019-01-02,314.6451110839844,3943.409423828125,1.14617121219635,1281.0,94.61258697509766,23346.240234375
2019-01-03,302.1005554199219,3836.7412109375,1.1318106651306152,1291.800048828125,91.13201904296876,22686.220703125
2019-01-04,317.82257080078125,3857.717529296875,1.1391078233718872,1282.699951171875,95.37047576904295,23433.16015625
2019-01-05,,3845.194580078125,,,,
2019-01-06,,4076.632568359375,,,,
2019-01-07,318.8234558105469,4025.248291015625,1.1410444974899292,1286.800048828125,95.49210357666016,23531.349609375
2019-01-08,330.89190673828125,4030.847900390625,1.1479737758636477,1283.199951171875,96.1844711303711,23787.44921875
2019-01-09,334.0985107421875,4035.29638671875,1.1456066370010376,1289.300048828125,97.55990600585938,23879.119140625
2019-01-10,342.6300048828125,3678.924560546875,1.1554949283599854,1284.699951171875,96.9330062866211,24001.919921875
2019-01-11,342.91180419921875,3687.365478515625,1.151012897491455,1287.0999755859375,96.1844711303711,23995.94921875
2019-01-12,,3661.301025390625,,,,
2019-01-13,,3552.953125,,,,
2019-01-14,340.44366455078125,3706.05224609375,1.146013617515564,1289.0999755859375,95.48275756835938,23909.83984375
2019-01-15,342.2704772949219,3630.67529296875,1.1472889184951782,1286.199951171875,98.25227355957033,24065.58984375
2019-01-16,342.0956115722656,3655.0068359375,1.1416828632354736,1291.5999755859375,98.59845733642578,24207.16015625
2019-01-17,348.9266052246094,3678.56396484375,1.1398088932037354,1291.0,99.29083251953124,24370.099609375
2019-01-18,354.406982421875,3657.83935546875,1.13926362991333,1281.300048828125,100.77851104736328,24706.349609375
2019-01-19,,3728.568359375,,,,
2019-01-20,,3601.013671875,,,,
2019-01-21,,3576.032470703125,1.1365574598312378,,,
2019-01-22,347.7702331542969,3604.5771484375,1.136932134628296,1282.5,98.87914276123048,24404.48046875
2019-01-23,348.460205078125,3585.123046875,1.1364023685455322,1283.0999755859375,99.84285736083984,24575.619140625
2019-01-24,348.1297912597656,3600.865478515625,1.1388224363327026,1279.0999755859375,99.36568450927734,24553.240234375
2019-01-25,353.8919677734375,3599.765869140625,1.1313496828079224,1297.4000244140625,100.27326965332033,24737.19921875
2019-01-26,,3602.46044921875,,,,
2019-01-27,,3583.9658203125,,,,
2019-01-28,352.6968078613281,3470.450439453125,1.1413049697875977,1302.4000244140625,98.3177719116211,24528.220703125
2019-01-29,354.5818786621094,3448.116943359375,1.143000841140747,1308.199951171875,96.31549072265624,24579.9609375
2019-01-30,376.7463073730469,3486.181640625,1.1435366868972778,1309.9000244140625,99.53410339355467,25014.859375
2019-01-31,374.7057495117188,3457.792724609375,1.1487650871276855,1319.699951171875,97.70960998535156,24999.669921875
2019-02-01,376.4645080566406,3487.9453125,1.1449507474899292,1316.9000244140625,96.16577911376952,25063.890625
2019-02-02,,3521.060791015625,,,,
2019-02-03,,3464.013427734375,,,,
2019-02-04,385.7636413574219,3459.154052734375,1.1455278396606443,1314.300048828125,98.9352798461914,25239.369140625
2019-02-05,398.5705871582031,3466.357421875,1.1436283588409424,1314.199951171875,100.32006072998048,25411.51953125
2019-02-06,399.4742431640625,3413.767822265625,1.140992522239685,1309.5,99.20664978027344,25390.30078125
2019-02-07,395.6802673339844,3399.4716796875,1.1365960836410522,1309.4000244140625,98.49553680419922,25169.529296875
2019-02-08,395.4263916015625,3666.7802734375,1.1338768005371094,1313.699951171875,98.86981201171876,25106.330078125
2019-02-09,,3671.20361328125,,,,
2019-02-10,,3690.188232421875,,,,
2019-02-11,394.4888610839844,3648.4306640625,1.1324259042739868,1307.0,98.47682189941406,25053.109375
2019-02-12,401.1002807617188,3653.528564453125,1.1279042959213257,1309.199951171875,100.01129150390624,25425.759765625
2019-02-13,400.9635925292969,3632.070556640625,1.1334655284881592,1310.800048828125,99.93644714355467,25543.26953125
2019-02-14,400.2213745117188,3616.880859375,1.12649405002594,1309.800048828125,100.02066040039062,25439.390625
2019-02-15,408.1805114746094,3620.810791015625,1.1295350790023804,1318.0999755859375,101.2557144165039,25883.25
2019-02-16,,3629.78759765625,,,,
2019-02-17,,3673.836181640625,,,,
2019-02-18,,3915.71435546875,1.1298030614852903,,,
2019-02-19,406.5105285644531,3947.094482421875,1.131196141242981,1340.0999755859375,101.20890045166016,25891.3203125
2019-02-20,411.6766357421875,3999.820556640625,1.1343011856079102,1343.300048828125,100.68270874023438,25954.439453125
2019-02-21,407.7995910644531,3954.1181640625,1.1346358060836792,1323.5,102.80631256103516,25850.630859375
2019-02-22,414.1180725097656,4005.526611328125,1.1343011856079102,1329.199951171875,104.27214813232422,26031.810546875
2019-02-23,,4142.52685546875,,,,
2019-02-24,,3810.427490234375,,,,
2019-02-25,416.8720397949219,3882.6962890625,1.1342240571975708,1325.9000244140625,104.85472106933594,26091.94921875
2019-02-26,416.77435302734375,3854.35791015625,1.1367511749267578,1325.0999755859375,105.57823181152344,26057.98046875
2019-02-27,425.2413024902344,3851.04736328125,1.139315485954285,1317.699951171875,105.39971923828124,25985.16015625
2019-02-28,429.6554565429688,3854.785400390625,1.1380189657211304,1312.800048828125,105.2681884765625,25916.0
2019-03-01,430.2999877929688,3859.583740234375,1.1373459100723269,1296.4000244140625,105.7379913330078,26026.3203125
2019-03-02,,3864.4150390625,,,,
2019-03-03,,3847.17578125,,,,
2019-03-04,422.55572509765625,3761.55712890625,1.1375917196273804,1284.800048828125,105.48428344726562,25819.650390625
2019-03-05,420.0458984375,3896.375,1.133735418319702,1282.0,104.95808410644533,25806.630859375
2019-03-06,414.51849365234375,3903.942626953125,1.1307101249694824,1284.9000244140625,105.00505828857422,25673.4609375
2019-03-07,412.6629943847656,3911.484375,1.1314009428024292,1283.800048828125,103.72716522216795,25473.23046875
2019-03-08,412.6434631347656,3901.131591796875,1.1198333501815796,1297.0,103.83993530273438,25450.240234375
2019-03-09,,3963.313720703125,,,,
2019-03-10,,3951.599853515625,,,,
2019-03-11,390.6411437988281,3905.227294921875,1.1232421398162842,1288.800048828125,106.01986694335938,25650.880859375
2019-03-12,366.6172790527344,3909.15625,1.1259232759475708,1296.300048828125,106.76219940185548,25554.66015625
2019-03-13,368.3068237304688,3906.71728515625,1.1287446022033691,1307.5,107.58907318115234,25702.890625
2019-03-14,364.55670166015625,3924.369140625,1.133105993270874,1293.4000244140625,107.67365264892578,25709.939453125
2019-03-15,370.1134338378906,3960.9111328125,1.1308379173278809,1301.800048828125,108.91397857666016,25848.869140625
2019-03-16,,4048.725830078125,,,,
2019-03-17,,4025.22900390625,,,,
2019-03-18,363.56060791015625,4032.50732421875,1.1319772005081177,1300.300048828125,110.47378540039062,25914.099609375
2019-03-19,364.68365478515625,4071.190185546875,1.133619785308838,1305.0,110.54898071289062,25887.380859375
2019-03-20,367.3497619628906,4087.476318359375,1.135486125946045,1300.5,110.42681121826172,25745.669921875
2019-03-21,363.97076416015625,4029.326904296875,1.1427918672561646,1306.0999755859375,112.96382904052734,25962.509765625
2019-03-22,353.6874084472656,4023.96826171875,1.1375011205673218,1311.5999755859375,109.98517608642578,25502.3203125
2019-03-23,,4035.826416015625,,,,
2019-03-24,,4022.168212890625,,,,
2019-03-25,361.783203125,3963.070556640625,1.129586100578308,1321.9000244140625,110.55836486816406,25516.830078125
2019-03-26,361.7051086425781,3985.080810546875,1.131580114364624,1314.300048828125,110.79327392578124,25657.73046875
2019-03-27,365.4454040527344,4087.066162109375,1.127484679222107,1309.9000244140625,109.72206115722656,25625.58984375
2019-03-28,365.6700439453125,4069.107177734375,1.1251758337020874,1289.800048828125,109.8724136352539,25717.4609375
2019-03-29,372.486572265625,4098.37451171875,1.1230024099349976,1293.0,110.82144927978516,25928.6796875
2019-03-30,,4106.66015625,,,,
2019-03-31,,4105.404296875,,,,
2019-04-01,382.3695373535156,4158.18310546875,1.1223849058151243,1288.4000244140625,111.83626556396484,26258.419921875
2019-04-02,381.5979919433594,4879.8779296875,1.1205737590789795,1290.0,111.99601745605467,26179.130859375
2019-04-03,375.728759765625,4973.02197265625,1.1203854084014893,1289.9000244140625,112.72893524169922,26218.130859375
2019-04-04,386.5883483886719,4922.798828125,1.1246949434280396,1289.0,112.15574645996094,26384.630859375
2019-04-05,382.7503662109375,5036.68115234375,1.1225864887237549,1290.4000244140625,112.6537857055664,26424.990234375
2019-04-06,,5059.8173828125,,,,
2019-04-07,,5198.89697265625,,,,
2019-04-08,365.7481689453125,5289.77099609375,1.121956706047058,1297.0999755859375,112.69133758544922,26341.01953125
2019-04-09,360.39654541015625,5204.95849609375,1.1256444454193115,1303.5,112.08055877685548,26150.580078125
2019-04-10,356.3925170898437,5324.5517578125,1.126697063446045,1309.0999755859375,112.93566131591795,26157.16015625
2019-04-11,361.49029541015625,5064.48779296875,1.127650022506714,1288.5999755859375,113.06720733642578,26143.05078125
2019-04-12,370.7482299804688,5089.5390625,1.1260753870010376,1290.5999755859375,113.64976501464844,26412.30078125
2019-04-13,,5096.58642578125,,,,
2019-04-14,,5167.72216796875,,,,
2019-04-15,366.6661071777344,5067.1083984375,1.1305055618286133,1286.800048828125,113.74375915527344,26384.76953125
2019-04-16,372.7794799804688,5235.5595703125,1.1304928064346311,1272.5999755859375,113.48065185546876,26452.66015625
2019-04-17,368.6778869628906,5251.93798828125,1.128502607345581,1272.199951171875,114.42029571533205,26449.5390625
2019-04-18,371.1681823730469,5298.3857421875,1.129713773727417,1271.9000244140625,115.9237060546875,26559.5390625
2019-04-19,,5303.8125,1.1235954761505127,,,
2019-04-20,,5337.88623046875,,,,
2019-04-21,,5314.53125,,,,
2019-04-22,366.3829650878906,5399.365234375,1.1244546175003052,1273.5,116.29017639160156,26511.05078125
2019-04-23,365.2598571777344,5572.3623046875,1.1258978843688965,1269.300048828125,117.86875915527344,26656.390625
2019-04-24,366.6661071777344,5464.86669921875,1.122435212135315,1275.5,117.4647445678711,26597.05078125
2019-04-25,373.8341979980469,5210.515625,1.1153494119644165,1275.800048828125,121.35485076904295,26462.080078125
2019-04-26,371.8712768554688,5279.34814453125,1.113684892654419,1284.9000244140625,122.05017852783205,26543.330078125
2019-04-27,,5268.291015625,,,,
2019-04-28,,5285.13916015625,,,,
2019-04-29,370.1720581054688,5247.3525390625,1.1150261163711548,1278.5999755859375,121.93743133544922,26554.390625
2019-04-30,368.8438720703125,5350.7265625,1.1185182332992554,1282.800048828125,122.71733856201172,26592.91015625
2019-05-01,367.9747314453125,5402.697265625,1.121604323387146,1281.4000244140625,120.16150665283205,26430.140625
2019-05-02,366.9981384277344,5505.28369140625,1.1200841665267944,1269.699951171875,118.59229278564452,26307.7890625
2019-05-03,367.6427001953125,5768.28955078125,1.1173559427261353,1279.199951171875,121.11992645263672,26504.94921875
2019-05-04,,5831.16748046875,,,,
2019-05-05,,5795.70849609375,,,,
2019-05-06,362.89654541015625,5746.80712890625,1.1185808181762695,1281.699951171875,120.41520690917967,26438.48046875
2019-05-07,348.86309814453125,5829.50146484375,1.1201846599578855,1283.5,117.94395446777344,25965.08984375
2019-05-08,351.3240661621094,5982.45751953125,1.1191065311431885,1279.4000244140625,117.9345474243164,25967.330078125
2019-05-09,347.82257080078125,6174.52880859375,1.1198333501815796,1283.5,117.92516326904295,25828.359375
2019-05-10,348.3529968261719,6378.84912109375,1.1222084760665894,1285.699951171875,119.45679473876952,25942.369140625
2019-05-11,,7204.771484375,,,,
2019-05-12,,6972.37158203125,,,,
2019-05-13,331.3610534667969,7814.9150390625,1.1236460208892822,1300.0999755859375,115.90492248535156,25324.990234375
2019-05-14,336.9301147460937,7994.416015625,1.1232547760009766,1294.699951171875,117.20162963867188,25532.05078125
2019-05-15,339.4838256835937,8205.16796875,1.1204482316970823,1296.300048828125,118.85210418701172,25648.01953125
2019-05-16,347.5082397460937,7884.9091796875,1.1207244396209717,1285.0,121.59656524658205,25862.6796875
2019-05-17,348.6967163085937,7343.8955078125,1.1173559427261353,1274.5,120.78546905517578,25764.0
2019-05-18,,7271.2080078125,,,,
2019-05-19,,8197.689453125,,,,
2019-05-20,346.5064392089844,7978.30908203125,1.1165324449539185,1276.0999755859375,119.04071807861328,25679.900390625
2019-05-21,352.3602905273437,7963.32763671875,1.1168566942214966,1272.0,119.68205261230467,25877.330078125
2019-05-22,346.4966125488281,7680.06640625,,1273.5999755859375,120.40825653076172,25776.609375
2019-05-23,344.30633544921875,7881.8466796875,1.1155484914779663,1284.800048828125,119.0029754638672,25490.470703125
2019-05-24,348.578857421875,7987.37158203125,1.1184556484222412,1283.0,119.0595703125,25585.689453125
2019-05-25,,8052.5439453125,,,,
2019-05-26,,8673.2158203125,,,,
2019-05-27,,8805.7783203125,1.1209630966186523,,,
2019-05-28,348.5592041015625,8719.9619140625,1.11938214302063,1276.5,118.98413848876952,25347.76953125
2019-05-29,342.58746337890625,8659.4873046875,1.1170687675476074,1280.5999755859375,117.83351135253906,25126.41015625
2019-05-30,343.638427734375,8319.47265625,1.1137346029281616,1287.0999755859375,118.5785903930664,25169.880859375
2019-05-31,335.52557373046875,8574.501953125,1.1131147146224976,1305.800048828125,116.64521026611328,24815.0390625
2019-06-01,,8564.0166015625,,,,
2019-06-02,,8742.9580078125,,,,
2019-06-03,332.8540344238281,8208.9951171875,1.1174057722091677,1322.699951171875,113.02360534667967,24819.779296875
2019-06-04,338.4819641113281,7707.77099609375,1.124631643295288,1323.4000244140625,116.15476989746094,25332.1796875
2019-06-05,342.53839111328125,7824.2314453125,1.1254037618637085,1328.300048828125,118.67288970947266,25539.5703125
2019-06-06,344.394775390625,7822.0234375,1.1229015588760376,1337.5999755859375,120.54972076416016,25720.66015625
2019-06-07,347.4002380371094,8043.951171875,1.127650022506714,1341.199951171875,123.92607879638672,25983.939453125
2019-06-08,,7954.1279296875,,,,
2019-06-09,,7688.0771484375,,,,
2019-06-10,347.4984130859375,8000.32958984375,1.1320157051086426,1324.699951171875,125.05782318115234,26062.6796875
2019-06-11,343.1080627441406,7927.71435546875,1.1318106651306152,1326.4000244140625,124.58624267578124,26048.509765625
2019-06-12,340.8490295410156,8145.857421875,1.1329518556594849,1331.9000244140625,124.01095581054688,26004.830078125
2019-06-13,342.6464233398437,8230.923828125,1.1295605897903442,1339.199951171875,124.79375457763672,26106.76953125
2019-06-14,340.9767150878906,8693.8330078125,1.128044366836548,1340.0999755859375,124.91638946533205,26089.609375
2019-06-15,,8838.375,,,,
2019-06-16,,8994.48828125,,,,
2019-06-17,348.578857421875,9320.3525390625,1.1217050552368164,1338.699951171875,125.29364776611328,26112.529296875
2019-06-18,367.2993774414063,9081.7626953125,1.1224603652954102,1346.5999755859375,127.47222900390624,26465.5390625
2019-06-19,361.9955749511719,9273.521484375,1.1198208332061768,1344.5999755859375,127.9720458984375,26504.0
2019-06-20,368.2030029296875,9527.16015625,1.1238480806350708,1392.9000244140625,129.1603546142578,26753.169921875
2019-06-21,365.2171325683594,10144.556640625,1.1295605897903442,1396.199951171875,129.17922973632812,26719.130859375
2019-06-22,,10701.69140625,,,,
2019-06-23,,10855.37109375,,,,
2019-06-24,367.3288269042969,11011.1025390625,1.1384724378585815,1414.300048828125,129.9431915283203,26727.5390625
2019-06-25,362.7420043945313,11790.9169921875,1.140029788017273,1414.9000244140625,125.84063720703124,26548.220703125
2019-06-26,368.2619323730469,13016.2314453125,1.1369967460632324,1411.5999755859375,126.3121566772461,26536.8203125
2019-06-27,357.53643798828125,11182.806640625,1.1374752521514893,1408.4000244140625,126.51964569091795,26526.580078125
2019-06-28,357.526611328125,12407.33203125,1.1372941732406616,1409.699951171875,126.3404769897461,26599.9609375
2019-06-29,,11959.37109375,,,,
2019-06-30,,10817.1552734375,,,,
2019-07-01,350.111083984375,10583.134765625,1.1364928483963013,1385.5999755859375,127.962646484375,26717.4296875
2019-07-02,347.85205078125,10801.677734375,1.1287446022033691,1404.5999755859375,128.8114471435547,26786.6796875
2019-07-03,348.1565246582031,11961.26953125,1.1293054819107056,1417.699951171875,129.64137268066406,26966.0
2019-07-04,,11215.4375,1.128795504570007,,,
2019-07-05,349.521728515625,10978.4599609375,1.128579020500183,1396.699951171875,129.26414489746094,26922.119140625
2019-07-06,,11208.55078125,,,,
2019-07-07,,11450.8466796875,,,,
2019-07-08,344.8662109375,12285.9580078125,1.1227376461029053,1397.0,129.16981506347656,26806.140625
2019-07-09,346.8011169433594,12573.8125,1.121604323387146,1397.5,128.69830322265625,26783.490234375
2019-07-10,346.025146484375,12156.5126953125,1.120824933052063,1410.0999755859375,130.00926208496094,26860.19921875
2019-07-11,352.6058349609375,11358.662109375,1.125885248184204,1404.300048828125,130.5279541015625,27088.080078125
2019-07-12,358.8230895996094,11815.986328125,1.1252391338348389,1409.9000244140625,130.99949645996094,27332.029296875
2019-07-13,,11392.37890625,,,,
2019-07-14,,10256.05859375,,,,
2019-07-15,355.1693420410156,10895.08984375,1.1272051334381104,1411.4000244140625,130.99949645996094,27359.16015625
2019-07-16,356.2890319824219,9477.6416015625,1.126176834106445,1409.199951171875,129.28302001953125,27335.630859375
2019-07-17,362.9384765625,9693.802734375,1.121227145195007,1421.300048828125,128.51910400390625,27219.849609375
2019-07-18,354.67822265625,10666.482421875,1.12296462059021,1426.0999755859375,128.66058349609375,27222.970703125
2019-07-19,370.6387939453125,10530.732421875,1.1261515617370603,1425.0999755859375,128.84918212890625,27154.19921875
2019-07-20,,10767.1396484375,,,,
2019-07-21,,10599.10546875,,,,
2019-07-22,366.7690124511719,10343.1064453125,1.1218308210372925,1425.300048828125,130.55624389648438,27171.900390625
2019-07-23,366.4252624511719,9900.767578125,1.1206114292144775,1420.0999755859375,131.3672637939453,27349.189453125
2019-07-24,354.9925231933594,9811.92578125,1.11512553691864,1422.800048828125,132.71595764160156,27269.970703125
2019-07-25,341.8901672363281,9911.841796875,1.1142433881759644,1413.9000244140625,132.2161102294922,27140.98046875
2019-07-26,338.8551940917969,9870.3037109375,1.1146159172058103,1418.5,133.30072021484375,27192.44921875
2019-07-27,,9477.677734375,,,,
2019-07-28,,9552.8603515625,,,,
2019-07-29,334.1504821777344,9519.1455078125,1.1132138967514038,1419.5999755859375,133.0083770751953,27221.349609375
2019-07-30,341.2713623046875,9607.423828125,1.1143054962158203,1429.699951171875,132.36700439453125,27198.01953125
2019-07-31,335.1032409667969,10085.6279296875,1.1157974004745483,1426.0999755859375,128.51910400390625,26864.26953125
2019-08-01,328.3359375,10399.6689453125,1.107174515724182,1420.9000244140625,130.207275390625,26583.419921875
2019-08-02,333.5120849609375,10518.1748046875,1.1078859567642212,1445.5999755859375,129.11325073242188,26485.009765625
2019-08-03,,10821.7265625,,,,
2019-08-04,,10970.1845703125,,,,
2019-08-05,325.1634521484375,11805.6533203125,1.1108025312423706,1464.5999755859375,124.6900405883789,25717.740234375
2019-08-06,326.5287170410156,11478.1689453125,1.1243788003921509,1472.4000244140625,127.02893829345705,26029.51953125
2019-08-07,325.4777526855469,11941.96875,1.1206992864608765,1507.300048828125,127.58538818359376,26007.0703125
2019-08-08,332.42071533203125,11966.4072265625,1.12043559551239,1497.699951171875,130.99005126953125,26378.189453125
2019-08-09,333.606689453125,11862.9365234375,1.1187183856964111,1496.5999755859375,129.87721252441406,26287.439453125
2019-08-10,,11354.0244140625,,,,
2019-08-11,,11523.5791015625,,,,
2019-08-12,329.050537109375,11382.6162109375,1.1208499670028689,1505.300048828125,128.06637573242188,25896.439453125
2019-08-13,328.9714660644531,10895.830078125,1.1218308210372925,1502.199951171875,130.71653747558594,26279.91015625
2019-08-14,316.6767883300781,10051.7041015625,1.1177055835723877,1515.9000244140625,126.78006744384766,25479.419921875
2019-08-15,324.1682434082031,10311.5458984375,1.1143302917480469,1519.5999755859375,126.4962158203125,25579.390625
2019-08-16,326.58966064453125,10374.3388671875,1.1113580465316772,1512.5,128.81454467773438,25886.009765625
2019-08-17,,10231.744140625,,,,
2019-08-18,,10345.810546875,,,,
2019-08-19,329.8807067871094,10916.0537109375,1.109385371208191,1500.4000244140625,130.97207641601562,26135.7890625
2019-08-20,327.8744506835937,10763.232421875,1.1083157062530518,1504.5999755859375,129.8838348388672,25962.439453125
2019-08-21,336.0181884765625,10138.0498046875,1.1097793579101562,1504.5999755859375,131.3316192626953,26202.73046875
2019-08-22,350.26971435546875,10131.0556640625,1.10907781124115,1497.300048828125,130.37591552734375,26252.240234375
2019-08-23,351.8510437011719,10407.96484375,1.108401656150818,1526.5999755859375,126.22183227539062,25628.900390625
2019-08-24,,10159.9609375,,,,
2019-08-25,,10138.517578125,,,,
2019-08-26,354.8456420898437,10370.8203125,1.1143054962158203,1526.300048828125,128.1710968017578,25898.830078125
2019-08-27,350.58599853515625,10185.5,1.1103708744049072,1541.0,128.44552612304688,25777.900390625
2019-08-28,355.7647705078125,9754.4228515625,1.109004020690918,1537.800048828125,128.27520751953125,26036.099609375
2019-08-29,358.5024108886719,9510.2001953125,1.1085859537124634,1526.5,130.69761657714844,26362.25
2019-08-30,359.8366394042969,9598.173828125,1.1061947345733645,1519.0999755859375,130.4515838623047,26403.279296875
2019-08-31,,9630.6640625,,,,
2019-09-01,,9757.970703125,,,,
2019-09-02,,10346.7607421875,1.099178910255432,,,
2019-09-03,350.2796325683594,10623.5400390625,1.0968520641326904,1545.9000244140625,128.7293701171875,26118.01953125
2019-09-04,352.3649597167969,10594.4931640625,1.0974539518356323,1550.300048828125,130.23399353027344,26355.470703125
2019-09-05,356.09088134765625,10575.533203125,1.10349702835083,1515.4000244140625,132.52392578125,26728.150390625
2019-09-06,358.7593688964844,10353.302734375,1.1036310195922852,1506.199951171875,131.62493896484375,26797.4609375
2019-09-07,,10517.2548828125,,,,
2019-09-08,,10441.2763671875,,,,
2019-09-09,354.5886535644531,10334.974609375,1.1020619869232178,1502.199951171875,130.12986755371094,26835.509765625
2019-09-10,365.1735229492188,10115.9755859375,1.1048381328582764,1490.300048828125,128.76727294921875,26909.4296875
2019-09-11,378.4664306640625,10178.3720703125,1.1050333976745603,1494.4000244140625,128.8051300048828,27137.0390625
2019-09-12,371.2418212890625,10410.126953125,1.101345777511597,1498.699951171875,130.12986755371094,27182.44921875
2019-09-13,375.3235778808594,10360.546875,1.1058276891708374,1490.9000244140625,129.94061279296875,27219.51953125
2019-09-14,,10358.048828125,,,,
2019-09-15,,10347.712890625,,,,
2019-09-16,374.4241943359375,10276.7939453125,1.1083402633666992,1503.0999755859375,129.0038299560547,27076.8203125
2019-09-17,379.7117004394531,10241.2724609375,1.100594401359558,1505.0999755859375,130.00685119628906,27110.80078125
2019-09-18,381.8959045410156,10198.248046875,1.1074687242507937,1507.5,131.07615661621094,27147.080078125
2019-09-19,379.9489135742188,10266.4150390625,1.1031439304351809,1498.4000244140625,133.48910522460938,27094.7890625
2019-09-20,374.9579162597656,10181.6416015625,1.1048502922058103,1507.300048828125,131.94668579101562,26935.0703125
2019-09-21,,10019.716796875,,,,
2019-09-22,,10070.392578125,,,,
2019-09-23,372.6254577636719,9729.32421875,1.1019041538238523,1523.699951171875,131.66281127929688,26949.990234375
2019-09-24,377.1914978027344,8620.56640625,1.0993722677230835,1532.0999755859375,129.99740600585938,26807.76953125
2019-09-25,381.6883544921875,8486.9931640625,1.1016855239868164,1504.5999755859375,131.87098693847656,26970.7109375
2019-09-26,382.3703002929688,8118.9677734375,1.0952903032302856,1507.5,132.04132080078125,26891.119140625
2019-09-27,378.3873596191406,8251.845703125,1.0922753810882568,1499.0999755859375,130.32859802246094,26820.25
2019-09-28,,8245.9150390625,,,,
2019-09-29,,8104.185546875,,,,
2019-09-30,376.0252685546875,8293.8681640625,1.0942714214324951,1465.699951171875,131.55874633789062,26916.830078125
2019-10-01,370.5598754882813,8343.2763671875,1.0899657011032104,1482.0,129.70408630371094,26573.0390625
2019-10-02,363.06842041015625,8393.0419921875,1.0934937000274658,1501.0,127.41409301757812,26078.619140625
2019-10-03,367.7234191894531,8259.9921875,1.0963709354400637,1507.0999755859375,128.9564666748047,26201.0390625
2019-10-04,371.31103515625,8205.939453125,1.0975382328033447,1506.199951171875,130.69761657714844,26573.720703125
2019-10-05,,8151.50048828125,,,,
2019-10-06,,7988.15576171875,,,,
2019-10-07,372.1412048339844,8245.623046875,1.098659634590149,1497.699951171875,129.7513885498047,26478.01953125
2019-10-08,369.7297058105469,8228.783203125,1.0972130298614502,1497.199951171875,128.3792266845703,26164.0390625
2019-10-09,370.5796508789063,8595.740234375,1.0960105657577517,1506.0999755859375,130.81121826171875,26346.009765625
2019-10-10,366.6659240722656,8586.4736328125,1.098780393600464,1494.800048828125,131.62493896484375,26496.669921875
2019-10-11,370.5401306152344,8321.7568359375,1.1011033058166504,1482.699951171875,132.17381286621094,26816.58984375
2019-10-12,,8336.5556640625,,,,
2019-10-13,,8321.005859375,,,,
2019-10-14,368.8204345703125,8374.6865234375,1.1030004024505615,1491.699951171875,132.05078125,26787.359375
2019-10-15,366.6263732910156,8205.369140625,1.1029006242752075,1477.5999755859375,133.96224975585938,27024.80078125
2019-10-16,368.0792236328125,8047.52685546875,1.1034727096557615,1488.0,132.8645782470703,27001.98046875
2019-10-17,364.7485961914063,8103.9111328125,1.107493281364441,1492.300048828125,132.1833038330078,27025.880859375
2019-10-18,339.9813537597656,7973.20751953125,1.1127183437347412,1488.199951171875,130.0258026123047,26770.19921875
2019-10-19,,7988.560546875,,,,
2019-10-20,,8222.078125,,,,
2019-10-21,327.1924743652344,8243.720703125,1.1155734062194824,1482.4000244140625,130.99098205566406,26827.640625
2019-10-22,333.0631103515625,8078.203125,1.1151753664016724,1481.699951171875,129.04164123535156,26788.099609375
2019-10-23,336.522216796875,7514.671875,1.112928867340088,1489.9000244140625,129.8649139404297,26833.94921875
2019-10-24,340.52490234375,7493.48876953125,1.1132385730743408,1498.9000244140625,132.41983032226562,26805.529296875
2019-10-25,335.86004638671875,8660.7001953125,1.1103955507278442,1499.5,133.16734313964844,26958.060546875
2019-10-26,,9244.97265625,,,,
2019-10-27,,9551.71484375,,,,
2019-10-28,336.89776611328125,9256.1484375,1.108426213264465,1490.0,136.44142150878906,27090.720703125
2019-10-29,344.8537292480469,9427.6875,1.1099148988723757,1487.0,135.15451049804688,27071.4609375
2019-10-30,342.01727294921875,9205.7265625,1.1114816665649414,1493.199951171875,136.83889770507812,27186.689453125
2019-10-31,335.9391174316406,9199.5849609375,1.1154489517211914,1511.4000244140625,135.66549682617188,27046.23046875
2019-11-01,341.1574401855469,9261.1044921875,1.1157102584838867,1508.0,135.99668884277344,27347.359375
2019-11-02,,9324.7177734375,,,,
2019-11-03,,9235.3544921875,,,,
2019-11-04,346.9884948730469,9412.6123046875,1.1166571378707886,1508.0,136.78207397460938,27462.109375
2019-11-05,354.1044006347656,9342.52734375,1.1128545999526978,1480.800048828125,136.69686889648438,27492.630859375
2019-11-06,350.05230712890625,9360.8798828125,1.107419729232788,1490.199951171875,136.31845092773438,27492.560546875
2019-11-07,355.1966857910156,9267.5615234375,1.1070396900177002,1464.199951171875,136.5076904296875,27674.80078125
2019-11-08,348.92401123046875,8804.880859375,1.1019697189331057,1461.300048828125,138.11631774902344,27681.240234375
2019-11-09,,8813.58203125,,,,
2019-11-10,,9055.5263671875,,,,
2019-11-11,364.7896118164063,8757.7880859375,1.102244257926941,1455.5,138.25823974609375,27691.490234375
2019-11-12,360.7337341308594,8815.662109375,1.1035456657409668,1452.0999755859375,139.16668701171875,27691.490234375
2019-11-13,360.3559875488281,8808.2626953125,1.1012367010116575,1461.699951171875,139.39378356933594,27783.58984375
2019-11-14,365.2667846679688,8708.0947265625,1.101321578025818,1471.800048828125,140.1034698486328,27781.9609375
2019-11-15,369.481689453125,8491.9921875,1.1020498275756836,1467.300048828125,141.9108428955078,28004.890625
2019-11-16,,8550.7607421875,,,,
2019-11-17,,8577.9755859375,,,,
2019-11-18,367.2748107910156,8309.2861328125,1.105509877204895,1470.9000244140625,142.26097106933594,28036.220703125
2019-11-19,364.8293762207031,8206.1455078125,1.1072357892990112,1473.300048828125,142.3082275390625,27934.01953125
2019-11-20,368.71624755859375,8027.26806640625,1.1080001592636108,1473.300048828125,142.0614013671875,27821.08984375
2019-11-21,364.2726745605469,7642.75,1.1078859567642212,1463.0999755859375,141.928466796875,27766.2890625
2019-11-22,369.1437072753906,7296.57763671875,1.1065863370895386,1463.0999755859375,142.0329132080078,27875.619140625
2019-11-23,,7397.796875,,,,
2019-11-24,,7047.9169921875,,,,
2019-11-25,370.9231262207031,7146.1337890625,1.1022562980651855,1456.5999755859375,143.5900421142578,28066.470703125
2019-11-26,371.3008728027344,7218.37109375,1.1014429330825806,1459.800048828125,144.3496551513672,28121.6796875
2019-11-27,365.8234558105469,7531.66357421875,1.1022562980651855,1453.4000244140625,144.62501525878906,28164.0
2019-11-28,,7463.10595703125,1.1004853248596191,,,
2019-11-29,364.0142211914063,7761.24365234375,1.101176142692566,1465.5999755859375,143.7324981689453,28051.41015625
2019-11-30,,7569.6298828125,,,,
2019-12-01,,7424.29248046875,,,,
2019-12-02,353.07928466796875,7321.98828125,1.1019041538238523,1462.300048828125,141.9949188232422,27783.0390625
2019-12-03,349.99761962890625,7320.1455078125,1.1079105138778689,1478.199951171875,141.76705932617188,27502.810546875
2019-12-04,346.7767639160156,7252.03466796875,1.1085245609283447,1474.0,142.27976989746094,27649.779296875
2019-12-05,343.6354675292969,7448.3076171875,1.108303427696228,1476.9000244140625,142.35572814941406,27677.7890625
2019-12-06,351.9957275390625,7546.99658203125,1.1105434894561768,1459.0999755859375,144.08380126953125,28015.060546875
2019-12-07,,7556.23779296875,,,,
2019-12-08,,7564.34521484375,,,,
2019-12-09,349.1327514648437,7400.8994140625,1.105888843536377,1459.300048828125,143.71351623535156,27909.599609375
2019-12-10,345.84234619140625,7278.11962890625,1.106499433517456,1462.5999755859375,143.49510192871094,27881.720703125
2019-12-11,347.929931640625,7217.42724609375,1.1092746257781982,1469.4000244140625,144.0363311767578,27911.30078125
2019-12-12,344.24188232421875,7243.13427734375,1.1135857105255127,1466.699951171875,145.49850463867188,28132.05078125
2019-12-13,339.6492004394531,7269.6845703125,1.1186057329177856,1475.5999755859375,146.7233428955078,28135.380859375
2019-12-14,,7124.673828125,,,,
2019-12-15,,7152.3017578125,,,,
2019-12-16,325.0659484863281,6932.48046875,1.1124460697174072,1475.0,147.6728515625,28235.890625
2019-12-17,325.0659484863281,6640.51513671875,1.1136974096298218,1474.5999755859375,146.8752899169922,28267.16015625
2019-12-18,328.72418212890625,7276.802734375,1.115138053894043,1472.5999755859375,146.5714111328125,28239.279296875
2019-12-19,331.5274963378906,7202.84423828125,1.1115927696228027,1478.199951171875,147.84373474121094,28376.9609375
2019-12-20,326.0600280761719,7218.81640625,1.1125946044921875,1474.699951171875,149.45782470703125,28455.08984375
2019-12-21,,7191.15869140625,,,,
2019-12-22,,7511.5888671875,,,,
2019-12-23,335.5535583496094,7355.62841796875,1.1079840660095217,1482.5,149.45782470703125,28551.529296875
2019-12-24,331.03045654296875,7322.5322265625,1.109385371208191,1499.0999755859375,149.4293975830078,28515.44921875
2019-12-25,,7275.15576171875,1.1090162992477417,,,
2019-12-26,327.9686889648437,7238.966796875,1.1095454692840576,1509.300048828125,150.6542205810547,28621.390625
2019-12-27,328.1874084472656,7290.08837890625,1.110111951828003,1513.800048828125,150.92953491210938,28645.259765625
2019-12-28,,7317.990234375,,,,
2019-12-29,,7422.65283203125,,,,
2019-12-30,324.4695129394531,7292.9951171875,1.1182304620742798,1514.5,149.62876892089844,28462.140625
2019-12-31,323.83331298828125,7193.59912109375,1.120229721069336,1519.5,149.73321533203125,28538.439453125
2020-01-01,,7200.17431640625,1.1220825910568235,,,
2020-01-02,331.3485717773437,6985.47021484375,1.1220825910568235,1524.5,152.5056610107422,28868.80078125
2020-01-03,330.7919006347656,7344.88427734375,1.1171437501907349,1549.199951171875,150.60671997070312,28634.880859375
2020-01-04,,7410.65673828125,,,,
2020-01-05,,7411.3173828125,,,,
2020-01-06,331.7660827636719,7769.21923828125,1.1161960363388062,1566.199951171875,150.99598693847656,28703.380859375
2020-01-07,335.28515625,8163.6923828125,1.1197994947433472,1571.800048828125,149.61929321289062,28583.6796875
2020-01-08,329.4100952148437,8079.86279296875,1.1154738664627075,1557.4000244140625,152.00245666503906,28745.08984375
2020-01-09,334.3507080078125,7879.0712890625,1.1113210916519165,1551.699951171875,153.90142822265625,28956.900390625
2020-01-10,327.9686889648437,8166.55419921875,1.1111111640930176,1557.5,153.1893310546875,28823.76953125
2020-01-11,,8037.53759765625,,,,
2020-01-12,,8192.494140625,,,,
2020-01-13,328.26690673828125,8144.1943359375,1.111666917800903,1548.4000244140625,155.03128051757812,28907.05078125
2020-01-14,330.3843078613281,8827.7646484375,1.1135733127593994,1542.4000244140625,153.939453125,28939.669921875
2020-01-15,327.8493957519531,8807.0107421875,1.113089919090271,1552.0999755859375,154.9363555908203,29030.220703125
2020-01-16,330.036376953125,8723.7861328125,1.1154004335403442,1549.0,157.7753448486328,29297.640625
2020-01-17,322.2328186035156,8929.0380859375,1.1139578819274902,1558.800048828125,158.65835571289062,29348.099609375
2020-01-18,,8942.80859375,,,,
2020-01-19,,8706.2451171875,,,,
2020-01-20,,8657.642578125,1.1094592809677124,,,
2020-01-21,311.5165710449219,8745.89453125,1.109693169593811,1556.4000244140625,158.08865356445312,29196.0390625
2020-01-22,307.17242431640625,8680.8759765625,1.108561396598816,1555.300048828125,157.32908630371094,29186.26953125
2020-01-23,315.9104309082031,8406.515625,1.1096439361572266,1564.5999755859375,158.2975616455078,29160.08984375
2020-01-24,321.1393127441406,8445.4345703125,1.1055220365524292,1571.0999755859375,156.702392578125,28989.73046875
2020-01-25,,8367.84765625,,,,
2020-01-26,,8596.830078125,,,,
2020-01-27,314.7274780273437,8909.8193359375,1.102535843849182,1576.800048828125,154.08181762695312,28535.80078125
2020-01-28,314.6877136230469,9358.58984375,1.101976990699768,1569.199951171875,157.10121154785156,28722.849609375
2020-01-29,320.1153869628906,9316.6298828125,1.1022562980651855,1569.800048828125,159.5508270263672,28734.44921875
2020-01-30,321.3878173828125,9508.9931640625,1.1016855239868164,1583.5,164.05140686035156,28859.439453125
2020-01-31,316.3875732421875,9350.529296875,1.1029127836227417,1582.9000244140625,161.6302032470703,28256.029296875
2020-02-01,,9392.875,,,,
2020-02-02,,9344.365234375,,,,
2020-02-03,314.1310119628906,9293.521484375,1.1089794635772705,1577.199951171875,165.57058715820312,28399.810546875
2020-02-04,316.0595397949219,9180.962890625,1.1062926054000854,1550.4000244140625,171.02059936523438,28807.630859375
2020-02-05,327.6008605957031,9613.423828125,1.1047282218933103,1557.800048828125,170.81166076660156,29290.849609375
2020-02-06,339.4106140136719,9729.8017578125,1.100231051445007,1565.0999755859375,174.35328674316406,29379.76953125
2020-02-07,334.75830078125,9795.943359375,1.0982975959777832,1568.5999755859375,174.60012817382812,29102.509765625
2020-02-08,,9865.119140625,,,,
2020-02-09,,10116.673828125,,,,
2020-02-10,342.6314697265625,9856.611328125,1.0949305295944214,1574.699951171875,179.16712951660156,29276.8203125
2020-02-11,342.3829345703125,10208.236328125,1.0913456678390503,1565.5999755859375,175.12234497070312,29276.33984375
2020-02-12,345.39501953125,10326.0546875,1.091941475868225,1567.4000244140625,175.37867736816406,29551.419921875
2020-02-13,342.82000732421875,10214.3798828125,1.0875948667526243,1575.0999755859375,174.42921447753906,29423.310546875
2020-02-14,340.489990234375,10312.1162109375,1.0845986604690552,1582.699951171875,175.98638916015625,29398.080078125
2020-02-15,,9889.4248046875,,,,
2020-02-16,,9934.43359375,,,,
2020-02-17,,9690.142578125,1.0841753482818604,,,
2020-02-18,338.8800048828125,10141.99609375,1.0840108394622805,1600.0,177.77137756347656,29232.189453125
2020-02-19,338.29998779296875,9633.38671875,1.079540491104126,1607.5,178.30458068847656,29348.029296875
2020-02-20,336.2799987792969,9608.4755859375,1.081009864807129,1616.5999755859375,175.58163452148438,29219.98046875
2020-02-21,330.3800048828125,9686.44140625,1.078799843788147,1644.5999755859375,170.03102111816406,28992.41015625
2020-02-22,,9663.181640625,,,,
2020-02-23,,9924.515625,,,,
2020-02-24,317.8999938964844,9650.1748046875,1.0839051008224487,1672.4000244140625,162.70004272460938,27960.80078125
2020-02-25,304.1400146484375,9341.705078125,1.0849199295043943,1646.9000244140625,160.0151824951172,27081.359375
2020-02-26,305.5899963378906,8820.5224609375,1.0881996154785156,1640.0,162.01458740234375,26957.58984375
2020-02-27,287.760009765625,8784.494140625,1.088589429855347,1640.0,150.59915161132812,25766.640625
2020-02-28,275.1099853515625,8672.455078125,1.0997228622436523,1564.0999755859375,154.24562072753906,25409.359375
2020-02-29,,8599.5087890625,,,,
2020-03-01,,8562.4541015625,,,,
2020-03-02,289.2699890136719,8869.669921875,1.1051311492919922,1592.300048828125,164.50897216796875,26703.3203125
2020-03-03,280.6199951171875,8787.7861328125,1.114404797554016,1642.0999755859375,156.62579345703125,25917.41015625
2020-03-04,283.1199951171875,8755.24609375,1.118067979812622,1641.0999755859375,162.3763427734375,27090.859375
2020-03-05,260.3699951171875,9078.7626953125,1.113908290863037,1666.4000244140625,158.30145263671875,26121.279296875
2020-03-06,262.3299865722656,9122.5458984375,1.1223849058151243,1670.800048828125,153.8267059326172,25864.779296875
2020-03-07,,8909.9541015625,,,,
2020-03-08,,8108.1162109375,,,,
2020-03-09,227.1699981689453,7923.64453125,1.1386020183563232,1674.5,143.4014892578125,23851.01953125
2020-03-10,231.00999450683597,7909.7294921875,1.139796018600464,1659.0999755859375,153.20785522460938,25018.16015625
2020-03-11,189.0800018310547,7911.43017578125,1.1316505670547483,1641.4000244140625,146.26719665527344,23553.220703125
2020-03-12,154.83999633789062,4970.7880859375,1.1261515617370603,1589.300048828125,132.39549255371094,21200.619140625
2020-03-13,170.1999969482422,5563.70703125,1.1184931993484497,1515.699951171875,151.21803283691406,23185.619140625
2020-03-14,,5200.3662109375,,,,
2020-03-15,,5392.31494140625,,,,
2020-03-16,129.61000061035156,5014.47998046875,1.115536093711853,1485.9000244140625,128.9299774169922,20188.51953125
2020-03-17,124.13999938964844,5225.62939453125,1.1163206100463867,1524.9000244140625,139.5456085205078,21237.380859375
2020-03-18,101.88999938964844,5238.4384765625,1.101552128791809,1477.300048828125,133.6712646484375,19898.919921875
2020-03-19,97.70999908447266,6191.19287109375,1.0961546897888184,1478.5999755859375,135.87057495117188,20087.189453125
2020-03-20,95.01000213623048,6198.7783203125,1.0657345056533811,1484.0,130.76747131347656,19173.98046875
2020-03-21,,6185.06640625,,,,
2020-03-22,,5830.2548828125,,,,
2020-03-23,105.62000274658205,6416.31494140625,1.0694386959075928,1567.0,129.4630889892578,18591.9296875
2020-03-24,127.68000030517578,6734.8037109375,1.0764610767364502,1660.199951171875,141.23074340820312,20704.91015625
2020-03-25,158.72999572753906,6681.06298828125,1.080263614654541,1632.300048828125,139.8788604736328,21200.55078125
2020-03-26,180.5500030517578,6716.4404296875,1.0889569520950315,1650.0999755859375,148.62838745117188,22552.169921875
2020-03-27,162.0,6469.79833984375,1.1048258543014526,1623.9000244140625,142.52554321289062,21636.779296875
2020-03-28,,6242.19384765625,,,,
2020-03-29,,5922.04296875,,,,
2020-03-30,152.27999877929688,6429.841796875,1.113908290863037,1622.0,152.55091857910156,22327.48046875
2020-03-31,149.13999938964844,6438.64453125,1.1030466556549072,1583.4000244140625,150.15174865722656,21917.16015625
2020-04-01,130.6999969482422,6606.7763671875,1.102657437324524,1578.199951171875,144.820068359375,20943.509765625
2020-04-02,123.2699966430664,6793.62451171875,1.0953621864318848,1625.699951171875,147.81907653808594,21413.439453125
2020-04-03,124.5199966430664,6733.38720703125,1.0847399234771729,1633.699951171875,146.45765686035156,21052.529296875
2020-04-04,,6867.52734375,,,,
2020-04-05,,6791.12939453125,,,,
2020-04-06,148.77000427246094,7271.78125,1.0806955099105835,1677.0,157.34938049316406,22679.990234375
2020-04-07,141.5800018310547,7176.41455078125,1.0803803205490112,1664.800048828125,155.65469360351562,22653.859375
2020-04-08,146.8699951171875,7334.0986328125,1.0895144939422607,1665.4000244140625,157.21612548828125,23433.5703125
2020-04-09,151.83999633789062,7302.08935546875,1.0863661766052246,1736.199951171875,157.2256317138672,23719.369140625
2020-04-10,,6865.4931640625,1.0927408933639526,,,
2020-04-11,,6859.0830078125,,,,
2020-04-12,,6971.091796875,,,,
2020-04-13,147.3300018310547,6845.03759765625,1.0932666063308716,1744.800048828125,157.577880859375,23390.76953125
2020-04-14,141.0,6842.427734375,1.0922993421554563,1756.699951171875,165.3753662109375,23949.759765625
2020-04-15,145.97999572753906,6642.10986328125,1.098538875579834,1727.199951171875,163.6426239013672,23504.349609375
2020-04-16,134.24000549316406,7116.80419921875,1.0905101299285889,1720.4000244140625,168.55532836914062,23537.6796875
2020-04-17,154.0,7096.1845703125,1.0858471393585205,1689.199951171875,170.04055786132812,24242.490234375
2020-04-18,,7257.6650390625,,,,
2020-04-19,,7189.4248046875,,,,
2020-04-20,143.61000061035156,6881.95849609375,1.0866966247558594,1701.5999755859375,166.6702117919922,23650.439453125
2020-04-21,136.3300018310547,6880.3232421875,1.0864840745925903,1678.199951171875,159.7771759033203,23018.880859375
2020-04-22,134.97000122070312,7117.20751953125,1.0856467485427856,1728.699951171875,165.20404052734375,23475.8203125
2020-04-23,137.74000549316406,7429.724609375,1.080964207649231,1733.300048828125,163.20465087890625,23515.259765625
2020-04-24,128.97999572753906,7550.90087890625,1.077702283859253,1723.5,166.1846466064453,23775.26953125
2020-04-25,,7569.93603515625,,,,
2020-04-26,,7679.8671875,,,,
2020-04-27,128.67999267578125,7795.60107421875,1.08236825466156,1711.9000244140625,165.70863342285156,24133.779296875
2020-04-28,131.3000030517578,7807.05859375,1.0824854373931885,1710.5,161.67181396484375,24101.55078125
2020-04-29,139.0,8801.0380859375,1.0836584568023682,1703.4000244140625,168.92660522460938,24633.859375
2020-04-30,141.02000427246094,8658.5537109375,1.087725043296814,1684.199951171875,170.62132263183594,24345.720703125
2020-05-01,133.3699951171875,8864.7666015625,1.094546914100647,1694.5,166.20370483398438,23723.689453125
2020-05-02,,8988.5966796875,,,,
2020-05-03,,8897.46875,,,,
2020-05-04,131.4600067138672,8912.654296875,1.0959625244140625,1706.9000244140625,170.26907348632812,23749.759765625
2020-05-05,125.4000015258789,9003.0703125,1.0904293060302734,1704.4000244140625,172.09701538085938,23883.08984375
2020-05-06,121.86000061035156,9268.76171875,1.0838581323623655,1684.199951171875,173.7917022705078,23664.640625
2020-05-07,128.64999389648438,9951.5185546875,1.0798553228378296,1721.800048828125,174.80091857910156,23875.890625
2020-05-08,133.44000244140625,9842.666015625,1.0837171077728271,1709.9000244140625,175.8291473388672,24331.3203125
2020-05-09,,9593.896484375,,,,
2020-05-10,,8756.4306640625,,,,
2020-05-11,128.91000366210938,8601.7958984375,1.0839520692825315,1695.300048828125,177.7904510498047,24221.990234375
2020-05-12,125.22000122070312,8804.4775390625,1.080940842628479,1704.4000244140625,173.76315307617188,23764.779296875
2020-05-13,121.5,9269.9873046875,1.0846810340881348,1713.9000244140625,171.1354522705078,23247.970703125
2020-05-14,122.5199966430664,9733.7216796875,1.08236825466156,1738.0999755859375,171.8780517578125,23625.33984375
2020-05-15,120.0,9328.197265625,1.0806955099105835,1753.4000244140625,174.38198852539062,23685.419921875
2020-05-16,,9377.013671875,,,,
2020-05-17,,9670.7392578125,,,,
2020-05-18,135.44000244140625,9726.5751953125,1.0821340084075928,1731.800048828125,176.04815673828125,24597.369140625
2020-05-19,130.44000244140625,9729.0380859375,1.0915124416351318,1744.199951171875,174.82949829101562,24206.859375
2020-05-20,133.32000732421875,9522.9814453125,1.0927767753601074,1750.5999755859375,177.25450134277344,24575.900390625
2020-05-21,139.0,9081.76171875,1.0982975959777832,1720.5,175.1254425048828,24474.119140625
2020-05-22,137.52999877929688,9182.5771484375,1.0952903032302856,1734.5999755859375,175.20184326171875,24465.16015625
2020-05-23,,9209.287109375,,,,
2020-05-24,,8790.3681640625,,,,
2020-05-25,,8906.9345703125,1.0907801389694214,,,
2020-05-26,144.72999572753906,8835.052734375,1.0902997255325315,1704.800048828125,173.34967041015625,24995.109375
2020-05-27,149.52000427246094,9181.017578125,1.0981770753860474,1710.300048828125,173.57879638671875,25548.26953125
2020-05-28,149.82000732421875,9525.7509765625,1.1016855239868164,1713.300048828125,173.1873321533203,25400.640625
2020-05-29,145.85000610351562,9439.1240234375,1.1079105138778689,1736.9000244140625,174.95361328125,25383.109375
2020-05-30,,9700.4140625,,,,
