Price,Close,Close,Close,Close,Close,Close,High,High,High,High,High,High,Low,Low,Low,Low,Low,Low,Open,Open,Open,Open,Open,Open,Volume,Volume,Volume,Volume,Volume,Volume
Ticker,BA,BTC-USD,EURUSD=X,GC=F,MSFT,^DJI,BA,BTC-USD,EURUSD=X,GC=F,MSFT,^DJI,BA,BTC-USD,EURUSD=X,GC=F,MSFT,^DJI,BA,BTC-USD,EURUSD=X,GC=F,MSFT,^DJI,BA,BTC-USD,EURUSD=X,GC=F,MSFT,^DJI
Date,,,,,,,,,,,,,,,,,,,,,,,,,,,,,,
2014-10-01,108.40665435791016,383.614990234375,1.262833595275879,1214.5999755859375,38.88016128540039,16804.7109375,110.75444025116084,391.3789978027344,1.2639987468719482,1217.800048828125,39.41380821367859,17041.16015625,108.09361623881006,380.7799987792969,1.2585740089416504,1205.5,38.83780558491071,16776.130859375,110.75444025116084,387.427001953125,1.2629133462905884,1207.699951171875,39.19357343504912,17040.4609375,5265200.0,26229400,0.0,178.0,38088400.0,104240000.0
2014-10-02,107.97188568115234,375.0719909667969,1.2624191045761108,1214.199951171875,38.7615852355957,16801.05078125,109.17186741300138,385.49700927734375,1.2690500020980835,1219.5,39.049586664311875,16857.25,107.68493295100308,372.9460144042969,1.2616099119186401,1210.300048828125,38.6599386228981,16674.0390625,108.17188484783773,383.9880065917969,1.2624987363815308,1215.300048828125,38.82088259356416,16808.26953125,3204500.0,21777700,0.0,176.0,25119400.0,75490000.0
2014-10-03,109.87621307373047,359.5119934082031,1.2670577764511108,1192.199951171875,39.041099548339844,17009.689453125,110.31968492493215,377.69500732421875,1.266993522644043,1212.4000244140625,39.21898184677366,17027.83984375,108.39798241523482,357.8590087890625,1.2501593828201294,1191.0,38.63451005279709,16802.19921875,108.39798241523482,375.1809997558594,1.266993522644043,1212.4000244140625,38.94792218307849,16802.19921875,3075900.0,30901200,0.0,499.0,32453200.0,87940000.0
2014-10-04,,328.8659973144531,,,,,,364.48699951171875,,,,,,325.885986328125,,,,,,359.8919982910156,,,,,,47236500,,,,
2014-10-05,,320.510009765625,,,,,,341.8009948730469,,,,,,289.2959899902344,,,,,,328.9159851074219,,,,,,83308096,,,,
2014-10-06,109.78924560546875,330.0790100097656,1.2513607740402222,1206.699951171875,39.041099548339844,16991.91015625,110.5979263451375,345.1340026855469,1.2593204975128174,1208.0,39.21898184677366,17099.390625,109.02403833017607,302.55999755859375,1.2515017986297607,1182.800048828125,38.897097284403365,16930.380859375,110.51096614812217,320.3890075683594,1.2515017986297607,1187.699951171875,39.066510382034366,17010.33984375,2681000.0,79011800,0.0,415.0,20604000.0,655450000.0
2014-10-07,107.23277282714844,336.18701171875,1.264606237411499,1211.699951171875,38.566741943359375,16719.390625,109.1457778024572,339.24700927734375,1.266430377960205,1211.699951171875,38.905568124759064,16988.25,107.20668742094188,320.48199462890625,1.258469581604004,1205.300048828125,38.47356458191016,16715.7890625,109.1457778024572,330.5840148925781,1.2643983364105225,1209.0999755859375,38.84627402770701,16988.25,3554900.0,49199900,0.0,272.0,25723700.0,79420000.0
2014-10-08,108.6762466430664,352.94000244140625,1.266800880432129,1205.300048828125,39.62556457519531,16994.220703125,108.771890938205,354.364013671875,1.2690999507904053,1217.9000244140625,39.71874192454415,17006.91015625,106.2154211611397,327.18798828125,1.2624493837356567,1205.300048828125,38.405796296874996,16663.259765625,107.36322567826552,336.1159973144531,1.266800880432129,1210.199951171875,38.524384475578785,16718.650390625,3610300.0,54736300,0.0,9.0,33031000.0,106930000.0
2014-10-09,106.74583435058594,365.0260009765625,1.2743074893951416,1224.5999755859375,38.83780288696289,16659.25,108.47623495849916,382.72601318359375,1.2793008089065552,1229.0,39.64251267107186,16989.369140625,106.35453333017615,347.68701171875,1.2677806615829468,1223.9000244140625,38.74462875370244,16649.0390625,108.45014955063162,352.74798583984375,1.2738852500915527,1223.9000244140625,39.38839464221799,16989.369140625,4874700.0,83641104,0.0,19.0,34422800.0,93210000.0
2014-10-10,105.65018463134766,361.56201171875,1.2689067125320435,1221.0,37.29616165161133,16544.099609375,107.26754601322472,375.0669860839844,1.2716013193130493,1223.5,39.066522444341174,16757.599609375,105.65018463134766,352.9630126953125,1.2610498666763306,1217.0,37.22839833040775,16543.91015625,106.84146893687725,364.68701171875,1.2689067125320435,1223.5,38.62604954701316,16654.880859375,4214200.0,43665700,0.0,186.0,51978100.0,136370000.0
2014-10-11,,362.29901123046875,,,,,,367.1910095214844,,,,,,355.95098876953125,,,,,,361.36199951171875,,,,,,13345200,,,,
2014-10-12,,378.54901123046875,,,,,,379.4330139160156,,,,,,356.1440124511719,,,,,,362.6059875488281,,,,,,17552800,,,,
2014-10-13,104.73717498779297,390.41400146484375,1.263982892036438,1229.300048828125,36.97427749633789,16321.0703125,107.11974403782254,397.22601318359375,1.269999384880066,1234.0,37.74510420203439,16602.41015625,104.57196518807005,368.8970031738281,1.2635036706924438,1227.0,36.838747632631474,16310.4697265625,106.12845870295538,377.9209899902344,1.2640947103500366,1229.800048828125,37.11827656283796,16535.4296875,3878600.0,35221400,0.0,103.0,37100200.0,107830000.0
2014-10-14,106.337158203125,400.8699951171875,1.272394061088562,1233.5999755859375,37.04203796386719,16315.1904296875,107.27627280537165,411.697998046875,1.2732040882110596,1235.9000244140625,37.59262981043062,16463.669921875,104.97196640757745,391.3240051269531,1.264080286026001,1233.5999755859375,36.898038908441215,16273.6396484375,105.9458571351224,391.6919860839844,1.272248387336731,1235.9000244140625,37.16062618157954,16321.900390625,3768200.0,38491500,0.0,73.0,38115700.0,110410000.0
2014-10-15,104.5111083984375,394.77301025390625,1.2639029026031494,1244.0999755859375,36.61003875732422,16141.740234375,105.31978932638897,402.22698974609375,1.2840431928634644,1247.0,36.75403781743486,16313.2998046875,101.14595099487174,388.7659912109375,1.2626103162765503,1243.699951171875,35.66132652218813,15855.1201171875,105.26761186920514,400.9549865722656,1.2644143104553223,1243.699951171875,36.42368399126415,16313.2998046875,7819000.0,25267100,0.0,250.0,60218700.0,160380000.0
2014-10-16,104.59803771972656,382.5559997558594,1.2821663618087769,1240.5,36.20344543457031,16117.240234375,105.47628396412243,398.8070068359375,1.284438967704773,1243.0,36.49144675624932,16211.1201171875,102.94589348696542,373.07000732421875,1.2710679769515991,1236.699951171875,35.762972634867936,15935.2197265625,103.39806262896654,394.51800537109375,1.2820513248443604,1242.0999755859375,36.02555988935214,16137.1396484375,4492500.0,26990000,0.0,6.0,49040400.0,131670000.0
2014-10-17,107.16320037841797,383.75799560546875,1.280442476272583,1238.300048828125,36.95733642578125,16380.41015625,107.71102040979162,385.4779968261719,1.283489465713501,1238.300048828125,37.21992372313735,16427.380859375,105.89365983027061,375.3890075683594,1.2746502161026,1232.5999755859375,36.24580382259767,16118.3896484375,106.12844173918256,382.7560119628906,1.2807542085647583,1237.4000244140625,36.59309930562258,16118.3896484375,4872400.0,13600700,0.0,356.0,40683300.0,137910000.0
2014-10-18,,391.4419860839844,,,,,,395.1579895019531,,,,,,378.97100830078125,,,,,,383.97601318359375,,,,,,11416800,,,,
2014-10-19,,389.5459899902344,,,,,,393.9389953613281,,,,,,386.4570007324219,,,,,,391.2539978027344,,,,,,5914570,,,,
2014-10-20,108.09363555908203,382.8450012207031,1.274957299232483,1244.0,37.338504791259766,16399.669921875,108.45015383838657,390.0840148925781,1.2788541316986084,1244.0,37.38932645722981,16401.630859375,106.95452847628144,378.25201416015625,1.2732398509979248,1235.4000244140625,36.26273536731878,16260.5400390625,107.29365206023172,389.2309875488281,1.2748922109603882,1237.300048828125,36.474500925623246,16373.150390625,3676300.0,16419000,0.0,105.0,34527900.0,94320000.0
2014-10-21,110.53707122802734,386.4750061035156,1.2795250415802002,1251.0,38.01615905761719,16614.810546875,110.64141286214462,392.64599609375,1.2839277982711792,1251.0,38.10086399984606,16620.779296875,108.63275679579858,380.8340148925781,1.271709680557251,1251.0,37.431683969864125,16405.76953125,108.87622945424872,382.4209899902344,1.2795250415802002,1251.0,37.57568624919691,16406.029296875,5204500.0,14188900,0.0,48.0,36433800.0,105110000.0
2014-10-22,105.60672760009766,383.1579895019531,1.2714719772338867,1244.800048828125,37.592628479003906,16461.3203125,111.30227643046597,388.57598876953125,1.2739096879959106,1244.800048828125,38.17710034472293,16653.890625,105.51107667555961,382.2489929199219,1.2651101350784302,1244.800048828125,37.46556783236276,16459.849609375,111.2935790825627,386.1180114746094,1.2714234590530396,1244.800048828125,38.11780623796679,16615.259765625,13844400.0,11641300,0.0,2.0,33570900.0,92050000.0
2014-10-23,106.11105346679688,358.4169921875,1.2641425132751465,1228.5,38.1347541809082,16677.900390625,106.85016872072131,385.0480041503906,1.2675796747207642,1228.5,38.49899131482334,16767.51953125,105.26758995436136,356.4469909667969,1.261702299118042,1227.9000244140625,37.71969213367223,16468.0703125,105.45019443115692,382.9620056152344,1.2645422220230103,1228.0,37.795927888009984,16468.0703125,7799700.0,26456900,0.0,2.0,45451900.0,99420000.0
2014-10-24,106.29367065429688,358.3450012207031,1.2654062509536743,1231.199951171875,39.074981689453125,16805.41015625,106.8153987409775,364.3450012207031,1.2695107460021973,1232.699951171875,39.72721999622356,16811.7109375,105.44151632734945,353.30499267578125,1.2635835409164429,1229.4000244140625,38.27027192233189,16649.720703125,106.2588878973005,358.59100341796875,1.2650701999664307,1229.4000244140625,39.667925898452246,16677.0390625,4013300.0,15585700,0.0,71.0,61076700.0,90400000.0
2014-10-25,,347.27099609375,,,,,,359.8609924316406,,,,,,342.87701416015625,,,,,,358.6109924316406,,,,,,18127500,,,,
2014-10-26,,354.7040100097656,,,,,,359.22100830078125,,,,,,343.9309997558594,,,,,,347.48699951171875,,,,,,11272500,,,,
2014-10-27,106.18932342529297,352.989013671875,1.2676681280136108,1229.0999755859375,38.888641357421875,16817.939453125,106.28497434346271,358.6319885253906,1.2721998691558838,1230.199951171875,39.04958207789772,16836.98046875,105.44151077458348,349.8089904785156,1.2667094469070435,1227.300048828125,38.71922820196525,16729.830078125,106.19801413848498,354.7770080566406,1.2676842212677002,1230.199951171875,38.71922820196525,16796.099609375,2940300.0,13033000,0.0,282.0,30371300.0,72580000.0
2014-10-28,107.48494720458984,357.6180114746094,1.270147681236267,1229.199951171875,39.37993240356445,17005.75,107.64146628235942,359.9840087890625,1.2762998342514038,1231.0,39.38840160579959,17006.44921875,106.05019009739074,352.6789855957031,1.2686975002288818,1224.699951171875,38.77004644146294,16825.189453125,106.51974733069947,353.2149963378906,1.2702445983886719,1224.9000244140625,38.846282186725624,16825.189453125,4159000.0,7845880,0.0,46.0,29049800.0,83870000.0
2014-10-29,107.02410125732422,335.59100341796875,1.273836612701416,1224.300048828125,39.49005126953125,16974.310546875,108.2414712836242,357.8330078125,1.2769794464111328,1224.300048828125,39.55781781784503,17065.5,106.57193202526251,335.3429870605469,1.2725075483322144,1224.300048828125,39.25287481300676,16895.380859375,108.2414712836242,357.0889892578125,1.2738043069839478,1224.300048828125,39.33757976711212,17005.0703125,3241700.0,18192700,0.0,631.0,30276100.0,76450000.0
2014-10-30,107.66754913330078,345.30499267578125,1.2632802724838257,1198.0999755859375,39.00722885131836,17195.419921875,107.92841646810037,350.9129943847656,1.2634079456329346,1214.699951171875,39.235936122120485,17223.9609375,106.09366767997048,335.0719909667969,1.2558696269989014,1195.800048828125,38.770052376984495,16920.759765625,106.53713286134511,335.7090148925781,1.2632323503494263,1213.699951171875,39.235936122120485,16968.140625,2569900.0,30177900,0.0,521.0,30073900.0,80180000.0
2014-10-31,108.6153564453125,338.3210144042969,1.2613362073898315,1171.0999755859375,39.76958084106445,17390.51953125,109.46751065346923,348.0450134277344,1.2610021829605103,1199.699951171875,39.786522477038154,17395.5390625,108.45883737771389,337.1419982910156,1.249125599861145,1161.4000244140625,39.37146047389917,17208.779296875,108.71969806762382,345.0090026855469,1.2610021829605103,1199.5999755859375,39.76110840743427,17208.779296875,4665300.0,12545400,0.0,260.0,35849700.0,121610000.0
2014-11-01,,325.7489929199219,,,,,,340.52899169921875,,,,,,321.05499267578125,,,,,,338.6499938964844,,,,,,16677200,,,,
2014-11-02,,325.8919982910156,,,,,,329.04998779296875,,,,,,320.6260070800781,,,,,,326.07501220703125,,,,,,8603620,,,,
2014-11-03,109.58924865722656,327.5539855957031,1.2503125667572021,1169.4000244140625,40.184635162353516,17366.240234375,109.78055047991998,334.00201416015625,1.2511416673660278,1172.300048828125,40.20157679645088,17410.650390625,108.59796342520772,325.4809875488281,1.2442917823791504,1163.0999755859375,39.58322169268542,17339.849609375,108.99795512987043,325.5690002441406,1.2503281831741333,1166.4000244140625,39.71875153417804,17390.900390625,3902700.0,12948500,0.0,60.0,23130400.0,80030000.0
2014-11-04,109.42404174804688,330.49200439453125,1.2495938539505005,1167.4000244140625,40.29475402832031,17383.83984375,110.18055175784765,331.7669982910156,1.2568103075027466,1171.0,40.43028386934197,17397.23046875,108.91970837564533,325.0769958496094,1.2492660284042358,1165.0,40.023694346277004,17278.359375,109.51100195437722,327.1610107421875,1.2492660284042358,1166.9000244140625,40.06604681573009,17368.810546875,3684600.0,15655500,0.0,40.0,21530800.0,81390000.0
2014-11-05,108.6456298828125,339.4859924316406,1.2552564144134521,1145.4000244140625,40.5404052734375,17484.529296875,110.4211128474777,343.3689880371094,1.2567076683044434,1168.699951171875,40.574288543519124,17486.58984375,108.6281336925009,330.6830139160156,1.245969295501709,1137.800048828125,40.03216591607265,17385.759765625,110.21120527362861,330.6830139160156,1.2553982734680176,1168.0999755859375,40.48958036831507,17385.759765625,3334000.0,19817200,0.0,157.0,22449600.0,76030000.0
2014-11-06,108.96050262451172,349.2900085449219,1.2480031251907349,1142.300048828125,41.25193405151367,17554.470703125,109.15292069509681,352.96600341796875,1.2533605098724365,1147.5,41.38746388827539,17560.310546875,107.90220990913568,338.42401123046875,1.2402100563049316,1137.9000244140625,40.48110749906526,17440.349609375,108.87304168502085,339.4580078125,1.2477695941925049,1141.0999755859375,40.54040160069312,17491.66015625,2341900.0,18797000,0.0,137.0,33037800.0,70670000.0
2014-11-07,108.8467788696289,342.4150085449219,1.238006830215454,1169.5999755859375,41.23500442504883,17573.9296875,109.27534874401398,352.73199462890625,1.2442995309829712,1169.699951171875,41.43829762374436,17575.330078125,108.6018856116036,341.7760009765625,1.236390471458435,1133.0,40.90465055370323,17493.369140625,109.26660064970142,349.8179931640625,1.238175392150879,1139.9000244140625,41.43829762374436,17558.580078125,2366700.0,16834200,0.0,97.0,28000600.0,82860000.0
2014-11-08,,345.4880065917969,,,,,,347.0320129394531,,,,,,342.15399169921875,,,,,,342.15399169921875,,,,,,8535470,,,,
2014-11-09,,363.2640075683594,,,,,,363.6260070800781,,,,,,344.2550048828125,,,,,,345.3760070800781,,,,,,24205600,,,,
2014-11-10,109.01295471191406,366.92401123046875,1.246137022972107,1159.5999755859375,41.41287612915039,17613.740234375,109.3190712715694,374.8160095214844,1.2508692741394043,1171.0,41.63311414092068,17621.869140625,108.27827496874127,357.5610046386719,1.2430498600006104,1150.699951171875,41.1248748123413,17547.509765625,109.21412083559645,362.2650146484375,1.2461835145950317,1171.0,41.209582982747676,17568.98046875,2622700.0,30450100,0.0,40.0,36370100.0,71430000.0
2014-11-11,109.6427001953125,367.69500732421875,1.242992639541626,1162.800048828125,41.39592361450195,17614.900390625,109.96631299060141,371.30999755859375,1.2441989183425903,1170.5,41.4636901330152,17638.2109375,108.84679034994308,363.7349853515625,1.2396397590637207,1151.5999755859375,41.20957215116142,17584.939453125,108.96049556947673,365.85699462890625,1.242714524269104,1155.0,41.37898198487364,17615.640625,3053500.0,15838900,0.0,22.0,23445200.0,52880000.0
2014-11-12,110.0887451171875,423.5610046386719,1.2475829124450684,1158.9000244140625,41.3197021484375,17612.19921875,110.36862407223931,429.7179870605469,1.25,1168.0999755859375,41.438290365452616,17626.7109375,108.86427218652061,367.9849853515625,1.2431780099868774,1157.5,41.09946734987893,17536.169921875,108.89925789000718,367.9849853515625,1.2478007078170776,1162.5,41.13335062082227,17604.75,3075000.0,45783200,0.0,17.0,22722100.0,75980000.0
2014-11-13,112.41524505615234,420.7349853515625,1.242992639541626,1161.0999755859375,42.022762298583984,17652.7890625,112.79133972510054,457.0929870605469,1.2490195035934448,1164.5,42.056645566962345,17705.48046875,109.975047128784,401.12298583984375,1.243193507194519,1155.0,41.260404916502424,17583.880859375,109.975047128784,427.27301025390625,1.243193507194519,1163.699951171875,41.34511308744833,17618.689453125,5813900.0,58945000,0.0,1047.0,26210400.0,80540000.0
2014-11-14,112.70386505126953,397.8179931640625,1.2475982904434204,1185.0,41.997352600097656,17634.740234375,113.50851621523901,419.25201416015625,1.2493003606796265,1191.0,42.39546970482103,17664.150390625,111.82049438602006,384.78900146484375,1.2399563789367676,1148.0,41.83640868658574,17613.19921875,112.4152380013107,418.4169921875,1.2475050687789917,1155.199951171875,42.132882445994504,17653.109375,6235600.0,29589200,0.0,486.0,29081700.0,72850000.0
2014-11-15,,376.13299560546875,,,,,,405.52801513671875,,,,,,371.00799560546875,,,,,,399.6499938964844,,,,,,15727500,,,,
2014-11-16,,387.8819885253906,,,,,,390.79901123046875,,,,,,374.60198974609375,,,,,,374.7300109863281,,,,,,11905600,,,,
2014-11-17,112.31903839111328,387.4079895019531,1.251846432685852,1183.0,41.89571762084961,17647.75,112.97500537440597,410.1990051269531,1.2575926780700684,1186.9000244140625,42.10748328197152,17675.0703125,111.55812096111215,377.50201416015625,1.2448292970657349,1180.5999755859375,41.624657833116565,17606.810546875,112.56393166388796,388.3489990234375,1.2521443367004395,1183.0999755859375,41.853365134882736,17631.849609375,3752900.0,41518800,0.0,17.0,30318600.0,70330000.0
2014-11-18,114.27820587158203,375.197998046875,1.2448959350585938,1196.699951171875,41.546226501464844,17687.8203125,114.86420148262087,392.4020080566406,1.2535696029663086,1197.0999755859375,42.049145646544495,17735.7109375,111.98668530874924,371.11700439453125,1.2451130151748657,1193.9000244140625,41.512129516657,17642.029296875,112.43275142966665,387.7850036621094,1.2451130151748657,1197.0999755859375,41.87866397417272,17643.08984375,5701200.0,32222500,0.0,2.0,23995500.0,87420000.0
2014-11-19,115.10910034179688,380.55499267578125,1.253337025642395,1193.5999755859375,41.10297393798828,17685.73046875,116.09742831717229,386.4809875488281,1.2570995092391968,1198.300048828125,41.55474758919367,17712.259765625,113.91961287127141,373.89599609375,1.251392126083374,1190.5999755859375,40.855775684749844,17624.5,114.21698140248176,373.89599609375,1.2533998489379883,1196.5,41.47803100203923,17685.509765625,5037600.0,18931800,0.0,23.0,26177500.0,73780000.0
2014-11-20,115.18781280517578,357.8399963378906,1.2540757656097412,1190.699951171875,41.51211929321289,17719.0,115.80004605731476,382.0249938964844,1.2575294971466064,1191.9000244140625,41.51211929321289,17720.439453125,114.32194482918065,356.781005859375,1.2506800889968872,1190.699951171875,40.804621665193395,17603.890625,114.52310432366546,380.3070068359375,1.2542959451675415,1191.800048828125,40.91543521269443,17677.3203125,4052800.0,25233200,0.0,3.0,21510600.0,77740000.0
2014-11-21,116.13236236572266,350.8479919433594,1.2545005083084106,1197.5,40.898380279541016,17810.060546875,116.63964496427717,357.8789978027344,1.2567235231399536,1202.4000244140625,41.81045311896218,17894.830078125,115.896210578571,344.11199951171875,1.2406902313232422,1189.0,40.54889445557277,17721.01953125,116.07988715650649,357.8789978027344,1.2543588876724243,1191.0,41.78488201651718,17721.01953125,4227100.0,29850100,0.0,20.0,42884800.0,140940000.0
2014-11-22,,352.9200134277344,,,,,,364.84100341796875,,,,,,350.87799072265625,,,,,,351.60400390625,,,,,,15273000,,,,
2014-11-23,,367.572998046875,,,,,,370.8450012207031,,,,,,353.17498779296875,,,,,,353.17498779296875,,,,,,15151600,,,,
2014-11-24,117.73294830322266,376.9010009765625,1.2375012636184692,1195.5,40.56595993041992,17817.900390625,117.84665351143848,387.2090148925781,1.2440301179885864,1197.9000244140625,40.91544590075551,17855.26953125,116.70964146632551,366.66900634765625,1.237424612045288,1195.5,40.395478255499945,17793.189453125,116.71838288784913,366.947998046875,1.237424612045288,1197.699951171875,40.90692328025988,17812.630859375,4161500.0,30930100,0.0,17.0,35434200.0,85510000.0
2014-11-25,117.90787506103516,375.3479919433594,1.2433171272277832,1197.0999755859375,40.46366882324219,17814.939453125,118.5988344149311,394.70098876953125,1.247889518737793,1197.0999755859375,40.88987134886583,17854.73046875,117.84665841645834,374.78399658203125,1.2406023740768433,1197.0999755859375,40.446620332017176,17790.890625,117.84665841645834,376.885986328125,1.2435954809188843,1197.0999755859375,40.62562461237898,17819.05078125,4301600.0,25442200,0.0,210753.0,28008000.0,88190000.0
2014-11-26,117.88166046142578,368.3699951171875,1.24806547164917,1196.5999755859375,40.702327728271484,17827.75,118.33646805632054,377.697998046875,1.2524595260620117,1201.0,40.90690630360742,17833.759765625,117.54055810167593,365.8160095214844,1.2444404363632202,1193.699951171875,40.30169644622444,17791.16015625,118.03034473663111,376.0190124511719,1.2478941679000854,1200.5,40.48070391901819,17812.25,2660100.0,18601700,0.0,75297.0,27163600.0,67450000.0
2014-11-27,,369.6700134277344,1.2505940198898315,,,,,373.99200439453125,1.252097249031067,,,,,368.2820129394531,1.246618628501892,,,,,370.50201416015625,1.2505470514297485,,,,,8748030,0.0,,,
2014-11-28,117.51429748535156,376.4469909667969,1.246199131011963,1175.199951171875,40.75347900390625,17828.240234375,118.75626002253568,382.8380126953125,1.248953938484192,1198.199951171875,41.08591639108551,17893.419921875,117.23441183690778,358.4549865722656,1.2431100606918335,1163.800048828125,40.582997375395536,17807.779296875,118.52010817487154,369.3739929199219,1.2458264827728271,1197.0,40.872815168363765,17830.55078125,2090000.0,22946500,0.0,11175.0,21534400.0,80470000.0
2014-11-29,,375.4909973144531,,,,,,387.60101318359375,,,,,,372.1449890136719,,,,,,376.1520080566406,,,,,,15375600,,,,
2014-11-30,,378.0469970703125,,,,,,382.5270080566406,,,,,,373.3089904785156,,,,,,375.510009765625,,,,,,9194440,,,,
2014-12-01,115.79129028320312,379.2449951171875,1.2438275814056396,1218.0,41.443931579589844,17776.80078125,117.5492769776791,383.6619873046875,1.250589370727539,1220.4000244140625,41.580316254097596,17827.26953125,115.62510984700087,376.66900634765625,1.2422822713851929,1141.699951171875,40.66824313363942,17726.55078125,117.47056414337771,378.2489929199219,1.2437965869903564,1160.0,40.81315367936667,17827.26953125,3473700.0,11763000,0.0,5524.0,31191600.0,86390000.0
2014-12-02,115.6950912475586,381.31500244140625,1.247007131576538,1199.199951171875,41.30754089355469,17879.55078125,116.2898416313293,384.0379943847656,1.2478007078170776,1212.300048828125,41.810459917299305,17897.05078125,115.23154227796604,377.8630065917969,1.2395721673965454,1191.300048828125,41.085917049107906,17778.849609375,115.88750931180645,379.25,1.247007131576538,1212.300048828125,41.63145566774613,17778.849609375,2904900.0,12364100,0.0,1236.0,25773500.0,81970000.0
2014-12-03,115.4239730834961,375.010009765625,1.2388503551483154,1208.5,40.9836311340332,17912.619140625,116.56972682710408,383.0260009765625,1.2392956018447876,1213.699951171875,41.34163964854008,17924.150390625,114.95166929341215,374.34600830078125,1.2302998304367065,1196.0999755859375,40.75348140970729,17855.58984375,116.01871018723446,381.72198486328125,1.2388043403625488,1198.0999755859375,41.290494181467615,17880.900390625,4627500.0,13340100,0.0,440.0,23534800.0,99400000.0
2014-12-04,114.85545349121094,369.60400390625,1.231663703918457,1207.5,41.63145065307617,17900.099609375,115.9049980083548,378.6549987792969,1.2431780099868774,1213.0,41.81898075001933,17937.9609375,114.5055964217079,367.7590026855469,1.229770302772522,1201.5999755859375,41.08591210015018,17814.810546875,115.42395287883977,375.7179870605469,1.2312238216400146,1208.199951171875,41.24786784190438,17910.01953125,2785500.0,14529600,0.0,358.0,30320400.0,76270000.0
2014-12-05,115.63386535644531,376.85400390625,1.2386661767959595,1190.0999755859375,41.2734489440918,17958.7890625,115.9924504969018,379.1919860839844,1.2392494678497314,1206.0,41.74227430002458,17991.189453125,115.03911502020492,365.7560119628906,1.2275059223175049,1186.699951171875,41.239355215024275,17903.05078125,115.2052954574733,369.4419860839844,1.2385741472244263,1203.0999755859375,41.61441224810345,17903.05078125,2580200.0,15181800,0.0,560.0,27313400.0,79110000.0
2014-12-06,,374.7850036621094,,,,,,378.447998046875,,,,,,370.94500732421875,,,,,,376.7569885253906,,,,,,7009320,,,,
2014-12-07,,375.0950012207031,,,,,,376.2919921875,,,,,,373.2749938964844,,,,,,374.83599853515625,,,,,,6491650,,,,
2014-12-08,113.94585418701172,361.90899658203125,1.2294074296951294,1194.699951171875,40.65972900390625,17852.48046875,115.5114364295991,376.02899169921875,1.2303906679153442,1207.0,41.21379043717857,17960.560546875,113.58725564589568,361.885986328125,1.2247997522354126,1187.199951171875,40.44662770226279,17804.279296875,115.46770262166322,374.9649963378906,1.2296946048736572,1190.5999755859375,41.13707383852021,17954.939453125,2862400.0,18898700,0.0,183.0,26663100.0,88680000.0
2014-12-09,113.40357208251953,352.218994140625,1.2315119504928589,1231.5,40.56595993041992,17801.19921875,113.45604730439668,363.0669860839844,1.2447998523712158,1238.0,40.84725193012052,17847.369140625,111.72429158119931,344.95098876953125,1.2293771505355835,1202.0,40.10566038363623,17629.5703125,112.4414818624982,361.8949890136719,1.2314057350158691,1202.0,40.15680586161247,17847.369140625,3084600.0,32915500,0.0,314.0,24330500.0,100400000.0
2014-12-10,109.01295471191406,346.364990234375,1.2394952774047852,1228.9000244140625,39.977787017822266,17533.150390625,112.80881339732125,352.3840026855469,1.2435954809188843,1234.5999755859375,40.62561324476581,17797.990234375,108.92549379098976,346.364990234375,1.2362926006317139,1226.5999755859375,39.8073054049425,17508.099609375,112.66012916446589,352.2049865722656,1.238712191581726,1231.199951171875,40.55742255061369,17797.990234375,6651700.0,16427700,0.0,306.0,30431800.0,115100000.0
2014-12-11,107.90220642089844,350.5060119628906,1.2473959922790527,1225.0999755859375,40.20794677734375,17596.33984375,109.89634513732888,361.35699462890625,1.2495938539505005,1231.199951171875,40.69382067311226,17758.509765625,107.57859361511774,338.76300048828125,1.2374200820922852,1216.199951171875,39.79027010165483,17534.30078125,109.52025710411846,344.3399963378906,1.2480031251907349,1226.5999755859375,40.131233440381095,17534.30078125,6702100.0,32431300,0.0,264.0,29060400.0,90100000.0
2014-12-12,105.62818145751953,352.5419921875,1.2394952774047852,1222.0,40.02041244506836,17280.830078125,106.94011551887876,352.9830017089844,1.2477073669433594,1227.800048828125,40.685287255437935,17590.05078125,105.46200768061304,349.2909851074219,1.2386692762374878,1216.199951171875,39.78173685155953,17280.830078125,106.91387790530625,350.8330078125,1.2391266822814941,1227.800048828125,39.87550191490227,17590.05078125,6661100.0,16989800,0.0,203.0,34248400.0,121950000.0
2014-12-13,,347.3760070800781,,,,,,352.3810119628906,,,,,,346.5880126953125,,,,,,352.3810119628906,,,,,,11675900,,,,
2014-12-14,,351.6319885253906,,,,,,353.3160095214844,,,,,,345.4179992675781,,,,,,346.72698974609375,,,,,,12415200,,,,
2014-12-15,106.77394104003906,345.3450012207031,1.2463544607162476,1207.199951171875,39.78173828125,17180.83984375,107.4736351977925,351.81500244140625,1.248000144958496,1223.0999755859375,40.6341432489391,17403.5390625,105.47949650529063,344.9339904785156,1.2417100667953491,1198.4000244140625,39.67945059559404,17115.279296875,106.17919733588573,351.3609924316406,1.2464786767959595,1223.0999755859375,40.23351512525871,17285.740234375,6238800.0,17264200,0.0,77.0,29247800.0,114050000.0
2014-12-16,108.67185974121094,327.06201171875,1.2443537712097168,1193.9000244140625,38.494606018066406,17068.869140625,109.8001237135105,345.8590087890625,1.2565702199935913,1222.0,39.50044408277895,17427.439453125,108.37449125554674,327.06201171875,1.2436264753341675,1192.699951171875,38.4690349110257,17067.58984375,109.36281240670482,345.6730041503906,1.2443537712097168,1197.199951171875,39.1253870889596,17173.0703125,7919900.0,30864900,0.0,223.0,47801400.0,116640000.0
2014-12-17,109.38029479980469,319.7760009765625,1.2512043714523315,1194.300048828125,38.98899841308594,17356.869140625,109.66017375102027,333.9540100097656,1.2515957355499268,1199.5999755859375,39.16800264725299,17389.30078125,107.94591434071984,315.1520080566406,1.239009976387024,1184.0,38.27297822475133,17069.16015625,108.69809027326929,326.8550109863281,1.2513765096664429,1198.199951171875,38.4008369984422,17069.16015625,6726500.0,37567900,0.0,94.0,34970900.0,118220000.0
2014-12-18,109.913818359375,311.39599609375,1.2338976860046387,1194.699951171875,40.50627136230469,17778.150390625,111.38318456513035,323.7090148925781,1.2351473569869995,1207.300048828125,40.50627136230469,17778.400390625,109.12665670042736,304.23199462890625,1.226670265197754,1189.699951171875,39.50043356540619,17367.849609375,111.19076652929418,319.7850036621094,1.2338062524795532,1189.699951171875,39.705012122260904,17367.849609375,6485900.0,39173000,0.0,197.0,40105600.0,123940000.0
2014-12-19,110.40364074707031,317.8429870605469,1.229044795036316,1195.9000244140625,40.6256217956543,17804.80078125,111.44443735819551,318.5329895019531,1.23099946975708,1200.800048828125,41.00067882159881,17874.029296875,109.76516315680077,306.7690124511719,1.2254902124404907,1195.9000244140625,40.20794191876884,17746.55078125,109.87886172039725,311.1789855957031,1.2291052341461182,1198.0,40.60005068642332,17778.01953125,7680800.0,23823100,0.0,96.0,64551200.0,343690000.0
2014-12-20,,329.95599365234375,,,,,,330.32501220703125,,,,,,316.04400634765625,,,,,,317.6189880371094,,,,,,20856700,,,,
2014-12-21,,320.8429870605469,,,,,,329.6289978027344,,,,,,318.90301513671875,,,,,,329.5429992675781,,,,,,15207600,,,,
2014-12-22,112.14412689208984,331.885986328125,1.2225985527038574,1179.699951171875,40.898380279541016,17959.439453125,112.42399922439657,334.11700439453125,1.2280004024505615,1198.0,41.01771642650586,17962.779296875,110.84094089994579,320.42498779296875,1.2223594188690186,1172.699951171875,40.66823060253762,17812.25,110.84094089994579,321.0679931640625,1.2224938869476318,1198.0,40.72789867602004,17812.25,3189300.0,22315100,0.0,223.0,26566000.0,98460000.0
2014-12-23,113.72718811035156,334.5719909667969,1.2223743200302124,1177.9000244140625,41.299007415771484,18024.169921875,114.26944991133459,336.2869873046875,1.2249993085861206,1180.300048828125,41.597347753245586,18069.220703125,112.52020451907117,329.60198974609375,1.216570258140564,1175.0,41.026238178176364,17970.16015625,112.8613068367352,332.0169982910156,1.2224639654159546,1179.300048828125,41.2308134805398,17971.509765625,4028900.0,16574200,0.0,232.0,23648100.0,82890000.0
2014-12-24,114.78549194335938,322.53399658203125,1.217492938041687,1173.5,41.03477478027344,18030.2109375,115.73882751654138,334.7409973144531,1.2221053838729858,1179.300048828125,41.46097726573812,18086.240234375,113.84963921589325,321.35699462890625,1.2170928716659546,1173.5,40.9836325630845,18027.779296875,113.96334444146525,334.385009765625,1.2175966501235962,1177.0,41.46097726573812,18035.73046875,2116900.0,15092300,0.0,23.0,11437800.0,42870000.0
2014-12-25,,319.00799560546875,1.2198543548583984,,,,,322.6700134277344,1.2255953550338745,,,,,316.9580078125,1.2191553115844727,,,,,322.2860107421875,1.2198543548583984,,,,,9883640,0.0,,,
2014-12-26,115.12657165527344,327.92401123046875,1.2210012674331665,1195.300048828125,40.813140869140625,18053.7109375,115.38894774629972,331.42401123046875,1.222299575805664,1195.300048828125,41.26491435195955,18103.44921875,113.90209206586584,316.62701416015625,1.2169995307922363,1177.199951171875,40.76199541287833,18038.30078125,114.82918984264175,319.1520080566406,1.2211055755615234,1177.199951171875,41.26491435195955,18038.30078125,2242900.0,16410500,0.0,124.0,13197800.0,52570000.0
2014-12-27,,315.8630065917969,,,,,,328.9110107421875,,,,,,312.6300048828125,,,,,,327.5830078125,,,,,,15185200,,,,
2014-12-28,,317.239013671875,,,,,,320.02801513671875,,,,,,311.0780029296875,,,,,,316.1600036621094,,,,,,11676600,,,,
2014-12-29,115.70382690429688,312.6700134277344,1.216944694519043,1181.699951171875,40.44660949707031,18038.23046875,116.08866301361485,320.2669982910156,1.2219994068145752,1186.5,40.72790139776173,18073.0390625,114.72425378652952,312.3070068359375,1.2169595956802368,1181.300048828125,40.28465049965232,18021.5703125,115.20529892317698,317.70098876953125,1.2169595956802368,1186.5,40.659710702796005,18046.580078125,2718400.0,12302500,0.0,180.0,14439500.0,53870000.0
2014-12-30,115.30152893066406,310.73699951171875,1.215347409248352,1200.199951171875,40.080074310302734,17983.0703125,115.69510653383325,314.8089904785156,1.2189993858337402,1210.300048828125,40.59151589249589,18035.01953125,115.03039798949607,309.37298583984375,1.2124900817871094,1181.4000244140625,39.92664118531153,17959.69921875,115.45021320983085,312.718994140625,1.2154951095581055,1181.4000244140625,40.43808276750469,18035.01953125,2447700.0,12528300,0.0,191.0,16384700.0,47490000.0
2014-12-31,113.6834487915039,320.1929931640625,1.2162047624588013,1183.9000244140625,39.594200134277344,17823.0703125,115.71257975402213,320.1929931640625,1.2169743776321411,1199.199951171875,40.43807899125839,18043.220703125,113.57849834367799,310.21099853515625,1.21053946018219,1182.699951171875,39.594200134277344,17820.880859375,115.66884595220047,310.91400146484375,1.2162047624588013,1199.199951171875,39.832872416790615,17987.66015625,2712400.0,13942900,0.0,92.0,21552500.0,82840000.0
2015-01-01,,314.2489929199219,1.2098628282546997,,,,,320.43499755859375,1.2098628282546997,,,,,314.00299072265625,1.2098628282546997,,,,,320.43499755859375,1.2098628282546997,,,,,8036550,0.0,,,
2015-01-02,113.6572265625,315.0320129394531,1.2089413404464722,1186.0,39.85844421386719,17832.990234375,115.3102630679015,315.8389892578125,1.208956003189087,1194.5,40.421031212231604,17951.779296875,112.90505044468487,313.56500244140625,1.2010799646377563,1169.5,39.670917382189735,17731.30078125,114.6368131422936,314.0790100097656,1.2088682651519775,1184.0,39.77320504052889,17823.0703125,4294200.0,7860650,0.0,138.0,27913900.0,76270000.0
2015-01-03,,281.0820007324219,,,,,,315.1499938964844,,,,,,281.0820007324219,,,,,,314.84600830078125,,,,,,33054400,,,,
2015-01-04,,264.19500732421875,,,,,,287.2300109863281,,,,,,257.61199951171875,,,,,,281.14599609375,,,,,,55629100,,,,
2015-01-05,112.87006378173828,274.4739990234375,1.194643259048462,1203.9000244140625,39.491939544677734,17501.650390625,113.63098127142923,278.34100341796875,1.1975904703140259,1206.9000244140625,39.83289971743142,17821.30078125,112.48522765270909,265.0840148925781,1.1889094114303589,1180.0999755859375,39.423745559126075,17475.9296875,113.40358417049539,265.0840148925781,1.195500135421753,1180.300048828125,39.52603328578536,17821.30078125,5024800.0,43962800,0.0,470.0,39673900.0,116160000.0
2015-01-06,111.54061889648438,286.1889953613281,1.193901538848877,1219.300048828125,38.91228485107422,17371.640625,113.36857692401594,287.5530090332031,1.1969999074935913,1220.0,39.84992893716437,17581.05078125,110.35987972331644,272.6960144042969,1.1886931657791138,1203.5,38.81851979213187,17262.369140625,112.8700489827263,274.6109924316406,1.1938302516937256,1203.5,39.534540035721925,17504.1796875,4992800.0,23245700,0.0,97.0,36447900.0,101870000.0
2015-01-07,113.27239227294922,294.3370056152344,1.1875356435775757,1210.5999755859375,39.40668487548828,17584.51953125,113.67472462683257,298.7539978027344,1.1900001764297485,1219.199951171875,39.60273764581403,17597.080078125,112.58144614372898,283.0790100097656,1.1804006099700928,1210.5999755859375,38.775906962556256,17374.779296875,112.59894233625033,286.0769958496094,1.1874792575836182,1219.199951171875,39.193583614047185,17374.779296875,3573200.0,24866800,0.0,29.0,29114100.0,91030000.0
2015-01-08,115.2752685546875,283.3489990234375,1.1836000680923462,1208.4000244140625,40.56595993041992,17907.869140625,115.44144899438407,294.135009765625,1.184805989265442,1215.699951171875,40.70234462002241,17916.0390625,114.05078883073946,282.17498779296875,1.1756006479263306,1206.300048828125,39.82436838393563,17591.970703125,114.22572403821961,294.135009765625,1.1838942766189575,1207.0,39.84993949709,17591.970703125,4503400.0,19982500,0.0,92.0,29645200.0,114890000.0
2015-01-09,115.0478515625,290.4079895019531,1.1796069145202637,1216.0,40.22498321533203,17737.369140625,115.67758090560622,291.114013671875,1.1838297843933105,1220.199951171875,40.761999174816154,17915.3203125,114.5143312397484,280.5329895019531,1.176830530166626,1210.300048828125,39.977788283082496,17686.08984375,115.09158536187607,282.38299560546875,1.1794260740280151,1211.0999755859375,40.582994938876915,17911.01953125,3056400.0,18718600,0.0,43.0,23944200.0,93390000.0
2015-01-10,,274.7959899902344,,,,,,288.12701416015625,,,,,,273.96600341796875,,,,,,287.3030090332031,,,,,,15264300,,,,
2015-01-11,,265.6600036621094,,,,,,279.63800048828125,,,,,,265.03900146484375,,,,,,274.6080017089844,,,,,,18200800,,,,
2015-01-12,114.46186065673828,267.7959899902344,1.187070369720459,1232.699951171875,39.72207260131836,17640.83984375,115.67758559283554,272.2030029296875,1.1872000694274902,1234.4000244140625,40.52333540057985,17793.880859375,113.65720942920537,265.20001220703125,1.1788004636764526,1219.0999755859375,39.51749721760652,17571.580078125,115.66010274892218,266.14599609375,1.1870139837265015,1224.199951171875,40.42104445705683,17742.05078125,3552700.0,18880300,0.0,100.0,23651900.0,92500000.0
2015-01-13,114.72425079345703,225.86099243164062,1.1831519603729248,1234.300048828125,39.517494201660156,17613.6796875,117.1207216462532,268.2770080566406,1.1859019994735718,1239.300048828125,40.838721230493306,17923.009765625,113.84962814807365,219.906005859375,1.1756504774093628,1230.300048828125,39.261773365703235,17498.23046875,115.45018919060713,267.3940124511719,1.1832358837127686,1239.199951171875,40.037461744050454,17645.01953125,3441700.0,72843904,0.0,20.0,35270600.0,99360000.0
2015-01-14,114.0333023071289,178.10299682617188,1.1778285503387451,1234.4000244140625,39.17652893066406,17427.08984375,114.82919875447968,223.8939971923828,1.184356927871704,1243.800048828125,39.41520451688657,17609.060546875,112.78258501155112,171.50999450683594,1.173060417175293,1225.5999755859375,38.886711130846265,17264.900390625,112.85255642314895,223.8939971923828,1.1776759624481201,1229.5999755859375,39.17652893066406,17609.060546875,3559500.0,97638704,0.0,21.0,29719600.0,109180000.0
2015-01-15,113.82342529296875,209.843994140625,1.1785920858383179,1264.699951171875,38.76737976074219,17320.7109375,115.30154015032629,229.06700134277344,1.1788560152053833,1265.0,39.53454557626936,17517.41015625,113.43858907617904,176.89700317382812,1.1592293977737427,1227.300048828125,38.70771166971975,17298.0390625,113.91963434716618,176.89700317382812,1.178383708000183,1231.5,39.398160903694205,17436.30078125,3902000.0,81773504,0.0,130.0,32750800.0,94520000.0
2015-01-16,114.38313293457031,208.0970001220703,1.1637378931045532,1276.9000244140625,39.41520690917969,17511.5703125,114.59304714535067,221.59100341796875,1.1650002002716064,1279.699951171875,39.44930063642363,17528.369140625,112.92251491696868,199.77099609375,1.1464300155639648,1256.0999755859375,38.50313060748315,17243.55078125,113.48227280003566,209.07000732421875,1.1639004945755005,1256.0999755859375,38.622470033671014,17320.0,4425600.0,38421000,0.0,44.0,35695300.0,140480000.0
2015-01-17,,199.25999450683594,,,,,,211.7310028076172,,,,,,194.875,,,,,,207.83399963378906,,,,,,23469700,,,,
2015-01-18,,210.33900451660156,,,,,,218.69500732421875,,,,,,194.50599670410156,,,,,,200.0500030517578,,,,,,30085100,,,,
2015-01-19,,214.86099243164062,1.1566041707992554,,,,,216.72799682617188,1.1638705730438232,,,,,207.3179931640625,1.155401587486267,,,,,211.4709930419922,1.156376838684082,,,,,18658300,0.0,,,
2015-01-20,114.76799011230469,211.31500244140625,1.1597968339920044,1294.199951171875,39.543060302734375,17515.23046875,115.45019474084594,215.24099731445312,1.1615993976593018,1297.300048828125,39.7646873837232,17588.69921875,113.21990421876116,205.1529998779297,1.1569199562072754,1273.800048828125,38.84408858884612,17346.73046875,114.96914959362246,212.90699768066406,1.1597026586532593,1278.9000244140625,39.46634373649462,17516.9609375,3143700.0,24051100,0.0,157.0,36161900.0,119600000.0
2015-01-21,115.80879974365234,226.89700317382812,1.1546944379806519,1293.699951171875,39.1424446105957,17554.279296875,116.2111187288619,227.78799438476562,1.1663997173309326,1303.5,39.329974792194434,17599.580078125,114.19949711144642,211.21200561523438,1.1543744802474976,1286.699951171875,38.76738749906599,17396.0390625,114.46187325585097,211.3780059814453,1.1546677350997925,1295.199951171875,39.15949310452902,17509.9609375,2898000.0,29924600,0.0,78.0,39081100.0,95530000.0
2015-01-22,118.6338119506836,233.406005859375,1.1615345478057861,1300.699951171875,40.17384338378906,17813.98046875,119.13235325130411,237.0189971923828,1.1642893552780151,1302.0999755859375,40.18236600195738,17840.890625,116.36854256197167,226.4340057373047,1.1414000988006592,1283.5,39.27881889945257,17482.5390625,116.65716962880215,227.32200622558594,1.1616965532302856,1293.199951171875,39.534539716167764,17557.2890625,4971300.0,33544600,0.0,131.0,35898000.0,111980000.0
2015-01-23,117.74168395996094,232.87899780273438,1.1346745491027832,1292.5999755859375,40.216468811035156,17672.599609375,118.75624932566002,234.84500122070312,1.1373976469039917,1299.800048828125,40.395473083532245,17812.5,117.72420111776965,225.1959991455078,1.1121799945831299,1292.5999755859375,39.89255399532584,17667.529296875,118.5725860628841,233.51699829101562,1.1346487998962402,1299.800048828125,40.36990197365183,17812.5,3828300.0,24621700,0.0,23.0,26211600.0,97110000.0
2015-01-24,,247.8470001220703,,,,,,248.2100067138672,,,,,,230.02200317382812,,,,,,232.6999969482422,,,,,,24782500,,,,
2015-01-25,,253.71800231933594,,,,,,255.07400512695312,,,,,,243.88999938964844,,,,,,247.3520050048828,,,,,,33582700,,,,
2015-01-26,117.26065063476562,273.4729919433594,1.1125450134277344,1279.4000244140625,40.07154083251953,17678.69921875,118.29269882860035,309.3840026855469,1.1283994913101196,1290.5999755859375,40.173831730868145,17696.359375,116.7883469884121,254.07899475097656,1.1140819787979126,1279.4000244140625,39.415192118943736,17567.599609375,118.07404319305765,254.07899475097656,1.1140819787979126,1289.5,40.06301821682331,17668.109375,3900500.0,106794000,0.0,26.0,42525500.0,87220000.0
2015-01-27,115.87001037597656,263.4750061035156,1.1247708797454834,1291.699951171875,36.363590240478516,17387.2109375,116.31607648965877,275.4800109863281,1.14199960231781,1291.699951171875,36.82388963316384,17638.529296875,114.34817543475442,250.6529998779297,1.1226003170013428,1277.199951171875,35.89476823015076,17288.310546875,115.8000389592091,273.1669921875,1.1250998973846436,1277.199951171875,36.610788423772455,17638.529296875,5243900.0,44399000,0.0,20.0,169164000.0,135940000.0
2015-01-28,122.13230895996094,233.9149932861328,1.1367381811141968,1285.9000244140625,35.110557556152344,17191.369140625,124.10020996512438,266.5350036621094,1.138200283050537,1286.800048828125,36.47440738194732,17484.41015625,118.87871156376941,227.04600524902344,1.1307804584503174,1285.9000244140625,35.08498644903329,17189.0,119.2110724485933,263.35101318359375,1.1366994380950928,1285.9000244140625,36.431787786193325,17402.91015625,14355100.0,44352200,0.0,180387.0,84507100.0,115980000.0
2015-01-29,129.25173950195312,233.51300048828125,1.1281461715698242,1254.5999755859375,35.80952835083008,17416.849609375,129.6628132321312,238.70599365234375,1.1368002891540527,1285.4000244140625,35.90329340992017,17433.130859375,122.12356994753246,220.71200561523438,1.126405119895935,1251.0,34.769596585921796,17136.30078125,122.17604517339637,233.34800720214844,1.1284770965576172,1283.300048828125,34.8889327514304,17195.2890625,15161700.0,32213400,0.0,67983.0,63585300.0,111690000.0
2015-01-30,127.14391326904297,226.4250030517578,1.13355553150177,1278.5,34.43716049194336,17164.94921875,128.43836463317243,242.8509979248047,1.1363998651504517,1284.300048828125,35.44299857003973,17419.900390625,126.2692904614509,225.83900451660156,1.1285994052886963,1257.0,34.39453764408609,17156.8203125,127.88734799377022,232.77200317382812,1.1337354183197021,1258.0,35.41742421099202,17416.849609375,11271100.0,26605200,0.0,8626.0,78004900.0,168560000.0
2015-01-31,,217.46400451660156,,,,,,233.50399780273438,,,,,,216.3090057373047,,,,,,226.4409942626953,,,,,,23348200,,,,
2015-02-01,,226.9720001220703,,,,,,231.57400512695312,,,,,,212.01499938964844,,,,,,216.86700439453125,,,,,,29128500,,,,
2015-02-02,127.92231750488281,238.22900390625,1.1309019327163696,1276.199951171875,35.187278747558594,17361.0390625,128.21094461137022,242.1750030517578,1.1359995603561401,1284.0999755859375,35.26399533065164,17367.6796875,125.11478597523222,222.65899658203125,1.1292927265167236,1266.0,34.292254112584445,17037.759765625,125.70078161118519,226.49099731445312,1.130467176437378,1284.0999755859375,34.59912044495665,17169.990234375,6790900.0,30612100,0.0,1654.0,50352500.0,108090000.0
2015-02-03,128.8668975830078,227.26800537109375,1.1341726779937744,1259.699951171875,35.460052490234375,17666.400390625,129.44415173288854,245.95700073242188,1.1450005769729614,1284.699951171875,35.74134774697224,17670.759765625,127.85233210970516,224.48300170898438,1.1317901611328125,1255.300048828125,34.991230314005485,17369.970703125,128.0185125479147,237.45399475097656,1.1336969137191772,1273.5,35.48562685554444,17369.970703125,5978200.0,40783700,0.0,2380.0,52082400.0,112860000.0
2015-02-04,128.76199340820312,226.85299682617188,1.145737886428833,1263.800048828125,35.664615631103516,17673.01953125,129.78530067126653,230.05799865722656,1.1484194993972778,1271.5999755859375,35.98000448486701,17782.220703125,127.63372231473437,221.11300659179688,1.1404199600219727,1256.800048828125,35.25546173257263,17603.2109375,127.66871470676524,227.51100158691406,1.1456853151321411,1262.0,35.74985480725598,17664.990234375,4766200.0,26594300,0.0,668.0,41614800.0,102560000.0
2015-02-05,129.96893310546875,217.11099243164062,1.131874680519104,1262.0,36.18458938598633,17884.880859375,130.20507161566968,239.40499877929688,1.1460003852844238,1272.5999755859375,36.346545149656606,17889.580078125,128.09724113982233,214.72500610351562,1.1316953897476196,1257.800048828125,35.68167035476453,17677.259765625,128.7969285939205,227.6649932861328,1.131721019744873,1271.800048828125,35.988536645227555,17677.259765625,4252600.0,22516400,0.0,133.0,36548200.0,79890000.0
2015-02-06,129.44415283203125,222.26600646972656,1.147196888923645,1233.9000244140625,36.15049743652344,17824.2890625,130.22256646050468,230.50999450683594,1.147599697113037,1267.5999755859375,36.47441226057912,17951.08984375,129.1817633666136,216.23199462890625,1.132002830505371,1228.0,35.928873557959335,17764.400390625,129.98641460706054,216.92300415039062,1.1470915079116821,1265.0,36.38064718637875,17881.5390625,4398800.0,24435300,0.0,432.0,34616600.0,93610000.0
2015-02-07,,227.75399780273438,,,,,,230.2989959716797,,,,,,222.60699462890625,,,,,,222.63299560546875,,,,,,21604200,,,,
2015-02-08,,223.41200256347656,,,,,,229.43800354003906,,,,,,221.07699584960938,,,,,,227.6929931640625,,,,,,17145200,,,,
2015-02-09,129.0768280029297,220.11000061035156,1.1314393281936646,1240.800048828125,36.107879638671875,17729.2109375,129.5841108031707,223.9770050048828,1.1359995603561401,1242.300048828125,36.43179447890723,17821.490234375,127.37131629692881,217.0189971923828,1.1271694898605347,1235.4000244140625,35.98001757625422,17685.3203125,127.83486529020894,223.38900756835938,1.1314777135849,1237.5,36.005591939738146,17821.490234375,4202900.0,27791300,0.0,319.0,31381100.0,81590000.0
2015-02-10,129.4791259765625,219.83900451660156,1.1326953172683716,1231.5999755859375,36.31244659423828,17868.759765625,130.06513487246897,221.8070068359375,1.1350003480911255,1245.0,36.45735711473245,17890.33984375,129.00683563683958,215.33200073242188,1.127559781074524,1231.199951171875,35.95443810537016,17729.240234375,129.6190687978441,220.28199768066406,1.1326054334640503,1237.5,36.43178600886089,17736.150390625,4034900.0,21115100,0.0,231.0,29670700.0,89930000.0
2015-02-11,130.1743927001953,219.18499755859375,1.1321951150894165,1219.0,36.12492752075195,17862.140625,130.57921351791381,223.406005859375,1.1331958770751953,1237.4000244140625,36.35507727821906,17897.2109375,129.44396418724878,218.07400512695312,1.128860592842102,1219.0,35.980016969013136,17759.650390625,129.81357618869842,219.73199462890625,1.1319515705108643,1233.300048828125,36.35507727821906,17867.859375,3272700.0,17201900,0.0,102.0,38262500.0,89890000.0
2015-02-12,130.323974609375,221.76400756835938,1.131196141242981,1220.0999755859375,36.730133056640625,17972.380859375,130.74639976395272,222.19900512695312,1.1398193836212158,1229.800048828125,36.730133056640625,17975.650390625,129.9631581587582,217.61399841308594,1.1306205987930298,1217.9000244140625,36.23573657596541,17862.140625,130.47357848270295,219.20799255371094,1.130825161933899,1217.9000244140625,36.363598631772355,17862.140625,2998900.0,15206200,0.0,99.0,33268800.0,117160000.0
2015-02-13,131.7672119140625,235.427001953125,1.140393853187561,1226.5,37.39500427246094,18019.349609375,131.86401598905388,240.25900268554688,1.1450005769729614,1232.800048828125,37.39500427246094,18037.41015625,129.92794791745104,221.26199340820312,1.138200283050537,1222.199951171875,36.78127491916065,17961.759765625,130.22715562988805,221.968994140625,1.1404849290847778,1222.199951171875,36.977327667599184,17968.650390625,3418600.0,42744400,0.0,65.0,40264900.0,85230000.0
2015-02-14,,257.3210144042969,,,,,,259.8080139160156,,,,,,235.5279998779297,,,,,,235.5279998779297,,,,,,49732500,,,,
2015-02-15,,234.8249969482422,,,,,,265.6109924316406,,,,,,227.6840057373047,,,,,,257.5069885253906,,,,,,56552400,,,,
2015-02-16,,233.84300231933594,1.1400039196014404,,,,,239.52099609375,1.1435000896453857,,,,,229.02200317382812,1.1397050619125366,,,,,234.8249969482422,1.1397050619125366,,,,,28153700,0.0,,,
2015-02-17,131.93441772460938,243.61000061035156,1.1334012746810913,1208.0999755859375,37.41217803955078,18047.580078125,131.96962653025736,245.77499389648438,1.1442302465438843,1234.0,37.77273438678963,18052.009765625,130.70237809142765,232.31399536132812,1.1325156688690186,1203.0,37.07737150664744,17951.41015625,130.87838183499292,233.4219970703125,1.1333627700805664,1227.699951171875,37.74698129764625,18019.80078125,3622400.0,27363100,0.0,204.0,33695700.0,98760000.0
2015-02-18,133.0345001220703,236.3260040283203,1.1404719352722168,1199.699951171875,37.36924362182617,18029.849609375,133.43051202781203,244.25100708007812,1.1415003538131714,1210.199951171875,37.51518540269189,18048.69921875,131.45043907087427,232.33999633789062,1.1347800493240356,1197.800048828125,37.24905819923508,17982.19921875,131.74085138261265,243.77999877929688,1.1404979228973389,1207.0999755859375,37.455092691396345,18045.720703125,3722100.0,25200800,0.0,147.0,27111700.0,75090000.0
2015-02-19,135.3049774169922,240.2830047607422,1.1400039196014404,1207.0999755859375,37.343505859375,17985.76953125,135.7361981141419,242.6719970703125,1.1450005769729614,1220.0,37.36925895340826,18028.669921875,132.8848883900216,235.5919952392578,1.135620355606079,1205.0,36.957193074833555,17924.599609375,132.92889269433945,236.41000366210938,1.1400818824768066,1216.5,37.06879527365853,18028.669921875,4384000.0,18270500,0.0,65.0,27603400.0,79130000.0
2015-02-20,139.31785583496094,243.7790069580078,1.1366735696792603,1204.4000244140625,37.65254592895508,18140.439453125,139.775476208794,247.1009979248047,1.1375994682312012,1213.0999755859375,37.66971574528128,18144.2890625,135.34891657521973,239.2989959716797,1.1282098293304443,1199.0999755859375,37.16321762548502,17878.369140625,135.34891657521973,240.25100708007812,1.1366735696792603,1206.5,37.35207905545799,17985.76953125,9366000.0,23876700,0.0,51.0,29721100.0,111390000.0
2015-02-21,,244.53399658203125,,,,,,255.32000732421875,,,,,,243.1840057373047,,,,,,243.7519989013672,,,,,,12284200,,,,
2015-02-22,,235.9770050048828,,,,,,246.39199829101562,,,,,,233.8509979248047,,,,,,244.54400634765625,,,,,,19527000,,,,
2015-02-23,136.17617797851562,238.89199829101562,1.1381484270095825,1200.300048828125,37.9015007019043,18116.83984375,137.21460945664836,240.10899353027344,1.1393024921417236,1203.300048828125,37.93583705734693,18141.2109375,134.9617293300606,232.42100524902344,1.1296601295471191,1191.5999755859375,37.472265148201224,18054.83984375,136.40498150041992,235.9949951171875,1.1379412412643433,1201.300048828125,37.51518804861006,18140.759765625,8653700.0,16400000,0.0,268.0,32518800.0,83670000.0
2015-02-24,135.85939025878906,238.73500061035156,1.1332985162734985,1196.9000244140625,37.849998474121094,18209.189453125,136.21139780617096,239.9010009765625,1.1347401142120361,1203.5,38.03027665509974,18231.08984375,134.82975408305848,236.40199279785156,1.1290695667266846,1193.800048828125,37.70405665513266,18098.73046875,135.08495754067627,238.9980010986328,1.1334141492843628,1203.4000244140625,37.90150792931843,18112.5703125,4391700.0,14200400,0.0,151.0,25271700.0,79310000.0
2015-02-25,134.6537322998047,237.47000122070312,1.1339025497436523,1201.0,37.76415252685547,18224.5703125,136.17619778958903,239.33999633789062,1.1388003826141357,1204.5999755859375,37.849998343747316,18244.380859375,133.888108524773,235.52999877929688,1.1337804794311523,1201.0,37.60104089002976,18182.759765625,135.7977769322127,238.88999938964844,1.1340696811676025,1204.300048828125,37.72981289017553,18208.669921875,4800500.0,11496200,0.0,570.0,29759800.0,80480000.0
2015-02-26,133.5272979736328,236.42599487304688,1.1363636255264282,1209.5999755859375,37.82423782348633,18214.419921875,134.09932702922998,237.7100067138672,1.1378804445266724,1219.0,37.97017633849606,18239.4296875,132.7176698638387,234.2570037841797,1.1202698945999146,1204.800048828125,37.67829603366924,18157.0703125,134.03771832228662,237.33700561523438,1.1362732648849487,1204.800048828125,37.76414510850499,18224.41015625,5149300.0,13619400,0.0,560.0,28957300.0,81500000.0
2015-02-27,132.75282287597656,253.8280029296875,1.1205360889434814,1212.5999755859375,37.64396667480469,18132.69921875,133.66805018071696,256.65301513671875,1.1249998807907104,1217.800048828125,37.94443360650047,18213.259765625,132.40080204475203,236.43600463867188,1.117680549621582,1204.5,37.480858300324066,18132.380859375,132.8848222950472,236.43600463867188,1.120360255241394,1207.699951171875,37.88434087512296,18213.259765625,4330700.0,44013900,0.0,195.0,33807700.0,101110000.0
2015-02-28,,254.26300048828125,,,,,,254.69200134277344,,,,,,249.47900390625,,,,,,253.52000427246094,,,,,,13949300,,,,
2015-03-01,,260.2019958496094,,,,,,261.6600036621094,,,,,,245.93299865722656,,,,,,254.2830047607422,,,,,,25213700,,,,
2015-03-02,135.34896850585938,275.6700134277344,1.1161960363388062,1207.699951171875,37.66971969604492,18288.630859375,135.65697174955432,276.3009948730469,1.1240400075912476,1222.699951171875,37.93584368999282,18288.630859375,132.66486734328515,258.31298828125,1.1163954734802246,1204.9000244140625,37.38642260916211,18122.58984375,132.75287594332772,260.35699462890625,1.117093801498413,1214.300048828125,37.48943824311588,18134.05078125,4622800.0,40465700,0.0,124.0,31924000.0,89790000.0
2015-03-03,136.9066162109375,281.7019958496094,1.1179054975509644,1204.0,37.15463638305664,18203.369140625,138.08585613970683,285.7959899902344,1.1214005947113037,1212.0,37.62679821240051,18281.94921875,135.6745630702999,268.1610107421875,1.115599513053894,1195.0,36.99152801688845,18136.880859375,136.1497879795343,275.0459899902344,1.1176680326461792,1201.5,37.395010571124814,18281.94921875,8656600.0,50461300,0.0,51.0,31748600.0,83830000.0
2015-03-04,135.83299255371094,273.0920104980469,1.118217945098877,1200.5999755859375,36.965763092041016,18096.900390625,136.59861636713302,284.2250061035156,1.118806004524231,1206.9000244140625,37.09453177943192,18203.369140625,135.5249758736163,268.1260070800781,1.1062803268432617,1198.0,36.81123804732631,18029.5,136.07059160932147,281.989990234375,1.1184055805206299,1204.800048828125,36.92283692143702,18203.369140625,4476200.0,41383000,0.0,27.0,25748700.0,80900000.0
2015-03-05,135.93856811523438,276.1780090332031,1.1082050800323486,1195.9000244140625,37.008689880371094,18135.720703125,137.26741183569158,281.6669921875,1.1108901500701904,1205.4000244140625,37.12029204102703,18160.349609375,135.79775974760017,264.7690124511719,1.1010500192642212,1195.9000244140625,36.75973247383378,18087.650390625,136.28178011870213,272.739013671875,1.1079963445663452,1201.699951171875,36.9743502501989,18096.900390625,3327200.0,41302400,0.0,29.0,23193500.0,75840000.0
2015-03-06,134.75051879882812,272.7229919433594,1.1032048463821411,1164.0999755859375,36.364845275878906,17856.779296875,136.43138343169286,277.6080017089844,1.103399634361267,1195.699951171875,37.00869875944671,18135.720703125,134.47771098026132,270.0150146484375,1.0852224826812744,1163.699951171875,36.18456708643388,17825.150390625,135.4545472059771,275.6000061035156,1.103399634361267,1195.0,36.91426639122079,18135.720703125,3556200.0,28918900,0.0,168.0,36248800.0,113350000.0
2015-03-07,,276.260986328125,,,,,,277.85400390625,,,,,,270.13299560546875,,,,,,272.29400634765625,,,,,,17825900,,,,
2015-03-08,,274.35400390625,,,,,,277.8580017089844,,,,,,272.56500244140625,,,,,,276.4330139160156,,,,,,22067900,,,,
2015-03-09,136.1850128173828,289.60699462890625,1.0845986604690552,1166.4000244140625,36.78548812866211,17995.720703125,136.9418412124955,292.70098876953125,1.0910003185272217,1174.199951171875,37.0258622818511,18031.0390625,134.7769556172848,273.89300537109375,1.0837758779525757,1166.300048828125,36.21889729047201,17856.560546875,134.9089685331726,274.81201171875,1.0845634937286377,1169.4000244140625,36.21889729047201,17856.560546875,3433000.0,59178200,0.0,45.0,32108000.0,85820000.0
2015-03-10,134.13453674316406,291.760009765625,1.0833414793014526,1160.0999755859375,36.081539154052734,17662.939453125,135.63939805498507,300.04400634765625,1.0837054252624512,1168.4000244140625,36.66529976191774,17989.560546875,134.13453674316406,289.7430114746094,1.0705904960632324,1156.5,36.081539154052734,17662.939453125,134.90896955188867,289.86199951171875,1.0835762023925781,1166.4000244140625,36.3562496430707,17989.560546875,3839600.0,67770800,0.0,94.0,39159700.0,120450000.0
2015-03-11,133.0345001220703,296.3789978027344,1.0708701610565186,1150.699951171875,36.038639068603516,17635.390625,134.3721531684391,297.3909912109375,1.0714553594589233,1162.0,36.37344248436761,17731.779296875,133.0345001220703,290.50799560546875,1.0561401844024658,1147.699951171875,35.91845356292506,17627.0,134.2137403492049,291.5249938964844,1.070939064025879,1162.0,36.32193628182508,17662.939453125,3395400.0,33963900,0.0,74.0,32215300.0,102120000.0
2015-03-12,133.8000946044922,294.35400390625,1.0548745393753052,1152.0999755859375,35.2144889831543,17895.220703125,134.57452726545094,297.0880126953125,1.0681501626968384,1160.5,35.755326755581,17900.099609375,133.1312749425354,292.4129943847656,1.0501554012298584,1149.699951171875,35.07713372227853,17620.490234375,133.1312749425354,296.12701416015625,1.0549412965774536,1155.4000244140625,35.48061623382947,17626.83984375,2965100.0,32585200,0.0,63.0,59992500.0,111550000.0
2015-03-13,133.38650512695312,285.3370056152344,1.0626314878463745,1152.5999755859375,35.52353286743164,17749.310546875,134.1081246463448,294.49798583984375,1.0629997253417969,1159.199951171875,35.60079539270966,17889.05078125,131.82003524410013,285.3370056152344,1.0486302375793457,1152.5999755859375,34.862509767787934,17629.890625,133.66810848654603,294.1180114746094,1.062597632408142,1158.199951171875,34.93977229306596,17889.05078125,3569600.0,31421500,0.0,44.0,58007700.0,113620000.0
2015-03-14,,281.885009765625,,,,,,286.3420104980469,,,,,,280.97601318359375,,,,,,284.4419860839844,,,,,,22612300,,,,
2015-03-15,,286.39300537109375,,,,,,286.52899169921875,,,,,,280.9960021972656,,,,,,281.42498779296875,,,,,,11970100,,,,
2015-03-16,135.23455810546875,290.5929870605469,1.0481630563735962,1153.300048828125,35.67806625366211,17977.419921875,135.69217864843185,294.11199951171875,1.0613998174667358,1162.300048828125,35.7467422506171,17988.5,134.0025182915991,285.68499755859375,1.0484488010406494,1150.0999755859375,35.43769207729982,17751.240234375,134.10811786758026,285.68499755859375,1.0484488010406494,1159.699951171875,35.60080371033279,17751.240234375,2742900.0,21516100,0.0,56.0,35273500.0,101760000.0
2015-03-17,135.97377014160156,285.5050048828125,1.0572947263717651,1148.300048828125,35.79826354980469,17849.080078125,136.40499075298192,292.364990234375,1.064900279045105,1158.199951171875,35.90986576594376,17972.220703125,134.40731390269636,284.3739929199219,1.055297613143921,1144.300048828125,35.32610486202876,17785.7890625,134.5393267893927,290.5950012207031,1.057283639907837,1153.5999755859375,35.514966372253724,17972.220703125,2927200.0,21497200,0.0,71.0,31673400.0,82560000.0
2015-03-18,137.0474090576172,256.29901123046875,1.0598047971725464,1151.4000244140625,36.48503112792969,18076.189453125,137.2762260208625,285.33599853515625,1.064599871635437,1174.300048828125,36.76832823565449,18097.119140625,133.86169682989868,249.8699951171875,1.0580499172210693,1147.0,35.48062125466873,17697.51953125,135.56015250942468,285.0669860839844,1.0595914125442505,1148.699951171875,35.56646707681117,17846.80078125,4053600.0,57008000,0.0,112.0,44194800.0,130950000.0
2015-03-19,135.6217803955078,260.9280090332031,1.0849988460540771,1169.0999755859375,36.304752349853516,17959.029296875,136.69542089243308,264.2439880371094,1.0914051532745361,1171.5999755859375,36.56229308692711,18072.990234375,135.22576854000562,248.63600158691406,1.0621405839920044,1159.300048828125,36.24465962036328,17934.240234375,136.32580893208254,255.8800048828125,1.0843987464904785,1171.5999755859375,36.278995983780455,18072.580078125,2539000.0,52732000,0.0,39.0,33879100.0,107820000.0
2015-03-20,135.96499633789062,261.7489929199219,1.066894292831421,1184.800048828125,36.81122589111328,18127.650390625,136.83623318742164,264.8479919433594,1.0814902782440186,1185.4000244140625,36.89707165435827,18197.2890625,135.9473919312117,259.1619873046875,1.065719723701477,1171.0,36.47642282972949,17961.130859375,136.44020789239892,260.95599365234375,1.067270040512085,1171.0,36.536515518962176,17961.130859375,4464300.0,18456700,0.0,54.0,71904500.0,333870000.0
2015-03-21,,260.0249938964844,,,,,,262.1960144042969,,,,,,255.64999389648438,,,,,,261.6440124511719,,,,,,17130100,,,,
2015-03-22,,267.9599914550781,,,,,,269.74700927734375,,,,,,259.5899963378906,,,,,,259.9169921875,,,,,,18438100,,,,
2015-03-23,134.47772216796875,266.739990234375,1.0826611518859863,1188.0,36.794071197509766,18116.0390625,136.38739048503376,277.2969970703125,1.094369649887085,1188.0,37.02585878325043,18205.9296875,134.47772216796875,261.7449951171875,1.0769503116607666,1181.199951171875,36.725391938857435,18116.0390625,136.38739048503376,267.8949890136719,1.082602620124817,1181.5999755859375,36.81124101217285,18136.73046875,3029700.0,22811900,0.0,5.0,26246100.0,98030000.0
2015-03-24,133.4568634033203,245.59500122070312,1.094499111175537,1191.699951171875,36.828407287597656,18011.140625,134.31049561975678,267.00299072265625,1.1030004024505615,1193.0,37.06019157625637,18149.240234375,133.19286451429812,244.15499877929688,1.0893305540084839,1186.0,36.69963532740327,18010.439453125,133.7296846356837,266.5769958496094,1.0947985649108887,1188.0,36.725388409519354,18110.869140625,3319300.0,40073700,0.0,411.0,25513300.0,87190000.0
2015-03-25,130.44717407226562,246.19700622558594,1.0902034044265747,1197.300048828125,35.59221649169922,17718.5390625,133.8000947297979,249.19000244140625,1.1012972593307495,1199.199951171875,36.8541702506399,18041.970703125,130.35917890594547,236.51499938964844,1.0910003185272217,1192.5,35.57504667408279,17718.5390625,133.2368746380894,247.4720001220703,1.0910598039627075,1192.5,36.84558370442776,18012.609375,3747900.0,35866900,0.0,11.0,43469900.0,106560000.0
2015-03-26,130.39439392089844,248.53199768066406,1.0960465669631958,1205.0999755859375,35.377601623535156,17678.23046875,130.9928229118241,254.35400390625,1.1045196056365967,1213.699951171875,35.720991454783224,17759.509765625,128.44952991390358,244.90499877929688,1.0912598371505737,1198.199951171875,35.12864415962071,17579.26953125,130.09518613954972,246.2760009765625,1.0966475009918213,1198.199951171875,35.386188170460834,17716.26953125,3627400.0,25730000,0.0,68.0,37495600.0,117740000.0
2015-03-27,130.9927978515625,247.0290069580078,1.0886367559432983,1199.800048828125,35.17156982421875,17712.66015625,131.3976051422427,256.8110046386719,1.089538335800171,1199.800048828125,35.56646583194528,17729.140625,129.795953526908,245.21299743652344,1.0805296897888184,1196.300048828125,35.051384367502685,17630.490234375,130.7639808863535,248.5659942626953,1.0885539054870605,1197.0,35.30033855292535,17673.630859375,2600300.0,17274900,0.0,172260.0,34401400.0,103220000.0
2015-03-28,,252.79800415039062,,,,,,254.2050018310547,,,,,,246.97500610351562,,,,,,246.97500610351562,,,,,,16040900,,,,
2015-03-29,,242.71299743652344,,,,,,253.13900756835938,,,,,,240.85000610351562,,,,,,252.74000549316406,,,,,,21699400,,,,
2015-03-30,134.38088989257812,247.5260009765625,1.0884946584701538,1184.800048828125,35.16297149658203,17976.310546875,134.79450602585214,249.24200439453125,1.0884946584701538,1198.5,35.66088625022451,18008.640625,131.98720166826942,239.21400451660156,1.0811103582382202,1181.5999755859375,35.12004860139385,17727.48046875,132.07521024360472,242.87899780273438,1.0881984233856201,1198.0,35.28315691303173,17727.48046875,3738700.0,23009600,0.0,37990.0,35049700.0,104040000.0
2015-03-31,132.07522583007812,244.2239990234375,1.0830246210098267,1183.0999755859375,34.90543746948242,17776.119140625,133.98489397185318,248.72999572753906,1.0843517780303955,1190.0999755859375,35.22307088387362,17965.369140625,131.9520218670031,242.73899841308594,1.071765422821045,1178.199951171875,34.80242184653537,17773.01953125,133.96728956906395,247.45399475097656,1.0829074382781982,1185.800048828125,35.00845309242948,17965.369140625,2975600.0,22672000,0.0,3409.0,34887200.0,119470000.0
2015-04-01,130.80796813964844,247.27200317382812,1.073814034461975,1208.0999755859375,34.95695114135742,17698.1796875,132.0224167099171,247.54100036621094,1.0800302028656006,1208.199951171875,34.99128750328273,17778.51953125,129.20631673298328,241.16000366210938,1.072129726409912,1181.0,34.604978051860996,17585.009765625,131.97841242016955,244.22300720214844,1.0741022825241089,1182.9000244140625,34.853932231157486,17778.51953125,4167600.0,22877200,0.0,1632.0,36865300.0,103360000.0
2015-04-02,131.37120056152344,253.0050048828125,1.0769942998886108,1200.9000244140625,34.587806701660156,17763.240234375,132.44484087744578,254.46099853515625,1.0896902084350586,1205.699951171875,34.97411941078077,17815.029296875,130.51756828692572,245.41600036621094,1.0752688646316528,1194.800048828125,34.4418648894111,17673.490234375,131.24799659551064,247.08900451660156,1.0769827365875244,1204.0,34.905440140355836,17699.51953125,2934200.0,26272600,0.0,1684.0,37487500.0,87370000.0
2015-04-03,,254.32200622558594,1.087074637413025,,,,,256.0429992675781,1.1021955013275146,,,,,251.87899780273438,1.0865904092788696,,,,,253.07400512695312,1.0870983600616455,,,,,23146600,0.0,,,
2015-04-04,,253.69700622558594,,,,,,255.25799560546875,,,,,,251.10000610351562,,,,,,254.29100036621094,,,,,,12493500,,,,
2015-04-05,,260.5979919433594,,,,,,260.67498779296875,,,,,,251.94200134277344,,,,,,253.76100158691406,,,,,,19649200,,,,
2015-04-06,132.82327270507812,255.49200439453125,1.100134253501892,1218.5999755859375,35.66947937011719,17880.849609375,133.2808932751477,261.7980041503906,1.103594422340393,1224.199951171875,35.86692736235728,17941.7890625,130.24478443180848,254.5749969482422,1.0968520641326904,1209.9000244140625,34.49337468816188,17646.80078125,130.37678390960372,260.72100830078125,1.1001462936401367,1209.9000244140625,34.63072995558142,17755.5,3371500.0,20034200,0.0,343.0,39223700.0,100850000.0
2015-04-07,134.0465087890625,253.17999267578125,1.0934817790985107,1210.5999755859375,35.65230941772461,17875.419921875,135.08494032122795,255.80499267578125,1.095554232597351,1214.800048828125,35.978529404667256,17983.119140625,133.0080638286716,252.2050018310547,1.0837700366973877,1208.199951171875,35.46344797249077,17871.2109375,133.12247230968913,255.2740020751953,1.0934817790985107,1214.800048828125,35.72098868857901,17884.3203125,4299500.0,18467400,0.0,406.0,28809400.0,72150000.0
2015-04-08,134.96177673339844,245.02200317382812,1.0824151039123535,1203.0999755859375,35.557865142822266,17902.509765625,135.08498073896277,253.8470001220703,1.088999629020691,1211.4000244140625,35.789652692075684,17976.19921875,133.9321403808473,244.21499633789062,1.078950047492981,1197.5999755859375,35.23164853999756,17822.23046875,133.9321403808473,253.06399536132812,1.0824971199035645,1208.9000244140625,35.592204766742796,17877.619140625,2763400.0,30086400,0.0,236.0,24753400.0,76820000.0
2015-04-09,135.01455688476562,243.67599487304688,1.078527569770813,1193.5999755859375,35.609375,17958.73046875,135.2345649647033,246.1179962158203,1.0790047645568848,1202.5,35.729560410337,17984.220703125,133.439304940832,239.39999389648438,1.067000150680542,1193.0,35.411927072331096,17823.099609375,134.31052834331956,244.75100708007812,1.0784345865249634,1201.699951171875,35.411927072331096,17902.509765625,3966800.0,21643500,0.0,521.0,25723900.0,86740000.0
2015-04-10,135.85939025878906,236.07200622558594,1.0669056177139282,1204.5999755859375,35.8154182434082,18057.650390625,136.36981060225185,243.69400024414062,1.068349838256836,1209.5999755859375,36.01286621943795,18066.759765625,134.86494946650578,232.77099609375,1.0571495294570923,1195.800048828125,35.549291001903256,17945.55078125,135.12896184115579,243.69400024414062,1.0667235851287842,1195.800048828125,35.73815570715242,17956.73046875,3183000.0,28882000,0.0,202.0,28022000.0,116410000.0
2015-04-11,,236.552001953125,,,,,,239.53700256347656,,,,,,234.1750030517578,,,,,,236.01600646972656,,,,,,16365200,,,,
2015-04-12,,236.1529998779297,,,,,,237.72799682617188,,,,,,233.4949951171875,,,,,,236.53500366210938,,,,,,12387900,,,,
2015-04-13,134.85610961914062,224.58700561523438,1.0609854459762573,1199.300048828125,35.849761962890625,17977.0390625,136.8449771212768,236.93499755859375,1.0619995594024658,1208.0999755859375,36.107305986500236,18107.5703125,134.60970173137943,221.99600219726562,1.0521597862243652,1198.300048828125,35.53212848186261,17974.810546875,135.34011648052834,235.9499969482422,1.0608278512954712,1208.0999755859375,35.54071502921402,18052.3203125,3034000.0,31181800,0.0,424.0,30276700.0,120090000.0
2015-04-14,134.82974243164062,219.15899658203125,1.0572947263717651,1192.800048828125,35.755340576171875,18036.69921875,135.1201412476107,224.9759979248047,1.0706901550292969,1200.5999755859375,36.08155740009029,18075.599609375,133.40408110302104,216.322998046875,1.0532501935958862,1184.0999755859375,35.53213614421822,17905.48046875,134.58332105589537,224.75900268554688,1.0574960708618164,1198.800048828125,35.884109340936824,17979.109375,2845800.0,31719000,0.0,546.0,24244400.0,82830000.0
2015-04-15,134.14332580566406,223.83299255371094,1.0647132396697998,1201.5,36.27898025512695,18112.609375,135.8505907276986,223.83299255371094,1.0668703317642212,1203.0999755859375,36.45067509700757,18160.51953125,133.94973104098756,218.6490020751953,1.0574603080749512,1188.5999755859375,35.781068815960566,18045.7109375,135.8505907276986,219.072998046875,1.0647926330566406,1194.5999755859375,35.849744787828776,18045.7109375,3687400.0,22562000,0.0,196.0,27343600.0,113610000.0
2015-04-16,133.73849487304688,228.572998046875,1.0676802396774292,1198.0,36.19314956665039,18105.76953125,134.23131075787498,229.6719970703125,1.0762397050857544,1208.5,36.34767466130999,18169.259765625,132.9288668582256,223.91700744628906,1.0627998113632202,1194.5999755859375,35.90126919616095,18063.859375,133.46568703881886,223.91700744628906,1.0677144527435303,1204.300048828125,36.012871381150234,18106.26953125,2559900.0,24805400,0.0,199.0,22509700.0,89520000.0
2015-04-17,131.65283203125,222.8820037841797,1.0755579471588135,1202.9000244140625,35.72957229614258,17826.30078125,133.26327925710922,228.906005859375,1.0846904516220093,1206.0,35.832591203393285,18102.560546875,131.51202364627244,221.94200134277344,1.073509693145752,1200.199951171875,35.3346763094386,17748.529296875,132.77927225461718,228.5749969482422,1.0759977102279663,1200.199951171875,35.772495203426416,18102.560546875,4671600.0,20429800,0.0,21.0,42387600.0,138860000.0
2015-04-18,,223.3560028076172,,,,,,224.3159942626953,,,,,,220.87600708007812,,,,,,222.85299682617188,,,,,,12939000,,,,
2015-04-19,,222.60000610351562,,,,,,226.35299682617188,,,,,,222.3730010986328,,,,,,223.45599365234375,,,,,,15021500,,,,
2015-04-20,134.3544921875,224.62600708007812,1.0810226202011108,1193.5,36.836997985839844,18034.9296875,135.1289246927127,226.3509979248047,1.0818647146224976,1206.9000244140625,37.06019905040983,18092.220703125,132.89363575383913,221.9770050048828,1.0716196298599243,1191.0,35.781078833636066,17841.1796875,132.9376400422214,222.61199951171875,1.0810226202011108,1205.699951171875,35.824001737421725,17841.1796875,3169100.0,18364700,0.0,67.0,46057700.0,103160000.0
2015-04-21,134.93533325195312,235.2689971923828,1.0747487545013428,1202.9000244140625,36.60520935058594,17949.58984375,135.60415286210713,235.2689971923828,1.076500415802002,1202.9000244140625,37.043031471439306,18109.69921875,133.76488886301473,224.30099487304688,1.0661594867706299,1192.800048828125,36.510777000017264,17929.630859375,135.09373259584808,224.6199951171875,1.0748181343078613,1193.199951171875,36.91425948888066,18034.23046875,3772900.0,24978000,0.0,33.0,26013800.0,95180000.0
2015-04-22,133.05209350585938,234.17599487304688,1.074171543121338,1186.9000244140625,36.905677795410156,18038.26953125,134.64494991516278,237.90899658203125,1.0799999237060547,1202.5999755859375,37.025863237703525,18056.01953125,130.99282102404925,233.4759979248047,1.0710101127624512,1185.199951171875,36.52794837699363,17887.759765625,134.08172974676444,235.6020050048828,1.073825478553772,1199.0999755859375,36.63096400255827,17950.8203125,8468900.0,23847900,0.0,93.0,25064300.0,91260000.0
2015-04-23,131.89044189453125,236.46200561523438,1.0725815296173096,1194.4000244140625,37.20615005493164,18058.689453125,132.73527884548102,236.47500610351562,1.0818202495574951,1197.0,37.43793772246942,18133.029296875,131.7672379046248,233.19900512695312,1.0671299695968628,1186.0999755859375,36.74257471985608,17966.76953125,132.73527884548102,234.05299377441406,1.0725010633468628,1187.199951171875,36.81983727570201,18031.900390625,4080800.0,17036000,0.0,331.0,46309500.0,100240000.0
2015-04-24,130.5967559814453,231.26800537109375,1.0815019607543945,1175.199951171875,41.09502029418945,18080.140625,131.8816087333611,236.30499267578125,1.0897995233535767,1194.699951171875,41.326807938618416,18108.869140625,130.26235292049446,229.93299865722656,1.078771948814392,1174.5999755859375,39.18921623134264,18009.080078125,131.5999920207457,235.97000122070312,1.0815136432647705,1192.300048828125,39.197799503443804,18056.419921875,4889200.0,21448700,0.0,52.0,130933700.0,119130000.0
2015-04-25,,226.38999938964844,,,,,,232.56100463867188,,,,,,226.33700561523438,,,,,,231.23500061035156,,,,,,13957200,,,,
2015-04-26,,219.42999267578125,,,,,,226.94400024414062,,,,,,214.87399291992188,,,,,,226.41000366210938,,,,,,28943700,,,,
2015-04-27,130.06875610351562,229.28599548339844,1.086897373199463,1203.300048828125,41.23237228393555,18037.970703125,131.12479201124978,233.30499267578125,1.0904899835586548,1206.699951171875,41.31822137214293,18175.560546875,129.9895564317862,218.0229949951172,1.082390546798706,1181.4000244140625,40.537012680899025,18024.66015625,130.76397560240454,219.4290008544922,1.0867438316345215,1182.300048828125,40.54559595231583,18097.890625,4603500.0,38574000,0.0,194.0,59248200.0,121110000.0
2015-04-28,129.81353759765625,225.85499572753906,1.0877959728240967,1214.0,42.20244598388672,18110.140625,130.57036578369963,229.4949951171875,1.0988999605178833,1214.0,42.245368890880876,18119.650390625,128.49348937280556,223.06900024414062,1.0861797332763672,1199.699951171875,40.94907876073314,17917.359375,130.15674959898843,228.968994140625,1.0877013206481934,1199.699951171875,41.01775475696221,18035.900390625,4352900.0,21469200,0.0,401.0,60730800.0,124930000.0
2015-04-29,128.61668395996094,225.80799865722656,1.096912145614624,1209.800048828125,42.116580963134766,18035.529296875,129.7695372719916,227.0399932861328,1.1175994873046875,1212.5999755859375,42.331198675039595,18096.4609375,128.39667593852533,223.42999267578125,1.096059799194336,1201.9000244140625,41.635836109537635,17953.689453125,129.42632529568104,225.59100341796875,1.0972130298614502,1211.199951171875,41.82470074395194,18093.689453125,4761700.0,18936500,0.0,114.0,47804600.0,102080000.0
2015-04-30,126.1438217163086,236.14500427246094,1.1114321947097778,1182.4000244140625,41.75605010986328,17840.51953125,128.43191097794121,239.56300354003906,1.1247594356536865,1205.9000244140625,42.52867571194236,18033.330078125,125.62460590242848,224.9929962158203,1.107299566268921,1176.699951171875,41.72171046648007,17774.890625,127.82468656621882,225.6929931640625,1.1113210916519165,1203.0999755859375,41.807559574938104,18033.330078125,4925300.0,33818600,0.0,143.0,64725500.0,129180000.0
2015-05-01,127.31427001953125,232.07899475097656,1.1214659214019775,1174.5,41.773223876953125,18024.060546875,127.66629099312173,238.96600341796875,1.1289701461791992,1178.0999755859375,41.962088658590055,18028.890625,126.58384160608647,232.07899475097656,1.118599534034729,1170.0,41.550022723498614,17859.26953125,127.08546645786775,235.93899536132812,1.1215037107467651,1178.0999755859375,41.704547858509024,17859.26953125,3556800.0,18815300,0.0,23.0,38937300.0,91700000.0
2015-05-02,,234.92999267578125,,,,,,235.7270050048828,,,,,,232.34100341796875,,,,,,232.34100341796875,,,,,,12535500,,,,
2015-05-03,,240.35800170898438,,,,,,243.24000549316406,,,,,,234.08299255371094,,,,,,234.8800048828125,,,,,,18494100,,,,
2015-05-04,126.74224853515625,239.01800537109375,1.1185932159423828,1186.800048828125,41.41265869140625,18070.400390625,127.41986370002958,242.63800048828125,1.1223105192184448,1189.4000244140625,41.95349327524847,18133.759765625,126.00301123894442,237.80999755859375,1.1124002933502197,1177.5,41.361149232312975,18026.01953125,126.59264466388967,240.3560028076172,1.1190940141677856,1177.5,41.52425760722929,18026.01953125,8977500.0,21223400,0.0,38.0,34039500.0,86010000.0
2015-05-05,125.76541137695312,236.12100219726562,1.1149141788482666,1193.199951171875,40.86321258544922,17928.19921875,127.34066318734942,239.20399475097656,1.1209995746612549,1198.699951171875,41.34395745726629,18086.009765625,125.20219127718711,232.0540008544922,1.1068999767303467,1186.9000244140625,40.61425851905726,17905.7109375,126.51343072839356,238.8520050048828,1.1150012016296387,1187.5,41.05207722702138,18062.529296875,3670400.0,23929100,0.0,48.0,50369200.0,95340000.0
2015-05-06,124.91516876220703,229.78199768066406,1.1186307668685913,1190.300048828125,39.73004913330078,17841.98046875,126.7839371603713,236.45399475097656,1.1365302801132202,1194.5999755859375,41.00917276025879,18019.75,124.37490831967759,229.2310028076172,1.1178054809570312,1189.9000244140625,39.50684804510821,17733.119140625,126.65994362508332,236.24899291992188,1.1184431314468384,1194.5,40.83747785213713,17934.810546875,5313500.0,29587200,0.0,14.0,52433000.0,100430000.0
2015-05-07,125.31368255615234,237.33399963378906,1.1341469287872314,1182.4000244140625,40.090599060058594,17924.060546875,125.92478462282435,239.10499572753906,1.1390599012374878,1186.0,40.425402248680186,17973.0703125,124.41914556955042,228.572998046875,1.1238203048706055,1179.699951171875,39.62702390282537,17796.939453125,124.4900009209638,229.66200256347656,1.1339282989501953,1181.5,39.72145624316627,17840.25,4868700.0,29064400,0.0,44.0,32971700.0,80920000.0
2015-05-08,128.82981872558594,243.86300659179688,1.1246949434280396,1189.0999755859375,40.99199676513672,18191.109375,129.25493738166819,246.27499389648438,1.1289000511169434,1189.0999755859375,41.189444733541634,18205.23046875,126.63334305489113,236.2740020751953,1.1185194253921509,1182.9000244140625,40.79454879673181,17933.640625,126.65106027389243,237.20399475097656,1.1245051622390747,1183.300048828125,40.82030188288669,17933.640625,7068000.0,27445500,0.0,51.0,35364900.0,94960000.0
2015-05-09,,241.83200073242188,,,,,,247.8040008544922,,,,,,239.63900756835938,,,,,,243.7689971923828,,,,,,19790500,,,,
2015-05-10,,240.29600524902344,,,,,,244.0679931640625,,,,,,238.8489990234375,,,,,,241.72900390625,,,,,,15019100,,,,
2015-05-11,129.21066284179688,242.1580047607422,1.1194071769714355,1183.199951171875,40.6657829284668,18105.169921875,130.00776208372454,244.27000427246094,1.1202975511550903,1190.5,41.129358197775645,18199.94921875,128.5375571155975,239.37600708007812,1.1134605407714844,1179.300048828125,40.6657829284668,18089.109375,128.90953766278238,240.2989959716797,1.1196954250335693,1189.699951171875,40.82030801823641,18187.779296875,3969000.0,20892300,0.0,26.0,24609400.0,86050000.0
2015-05-12,128.80325317382812,241.11199951171875,1.114441990852356,1192.5999755859375,40.64861297607422,18068.23046875,129.37894799613787,242.88099670410156,1.127789855003357,1194.800048828125,40.9319100646532,18119.1796875,127.54560074398314,240.0989990234375,1.113598108291626,1189.699951171875,39.85023443983451,17924.80078125,128.369282607993,242.14500427246094,1.1146035194396973,1194.5999755859375,40.21937734475429,18096.16015625,3543900.0,19282600,0.0,10.0,29928300.0,89270000.0
2015-05-13,128.97152709960938,236.3769989013672,1.1221455335617065,1218.4000244140625,40.888980865478516,18060.490234375,129.77749170545925,243.70399475097656,1.1382806301116943,1218.4000244140625,41.48132476663364,18132.7890625,128.5109874799348,235.0449981689453,1.1205499172210693,1191.0,40.83747141871427,18039.19921875,128.7855435839699,241.3979949951172,1.1218937635421753,1192.699951171875,41.36972260271486,18070.369140625,2679400.0,27180100,0.0,34.0,34184600.0,85180000.0
2015-05-14,131.04400634765625,236.9290008544922,1.1350480318069458,1225.4000244140625,41.82471466064453,18252.240234375,131.3008452250852,237.7989959716797,1.1443794965744019,1225.5999755859375,41.91056046404811,18255.2109375,129.88376492992904,234.0570068359375,1.1342240571975708,1214.5,41.23236748281439,18062.490234375,130.08747917556775,236.21400451660156,1.134803295135498,1214.5,41.23236748281439,18062.490234375,3495800.0,24413700,0.0,35.0,32980900.0,91580000.0
2015-05-15,130.08749389648438,237.60499572753906,1.1404979228973389,1225.5,41.464149475097656,18272.560546875,131.34514638147084,238.7530059814453,1.1451002359390259,1225.5,41.98781731954993,18272.720703125,129.60922349917863,236.7949981689453,1.1324695348739624,1214.800048828125,41.249531720801286,18215.0703125,131.1237284049391,236.9550018310547,1.140393853187561,1218.5,41.95347769290882,18251.970703125,3368900.0,16329400,0.0,12.0,28642700.0,108220000.0
2015-05-16,,236.1529998779297,,,,,,237.69700622558594,,,,,,235.2949981689453,,,,,,237.6439971923828,,,,,,11089700,,,,
2015-05-17,,236.802001953125,,,,,,238.02499389648438,,,,,,236.00999450683594,,,,,,236.00999450683594,,,,,,11134300,,,,
2015-05-18,129.9368896484375,233.1280059814453,1.144505262374878,1227.800048828125,41.215206146240234,18298.880859375,130.4062945270946,237.2100067138672,1.1447004079818726,1228.0999755859375,41.39548761016844,18325.5390625,129.57376103988344,232.4600067138672,1.1338794231414795,1222.5999755859375,40.871819587174656,18244.259765625,130.08745220250898,236.88699340820312,1.1444004774093628,1224.5,41.18945305488256,18267.25,2153200.0,16780300,0.0,8.0,24136500.0,79080000.0
2015-05-19,130.23805236816406,231.94700622558594,1.1326183080673218,1206.9000244140625,41.11152267456055,18312.390625,130.87573720149297,234.1510009765625,1.1326183080673218,1223.9000244140625,41.31025388582368,18351.359375,129.9546308803377,231.81700134277344,1.1120996475219727,1206.0,40.7659011703954,18261.349609375,130.3531805225982,233.03700256347656,1.132541298866272,1223.9000244140625,41.0942412697432,18300.48046875,2366400.0,14241900,0.0,9.0,28574800.0,87200000.0
2015-05-20,129.68008422851562,234.01800537109375,1.1146656274795532,1208.9000244140625,41.11152267456055,18285.400390625,130.49490079408645,234.68299865722656,1.1150758266448975,1210.800048828125,41.413939018636846,18350.130859375,129.39667623427772,231.8419952392578,1.1065741777420044,1205.0999755859375,40.84366584402802,18272.560546875,130.3177691084026,231.88999938964844,1.1146780252456665,1205.0999755859375,40.94735097684118,18315.060546875,2104000.0,15499400,0.0,11.0,25047900.0,80190000.0
2015-05-21,130.50375366210938,235.343994140625,1.1100751161575317,1204.4000244140625,40.97325897216797,18285.740234375,130.82259607151195,236.24200439453125,1.1180005073547363,1204.5,41.12878827212198,18314.890625,129.3966638397782,233.8350067138672,1.1085859537124634,1203.699951171875,40.618998521403824,18249.900390625,129.80406532639924,234.01600646972656,1.1103092432022095,1204.5,40.852292471334835,18285.869140625,2676400.0,15108900,0.0,43.0,22410700.0,84270000.0
2015-05-22,128.254150390625,240.34800720214844,1.1111851930618286,1204.300048828125,40.52395248413086,18232.01953125,130.4329092909876,240.968994140625,1.1209995746612549,1211.9000244140625,40.91277240641824,18286.869140625,128.2452985364407,235.05999755859375,1.1006996631622314,1204.300048828125,40.45482689149064,18217.140625,130.4240439225221,235.3209991455078,1.1110987663269043,1211.5999755859375,40.86957055906294,18286.869140625,3878000.0,27003000,0.0,8.0,25720600.0,78890000.0
2015-05-23,,238.8719940185547,,,,,,241.02499389648438,,,,,,238.6909942626953,,,,,,240.28599548339844,,,,,,14605000,,,,
2015-05-24,,240.9530029296875,,,,,,241.97799682617188,,,,,,238.81100463867188,,,,,,238.9759979248047,,,,,,11508000,,,,
2015-05-25,,237.11000061035156,1.0992997884750366,,,,,241.02099609375,1.1010003089904785,,,,,236.63699340820312,1.096070647239685,,,,,240.927001953125,1.0992151498794556,,,,,14423900,0.0,,,
2015-05-26,126.47396087646484,237.11599731445312,1.0971167087554932,1187.199951171875,40.256107330322266,18041.5390625,127.91759700764241,238.24200439453125,1.0971288681030273,1193.5999755859375,40.5066827315484,18229.75,125.9071313523925,235.69200134277344,1.0875203609466553,1186.0,39.910485859935136,17990.01953125,127.83788977322955,237.10400390625,1.0971288681030273,1193.5999755859375,40.46348087177267,18229.75,3476800.0,16425000,0.0,40.0,29581900.0,109440000.0
2015-05-27,126.65107727050781,237.2830047607422,1.08888578414917,1185.9000244140625,41.1374397277832,18162.990234375,127.31533117227622,238.63600158691406,1.093000054359436,1185.9000244140625,41.27568765878489,18190.349609375,126.27909670723115,236.69500732421875,1.0821995735168457,1185.9000244140625,40.28202838864793,18045.080078125,127.02305783378449,237.06500244140625,1.0887553691864014,1185.9000244140625,40.454839126422705,18045.080078125,2837100.0,18837000,0.0,200216.0,27335600.0,96400000.0
2015-05-28,126.05767822265625,237.4080047607422,1.0900014638900757,1188.0999755859375,40.99918746948242,18126.119140625,128.67925937621342,237.82400512695312,1.0950000286102295,1192.0,41.49169587769932,18154.140625,125.39342432361383,236.65199279785156,1.0868797302246094,1179.5999755859375,40.94734326479473,18066.400390625,126.21709267157195,237.2570037841797,1.0897995233535767,1187.0999755859375,41.04238932534366,18154.140625,3103200.0,13829600,0.0,52705.0,19283700.0,67510000.0
2015-05-29,124.45459747314453,237.0959930419922,1.0960345268249512,1189.4000244140625,40.48939895629883,18010.6796875,125.99565766131862,237.52200317382812,1.1003496646881104,1193.300048828125,41.102873899008706,18128.119140625,124.27746582688384,235.7310028076172,1.0929105281829834,1185.699951171875,40.25610497186893,17967.740234375,125.99565766131862,237.3769989013672,1.0957943201065063,1187.800048828125,40.981907380287375,18128.119140625,6199200.0,14805000,0.0,4748.0,36519600.0,139810000.0
2015-05-30,,233.34500122070312,,,,,,237.09300231933594,,,,,,232.04600524902344,,,,,,237.0919952392578,,,,,,14098600,,,,
2015-05-31,,230.19000244140625,,,,,,233.2519989013672,,,,,,229.54200744628906,,,,,,233.13499450683594,,,,,,14730800,,,,
2015-06-01,125.10114288330078,222.92599487304688,1.0957943201065063,1188.300048828125,40.809085845947266,18040.369140625,125.80968303257532,231.71299743652344,1.0979998111724854,1204.0,41.27567369122003,18105.830078125,124.23318829543608,221.29600524902344,1.0888904333114624,1184.300048828125,40.28201475733428,17982.060546875,125.27827454204959,230.23300170898438,1.095902442932129,1190.5999755859375,40.66219891100374,18017.8203125,3897000.0,26090500,0.0,1236.0,28837300.0,85640000.0
2015-06-02,126.87245178222656,225.80299377441406,1.0922993421554565,1194.0999755859375,40.54125213623047,18011.939453125,127.94412032296853,226.41600036621094,1.116629719734192,1194.300048828125,40.91279415394362,18091.869140625,124.55199660473937,222.41900634765625,1.091941475868225,1186.0,40.28203761822143,17925.330078125,125.26938841064798,222.8939971923828,1.0922753810882568,1189.0,40.549894487949246,18033.330078125,4986500.0,20459000,0.0,1003.0,21498300.0,77550000.0
2015-06-03,127.36844635009766,225.87399291992188,1.1150012016296387,1184.699951171875,40.48076248168945,18076.26953125,128.4755359867048,227.4040069580078,1.1283293962478638,1193.9000244140625,41.24977015504001,18168.08984375,126.55362999926811,223.92999267578125,1.1086794137954712,1179.0999755859375,40.45484202279919,18010.419921875,127.3418772799613,225.73599243164062,1.1148271560668945,1193.9000244140625,40.930069113635845,18018.419921875,3755800.0,17752400,0.0,630.0,28002200.0,73120000.0
2015-06-04,125.04801940917969,224.32400512695312,1.1257838010787964,1174.9000244140625,40.057376861572266,17905.580078125,126.85478416325495,226.58099365234375,1.1376047134399414,1185.300048828125,40.74861651873373,18087.150390625,124.83545328517282,224.0540008544922,1.1232597827911377,1173.0,39.919128930139976,17876.94921875,126.84593230927665,225.77200317382812,1.126227617263794,1184.9000244140625,40.42891879531356,18072.470703125,3239500.0,14728100,0.0,447.0,27745500.0,93470000.0
2015-06-05,124.6406021118164,224.95199584960938,1.120787262916565,1167.800048828125,39.86728286743164,17849.4609375,125.20743158455664,225.96800231933594,1.128020167350769,1177.300048828125,40.1956229253614,17940.779296875,124.03835170952769,223.1790008544922,1.105180025100708,1164.0,39.608068420051524,17822.900390625,124.91515823722924,224.1540069580078,1.121604323387146,1176.4000244140625,40.01417314180437,17905.380859375,3215600.0,18056500,0.0,390.0,25438100.0,89140000.0
2015-06-06,,225.61900329589844,,,,,,225.718994140625,,,,,,224.37899780273438,,,,,,225.0050048828125,,,,,,11131500,,,,
2015-06-07,,222.88099670410156,,,,,,226.19400024414062,,,,,,222.65199279785156,,,,,,225.5959930419922,,,,,,13318400,,,,
2015-06-08,124.56087493896484,228.48899841308594,1.1108149290084839,1173.199951171875,39.51301574707031,17766.55078125,125.1897078305721,229.46400451660156,1.1242802143096924,1176.0999755859375,40.1178515538899,17852.349609375,124.17117720492975,222.83900451660156,1.1088072061538696,1169.0999755859375,39.46117154782635,17760.609375,124.20661164308484,222.87899780273438,1.1105434894561768,1169.5,40.00552410357298,17849.4609375,2756600.0,23378400,0.0,173.0,22121600.0,86300000.0
2015-06-09,124.0826416015625,229.04800415039062,1.128095269203186,1177.300048828125,39.44390106201172,17764.0390625,124.87088907108622,230.95399475097656,1.1339694261550903,1180.300048828125,39.69447316652583,17817.830078125,123.90549640584666,227.9290008544922,1.1216697692871094,1172.699951171875,39.27972938074419,17714.970703125,124.4369049644321,228.53799438476562,1.1281970739364624,1172.9000244140625,39.53894383484639,17766.94921875,2647600.0,28353100,0.0,144.0,24406100.0,90550000.0
2015-06-10,125.4288330078125,228.80299377441406,1.1299052238464355,1186.0999755859375,40.27338790893555,18000.400390625,126.29680108144684,229.78199768066406,1.138200283050537,1190.0999755859375,40.46348004336578,18045.140625,124.25088792011917,228.00999450683594,1.1266602277755737,1175.5999755859375,39.47845986175592,17765.380859375,124.59629937333159,228.9949951171875,1.1293309926986694,1176.0999755859375,39.56486687562901,17765.380859375,2784400.0,15904800,0.0,295.0,28417400.0,96980000.0
2015-06-11,126.61566162109375,229.7050018310547,1.131196141242981,1179.9000244140625,40.126495361328125,18039.369140625,127.519037234882,230.28700256347656,1.132054090499878,1183.199951171875,40.54123911616339,18109.76953125,125.54399266860904,228.76699829101562,1.118879795074463,1174.4000244140625,39.85864187371452,18001.26953125,125.77426249901531,228.85499572753906,1.131298542022705,1183.199951171875,40.31658748499484,18001.26953125,2924500.0,14416000,0.0,69.0,27347800.0,89490000.0
2015-06-12,126.47396087646484,229.98199462890625,1.1240627765655518,1178.800048828125,39.720394134521484,17898.83984375,126.5270990327401,231.0570068359375,1.1293296813964844,1181.199951171875,40.15241929310069,18035.830078125,124.95945585121115,229.31300354003906,1.1152499914169312,1176.199951171875,39.65991087600762,17857.0703125,126.31453289335727,229.7050018310547,1.1245051622390747,1180.4000244140625,39.93640671381109,18035.830078125,2395200.0,14017700,0.0,141.0,23931000.0,83760000.0
2015-06-13,,232.40199279785156,,,,,,232.65199279785156,,,,,,229.2100067138672,,,,,,229.9199981689453,,,,,,13305300,,,,
2015-06-14,,233.54299926757812,,,,,,234.85800170898438,,,,,,232.00399780273438,,,,,,232.44200134277344,,,,,,12165900,,,,
2015-06-15,126.02226257324219,236.822998046875,1.1219944953918457,1185.300048828125,39.29701232910156,17791.169921875,126.28796687533861,237.83599853515625,1.1258105039596558,1188.5,39.44390261305968,17890.759765625,125.12773872094247,233.4219970703125,1.1191502809524536,1172.699951171875,38.89954993077612,17698.419921875,125.80084457387552,233.4219970703125,1.1217930316925049,1179.9000244140625,39.27109187149926,17890.759765625,2631400.0,19912100,0.0,102.0,33254500.0,91920000.0
2015-06-16,126.06653594970703,250.89500427246094,1.1277008056640625,1180.5,39.599430084228516,17904.48046875,127.16477397909911,251.74200439453125,1.133009672164917,1186.5,39.95369060448751,17919.619140625,125.25171941729901,236.1219940185547,1.1211603879928589,1175.9000244140625,39.14148114626646,17774.119140625,125.25171941729901,236.76499938964844,1.1277008056640625,1186.5,39.18468300559744,17787.4296875,2450600.0,41612000,0.0,29.0,27070300.0,77510000.0
2015-06-17,127.0318832397461,249.28399658203125,1.124201774597168,1176.4000244140625,39.720394134521484,17935.740234375,127.53672258683882,256.8529968261719,1.129110336303711,1186.300048828125,39.80679784780117,17998.0,125.67680664340313,246.4759979248047,1.122949481010437,1174.9000244140625,39.19332291368038,17839.650390625,126.53590925863722,250.822998046875,1.1242396831512451,1177.5999755859375,39.513020608123696,17909.580078125,2775400.0,43858400,0.0,168.0,28704100.0,92410000.0
2015-06-18,128.75897216796875,249.0070037841797,1.1369967460632324,1201.5,40.368431091308594,18115.83984375,129.77748934459234,252.10800170898438,1.1428401470184326,1202.0,40.43755340137683,18174.73046875,127.45703352505865,244.1269989013672,1.1341005563735962,1183.4000244140625,39.8932007891943,17944.609375,127.45703352505865,249.42799377441406,1.1364152431488037,1183.4000244140625,39.936405941088566,17944.609375,3728900.0,30980200,0.0,130.0,32658300.0,94460000.0
2015-06-19,128.53753662109375,244.6060028076172,1.1370742321014404,1201.5,39.83272171020508,18015.94921875,129.39663924104687,250.9770050048828,1.1387965679168701,1203.0999755859375,40.46348139625094,18117.7109375,128.3781086895602,243.78700256347656,1.12959885597229,1199.699951171875,39.737678935902785,18010.580078125,128.5906747601791,249.04299926757812,1.1372941732406616,1199.699951171875,40.42891858954611,18116.240234375,4837300.0,23965300,0.0,142.0,63837000.0,258300000.0
2015-06-20,,245.21200561523438,,,,,,245.8280029296875,,,,,,240.6269989013672,,,,,,244.52999877929688,,,,,,20608100,,,,
2015-06-21,,243.94400024414062,,,,,,245.2239990234375,,,,,,241.8820037841797,,,,,,245.10000610351562,,,,,,10600900,,,,
2015-06-22,129.0424041748047,246.99000549316406,1.1372941732406616,1183.699951171875,39.945045471191406,18119.779296875,129.49410553161567,247.91700744628906,1.1410002708435059,1197.800048828125,40.36843157374661,18181.669921875,128.50214372898034,243.7790069580078,1.1316006183624268,1182.699951171875,39.884562213125,18027.630859375,129.3701119955715,243.968994140625,1.1362345218658447,1197.800048828125,40.031452479922244,18027.630859375,2086100.0,17692500,0.0,30.0,20318100.0,77780000.0
2015-06-23,127.9175796508789,244.29600524902344,1.13490629196167,1176.199951171875,39.66855239868164,18144.0703125,129.7066405836568,247.3040008544922,1.1346230506896973,1186.0,39.98825011302947,18188.810546875,127.35961557141552,243.13299560546875,1.113770604133606,1176.199951171875,39.41797700004307,18108.099609375,129.60036428552664,246.927001953125,1.1346230506896973,1183.800048828125,39.85864453504064,18121.779296875,2864400.0,15108700,0.0,60.0,25896500.0,75970000.0
2015-06-24,126.65107727050781,240.51499938964844,1.1172186136245728,1172.5999755859375,39.43524932861328,17966.0703125,128.24528933760803,244.34100341796875,1.1239995956420898,1176.5999755859375,39.96232046098661,18139.099609375,126.21709318954491,240.51499938964844,1.1162832975387573,1170.699951171875,39.35748468127804,17966.0703125,127.32418302582558,244.28199768066406,1.1177055835723877,1176.5999755859375,39.46116977902842,18139.099609375,3989100.0,17344900,0.0,263.0,34890900.0,104980000.0
2015-06-25,126.1639404296875,242.7989959716797,1.1206992864608765,1171.5,39.44390106201172,17890.359375,127.32416828146842,243.33200073242188,1.1224100589752197,1175.9000244140625,39.7981615850392,18036.099609375,126.0665159948055,240.36500549316406,1.1156704425811768,1171.5,39.31429218691532,17890.359375,126.89019776504027,240.36500549316406,1.1207119226455688,1175.800048828125,39.772237832365555,17977.109375,2153800.0,16133100,0.0,95.0,20616000.0,78990000.0
2015-06-26,126.19051361083984,243.593994140625,1.1202975511550903,1172.9000244140625,39.106910705566406,17946.6796875,126.68648765392513,243.74899291992188,1.1219995021820068,1172.9000244140625,39.98824230743752,18013.150390625,125.66797049503778,241.55299377441406,1.1136304140090942,1170.5,38.90817955456948,17892.029296875,126.67763580111257,242.60400390625,1.1203854084014893,1170.5,39.44389305317679,17892.029296875,3153300.0,13983500,0.0,308.0,49835300.0,158120000.0
2015-06-27,,250.99000549316406,,,,,,251.33900451660156,,,,,,243.11700439453125,,,,,,243.5489959716797,,,,,,20488600,,,,
2015-06-28,,249.01100158691406,,,,,,251.1719970703125,,,,,,247.4340057373047,,,,,,250.9550018310547,,,,,,15137600,,,,
2015-06-29,122.86924743652344,257.0639953613281,1.0975021123886108,1178.5,38.33790969848633,17596.349609375,125.16314771430403,257.1730041503906,1.119740605354309,1186.0,39.08099346080322,17936.740234375,122.7364020696332,248.58099365234375,1.0982975959777832,1173.800048828125,38.32927064603413,17590.55078125,124.844305319488,248.7209930419922,1.0982975959777832,1185.0999755859375,38.916825095489806,17936.740234375,3755500.0,34742900,0.0,174.0,34081700.0,116340000.0
2015-06-30,122.8603744506836,263.0719909667969,1.122296690940857,1171.5,38.147823333740234,17619.509765625,124.04717123836426,267.86700439453125,1.1238796710968018,1176.4000244140625,38.6403317574533,17714.66015625,122.61238746562427,255.9459991455078,1.1123000383377075,1166.5999755859375,37.9663702596693,17576.5,124.04717123836426,257.0360107421875,1.121604323387146,1176.300048828125,38.63168940835494,17599.9609375,3434800.0,44533800,0.0,223.0,35945400.0,126460000.0
2015-07-01,124.6406021118164,258.6210021972656,1.1134989261627197,1169.0,38.40704345703125,17757.91015625,125.00373083252141,265.1719970703125,1.1167594194412231,1173.0999755859375,39.081001758464254,17801.830078125,124.01178263379616,255.7740020751953,1.106119990348816,1166.5999755859375,38.1046238195514,17638.119140625,124.41918413786662,263.3450012207031,1.1134989261627197,1173.0999755859375,38.415682511317684,17638.119140625,3260900.0,27029800,0.0,455.0,28343900.0,87010000.0
2015-07-02,124.18004608154297,255.41200256347656,1.103363037109375,1163.0,38.363826751708984,17730.109375,125.34027394976395,261.6310119628906,1.1121602058410645,1168.0999755859375,38.666242976102986,17825.490234375,123.88777277275557,254.11599731445312,1.1037039756774902,1155.5,38.07004957825925,17687.51953125,125.13655971031044,258.552001953125,1.1037039756774902,1166.4000244140625,38.432949047532055,17763.3203125,2116500.0,21551900,0.0,316.0,21752000.0,83080000.0
2015-07-03,,256.33599853515625,1.1086965799331665,,,,,257.0769958496094,1.1119993925094604,,,,,253.5050048828125,1.108270287513733,,,,,255.45899963378906,1.108598232269287,,,,,19033800,0.0,,,
2015-07-04,,260.885986328125,,,,,,261.4570007324219,,,,,,254.1999969482422,,,,,,256.4909973144531,,,,,,15620400,,,,
2015-07-05,,271.9129943847656,,,,,,274.5060119628906,,,,,,258.70098876953125,,,,,,260.80499267578125,,,,,,44156100,,,,
2015-07-06,124.45459747314453,269.0299987792969,1.0995051860809326,1172.9000244140625,38.35519790649414,17683.580078125,124.64058097172082,277.4219970703125,1.1091405153274536,1173.0,38.432962576725885,17734.359375,123.10837263586234,267.6000061035156,1.0997954607009888,1162.199951171875,37.97501690541163,17564.359375,123.1260898547719,271.1080017089844,1.0997954607009888,1171.0999755859375,37.98365595939702,17728.080078125,2093400.0,49154800,0.0,634.0,23034000.0,90130000.0
2015-07-07,126.7839126586914,266.2070007324219,1.1048991680145264,1152.4000244140625,38.27741622924805,17776.91015625,127.04076504847382,271.34100341796875,1.105265498161316,1166.800048828125,38.44158784684473,17793.44921875,124.11804540805228,264.8320007324219,1.0916804075241089,1149.5,37.43064758300232,17465.6796875,124.70259203899242,269.9630126953125,1.1048015356063843,1166.800048828125,38.31197902201465,17684.919921875,3712000.0,28857600,0.0,469.0,36435800.0,105840000.0
2015-07-08,125.69454193115234,270.7850036621094,1.1009942293167114,1163.300048828125,38.2255973815918,17515.419921875,126.78391447586061,272.97100830078125,1.109010100364685,1163.300048828125,38.79587060677043,17759.009765625,125.34027861208149,264.385986328125,1.0975021123886108,1146.4000244140625,38.04414426296446,17496.220703125,126.20823320380063,265.98199462890625,1.1009942293167114,1152.5999755859375,38.398404852907376,17759.009765625,3386500.0,36980200,0.0,65.0,39785900.0,69830000.0
2015-07-09,126.47396087646484,269.2279968261719,1.1071009635925293,1159.0,38.467529296875,17548.619140625,127.71389623716003,272.3349914550781,1.1116199493408203,1163.5999755859375,39.072365316177255,17764.849609375,126.41195735128916,267.08599853515625,1.102290391921997,1154.800048828125,38.45024789105595,17530.380859375,127.43934008688338,270.8269958496094,1.1072357892990112,1154.800048828125,38.666260519657385,17530.380859375,2486800.0,40301200,0.0,65.0,32424700.0,100520000.0
2015-07-10,127.96186828613281,284.8940124511719,1.1063048839569092,1157.699951171875,38.545291900634766,17760.41015625,128.59070126155368,294.59100341796875,1.1219995021820068,1161.4000244140625,39.003237593875525,17797.490234375,127.42160790362652,268.802001953125,1.1056197881698608,1157.5,38.51072909085672,17561.119140625,127.66074309307167,269.156005859375,1.1063048839569092,1160.0999755859375,38.89091011014236,17561.119140625,2192100.0,100390000,0.0,27.0,25465800.0,85800000.0
2015-07-11,,293.114990234375,,,,,,298.5060119628906,,,,,,283.5299987792969,,,,,,284.8800048828125,,,,,,41109900,,,,
2015-07-12,,310.86700439453125,,,,,,314.3940124511719,,,,,,292.5050048828125,,,,,,293.1400146484375,,,,,,56405000,,,,
2015-07-13,129.85720825195312,292.0539855957031,1.1129041910171509,1155.199951171875,39.34885787963867,17977.6796875,129.9723499222803,310.947998046875,1.119759440422058,1159.0,39.41798020096098,17987.5703125,128.95383265398488,281.010986328125,1.1007699966430664,1151.199951171875,38.839067987534605,17787.26953125,129.27267507511502,310.8269958496094,1.1129041910171509,1159.0,38.86498844601911,17787.26953125,2194200.0,62053900,0.0,14.0,28178300.0,86380000.0
2015-07-14,130.85800170898438,287.4639892578125,1.099045991897583,1153.300048828125,39.417964935302734,18053.580078125,131.3451238767466,296.1470031738281,1.1074001789093018,1157.199951171875,39.71174210335392,18072.8203125,129.7066257254405,286.63800048828125,1.0968496799468994,1153.0,39.15011151178725,17956.169921875,129.98118180701235,292.03399658203125,1.0985147953033447,1157.199951171875,39.27107799932193,17974.609375,3388800.0,28727200,0.0,39.0,22880300.0,76740000.0
2015-07-15,130.09637451171875,285.8290100097656,1.1008002758026123,1147.199951171875,39.538944244384766,18050.169921875,130.85805305994867,293.24798583984375,1.1040000915527344,1154.0,39.651271717559084,18090.390625,129.73324570649993,285.36700439453125,1.0936096906661987,1144.800048828125,39.25380933074615,18010.150390625,130.85805305994867,288.0450134277344,1.100897192955017,1154.0,39.46982192741718,18053.380859375,2653900.0,27486600,0.0,15.0,26629600.0,80460000.0
2015-07-16,131.51341247558594,278.0889892578125,1.0943553447723389,1143.800048828125,40.316585540771484,18120.25,131.78796857553598,291.1830139160156,1.0950000286102295,1146.199951171875,40.34250599417046,18131.609375,130.87572768860804,275.239990234375,1.0859402418136597,1142.9000244140625,39.72039203996352,18065.330078125,130.8934313946001,286.0419921875,1.0938884019851685,1146.199951171875,39.754951545798754,18078.16015625,2509600.0,49482600,0.0,14.0,26271700.0,85030000.0
2015-07-17,130.05206298828125,279.47198486328125,1.0886012315750122,1131.800048828125,40.28202438354492,18086.44921875,130.58347155211837,280.2799987792969,1.0910003185272217,1144.0,40.420272300801095,18121.119140625,129.3258190329371,272.0429992675781,1.0843905210494995,1130.199951171875,39.97096574569595,18032.060546875,130.4151917230939,278.09100341796875,1.0886012315750122,1144.0,40.22154112575099,18117.580078125,3127100.0,27591400,0.0,120.0,29467100.0,106510000.0
2015-07-18,,274.9010009765625,,,,,,282.5270080566406,,,,,,274.07501220703125,,,,,,279.33099365234375,,,,,,25187100,,,,
2015-07-19,,273.614013671875,,,,,,275.6700134277344,,,,,,272.51300048828125,,,,,,274.7669982910156,,,,,,15332500,,,,
2015-07-20,129.94573974609375,278.9809875488281,1.0830246210098267,1106.699951171875,40.54125213623047,18100.41015625,130.37085833504605,278.9809875488281,1.0871999263763428,1130.699951171875,40.722705265319085,18137.119140625,129.22834790402536,272.9599914550781,1.0821573734283447,1095.0999755859375,40.126508248197716,18064.5,130.2911511335443,273.4989929199219,1.0832945108413696,1130.4000244140625,40.30796137728633,18085.91015625,3016100.0,22711400,0.0,189.0,30631900.0,75060000.0
2015-07-21,128.42242431640625,275.8330078125,1.0835410356521606,1103.4000244140625,40.85230255126953,17919.2890625,129.8306393810002,280.5469970703125,1.0940704345703125,1106.4000244140625,40.89550770887608,18096.669921875,127.7316013219156,275.41900634765625,1.081270456314087,1097.0999755859375,40.16106287874456,17868.33984375,129.8306393810002,278.8819885253906,1.083482265472412,1097.0999755859375,40.42027734393008,18096.669921875,4452600.0,22930700,0.0,118.0,42781900.0,100170000.0
2015-07-22,129.724365234375,277.22198486328125,1.0939961671829224,1091.4000244140625,39.34885787963867,17851.0390625,132.12452853314406,277.6659851074219,1.097000002861023,1095.0,40.549887465420085,17919.349609375,128.51985090088783,274.3810119628906,1.0881404876708984,1086.0,39.055080597814445,17807.41015625,131.8765414804509,275.6570129394531,1.093900442123413,1093.0,39.262450857872224,17918.349609375,6238400.0,19389800,0.0,46.0,59152400.0,112370000.0
2015-07-23,129.40550231933594,276.04901123046875,1.0927051305770874,1094.0,39.84137725830078,17731.919921875,131.0351351259599,278.1109924316406,1.1019999980926514,1097.5999755859375,39.94506241667271,17860.94921875,129.12208086725596,275.71600341796875,1.0923947095870972,1087.800048828125,38.96868422840275,17705.029296875,130.19374965080024,277.34100341796875,1.0927051305770874,1097.4000244140625,39.11557455751376,17853.779296875,4116000.0,18531300,0.0,64.0,33934000.0,88600000.0
2015-07-24,127.58987426757812,288.27801513671875,1.0989010334014893,1085.5999755859375,39.69447708129883,17568.529296875,129.72434649751045,289.25299072265625,1.0996019840240479,1100.699951171875,40.02281718012503,17756.5390625,127.51901890357404,275.2539978027344,1.092789888381958,1078.5999755859375,39.57351054386047,17553.73046875,129.1397998801858,276.0050048828125,1.0988407135009766,1078.5999755859375,39.66855662215945,17731.05078125,2455000.0,37199400,0.0,52.0,32333200.0,103470000.0
2015-07-25,,288.6969909667969,,,,,,290.7330017089844,,,,,,286.00201416015625,,,,,,288.16400146484375,,,,,,20662200,,,,
2015-07-26,,292.6860046386719,,,,,,293.052001953125,,,,,,287.70599365234375,,,,,,288.6400146484375,,,,,,16032300,,,,
2015-07-27,124.90631866455078,293.6239929199219,1.0972371101379395,1096.5,39.1846809387207,17440.58984375,126.96108415168982,297.77398681640625,1.112999439239502,1102.5,39.75495402164497,17561.779296875,124.70261789248713,287.45001220703125,1.0974057912826538,1093.9000244140625,39.09827722461628,17399.169921875,126.84594246934508,292.6390075683594,1.0974057912826538,1100.0,39.69447076255379,17561.779296875,3532100.0,30592000,0.0,19.0,39701400.0,117860000.0
2015-07-28,125.59710693359375,294.427001953125,1.109004020690918,1096.300048828125,39.176048278808594,17630.26953125,125.91594929966743,296.64898681640625,1.1100996732711792,1097.699951171875,39.43526275951297,17650.0703125,123.56005923447184,293.4230041503906,1.1023000478744507,1096.300048828125,38.700821181502064,17449.810546875,125.41997528894798,293.63299560546875,1.1091023683547974,1097.199951171875,39.383421841026674,17449.810546875,4138200.0,25453600,0.0,31.0,34328900.0,103450000.0
2015-07-29,127.66072845458984,289.5899963378906,1.1065986156463623,1092.699951171875,39.99689483642578,17751.390625,128.0769952678518,294.5360107421875,1.108598232269287,1096.9000244140625,40.42027769751122,17776.779296875,126.09308563686463,288.7770080566406,1.1014198064804077,1092.699951171875,39.10692066017965,17629.19921875,126.1905100721872,294.4840087890625,1.106549620628357,1096.4000244140625,39.22789048800912,17631.400390625,3260400.0,24672600,0.0,159142.0,40945900.0,93140000.0
2015-07-30,126.65994262695312,287.72198486328125,1.098406195640564,1088.4000244140625,40.506675720214844,17745.98046875,127.46590735711456,290.1260070800781,1.099000096321106,1097.5,40.95598223551103,17761.25,125.95141586762344,286.5679931640625,1.091130018234253,1081.0,39.6858273421947,17640.849609375,126.96108136537808,289.1029968261719,1.0983941555023193,1096.0999755859375,39.970962204232826,17743.240234375,2644000.0,21635800,0.0,49298.0,39777900.0,76650000.0
2015-07-31,127.68730926513672,284.6499938964844,1.0939244031906128,1094.9000244140625,40.35115051269531,17689.859375,128.35156315405354,288.9590148925781,1.1110296249389648,1102.800048828125,40.9300626436732,17783.58984375,126.90791371090474,282.343994140625,1.0923899412155151,1079.0999755859375,40.178339789864914,17671.58984375,127.324180562435,287.6960144042969,1.0941756963729858,1087.699951171875,40.86094033219528,17755.869140625,3163500.0,23629100,0.0,5700.0,31201500.0,106120000.0
2015-08-01,,281.60101318359375,,,,,,284.9320068359375,,,,,,278.11199951171875,,,,,,284.6860046386719,,,,,,18995000,,,,
2015-08-02,,282.614013671875,,,,,,283.0320129394531,,,,,,277.52899169921875,,,,,,280.4490051269531,,,,,,17722200,,,,
2015-08-03,127.26219177246094,281.22698974609375,1.0969001054763794,1089.4000244140625,40.446205139160156,17598.19921875,128.20100178212118,285.47100830078125,1.09954035282135,1097.0999755859375,40.61037354776044,17704.759765625,126.28794732039081,280.2330017089844,1.0943995714187622,1085.0,40.135146431419756,17496.609375,127.9264456677051,282.8059997558594,1.0969001054763794,1095.5,40.59309214220919,17696.740234375,3088000.0,21474100,0.0,2418.0,24125900.0,87880000.0
2015-08-04,127.12932586669922,285.2179870605469,1.09560227394104,1090.699951171875,41.07695770263672,17550.689453125,128.3072709976176,285.7149963378906,1.0995995998382568,1093.9000244140625,41.22384469171566,17635.779296875,126.6864899609831,281.2250061035156,1.0933502912521362,1080.5,40.33387381506122,17505.5,127.13819123395233,281.2250061035156,1.0953983068466187,1085.0999755859375,40.394357080692636,17596.9296875,1973000.0,21908700,0.0,1139.0,33403900.0,99060000.0
2015-08-05,129.19723510742188,281.8819885253906,1.0888975858688354,1085.699951171875,41.11152267456055,17540.470703125,129.77660307861146,285.5010070800781,1.0918794870376587,1090.5999755859375,41.82868284598045,17661.369140625,128.1454807482108,281.4880065917969,1.0850305557250977,1082.5,41.07695986492585,17492.900390625,128.2613434620436,284.84698486328125,1.0886012315750122,1086.5,41.457140882634754,17555.240234375,2926100.0,20128000,0.0,1207.0,26959700.0,102450000.0
2015-08-06,128.19000244140625,278.5769958496094,1.0903104543685913,1090.199951171875,40.28202438354492,17419.75,129.46458702814144,281.906005859375,1.093460202217102,1092.199951171875,41.275683554885774,17572.0390625,127.8334652978954,278.40301513671875,1.0877498388290405,1083.5999755859375,40.03145229958022,17362.859375,128.97435695612737,281.906005859375,1.0904054641723633,1084.4000244140625,41.223839349880826,17542.609375,2457000.0,18792100,0.0,269.0,27368000.0,96170000.0
2015-08-07,126.94215393066406,279.5849914550781,1.0927051305770874,1094.0999755859375,40.38570022583008,17373.380859375,128.20783029958022,280.3919982910156,1.0968605279922485,1098.300048828125,40.42025972232171,17414.939453125,126.30040061677664,276.3659973144531,1.0859096050262451,1081.699951171875,39.97095330703733,17279.080078125,127.65521467948372,278.7409973144531,1.0922038555145264,1088.9000244140625,40.08328073488075,17414.939453125,2953200.0,42484800,0.0,614.0,19163000.0,81800000.0
2015-08-08,,260.99700927734375,,,,,,279.9280090332031,,,,,,260.7099914550781,,,,,,279.74200439453125,,,,,,58533000,,,,
2015-08-09,,265.0830078125,,,,,,267.00299072265625,,,,,,260.4679870605469,,,,,,261.1159973144531,,,,,,23789600,,,,
2015-08-10,130.00830078125,264.4700012207031,1.0965032577514648,1104.199951171875,40.8954963684082,17615.169921875,130.81940752278635,267.0320129394531,1.0999999046325684,1107.5999755859375,41.03374426457656,17629.130859375,128.15434834366775,262.59600830078125,1.0927098989486694,1089.5,40.472110332342076,17375.1796875,128.16325667251357,265.4779968261719,1.095902442932129,1093.199951171875,40.567156378974666,17375.1796875,3432600.0,20979400,0.0,900.0,23079900.0,92430000.0
2015-08-11,128.39501953125,270.385986328125,1.1016976833343506,1107.5999755859375,40.1005859375,17402.83984375,129.17937414818942,270.385986328125,1.108589768409729,1116.699951171875,40.558531674751485,17593.58984375,127.70869734098773,264.093994140625,1.0961499214172363,1094.0,39.65992160679836,17352.630859375,128.47523529880576,264.3420104980469,1.1017948389053345,1103.800048828125,40.45484653154367,17593.58984375,2816700.0,25433900,0.0,997.0,29237400.0,103010000.0
2015-08-12,126.95105743408203,266.3760070800781,1.104203701019287,1123.199951171875,40.38570022583008,17402.509765625,127.4680261173123,270.6730041503906,1.1210297346115112,1124.5,40.52394810006456,17423.900390625,124.66036567615865,265.468994140625,1.103302240371704,1101.5,39.49572644536189,17125.810546875,127.05802538266549,270.5979919433594,1.1043744087219238,1106.0,39.91047006806532,17382.9296875,4355800.0,26815400,0.0,797.0,30181400.0,120400000.0
2015-08-13,129.07241821289062,264.0799865722656,1.1160963773727417,1115.699951171875,40.377079010009766,17408.25,129.64286410937143,266.23199462890625,1.1189061403274536,1124.300048828125,40.69677676846636,17481.779296875,126.14888129336353,262.84100341796875,1.1081806421279907,1113.0,40.16970873818048,17341.33984375,126.5945425750049,266.1830139160156,1.1155858039855957,1124.300048828125,40.66221725388884,17401.640625,5129500.0,27685500,0.0,441.0,22627200.0,88550000.0
2015-08-14,129.32200622558594,265.67999267578125,1.1160963773727417,1112.9000244140625,40.610355377197266,17477.400390625,129.66071320098888,267.46600341796875,1.1190000772476196,1118.800048828125,40.69675907020227,17492.900390625,128.1365454121806,261.4779968261719,1.110109567642212,1112.5,40.195611717811964,17394.060546875,128.89417514121192,264.1319885253906,1.1158970594406128,1113.9000244140625,40.204250768676616,17410.119140625,2927100.0,27091200,0.0,908.0,21473400.0,82120000.0
2015-08-15,,261.5509948730469,,,,,,266.6669921875,,,,,,261.2959899902344,,,,,,265.52899169921875,,,,,,19321100,,,,
2015-08-16,,258.5069885253906,,,,,,262.44000244140625,,,,,,257.0409851074219,,,,,,261.8659973144531,,,,,,29717000,,,,
2015-08-17,128.7426300048828,257.97601318359375,1.1092993021011353,1118.5999755859375,40.88686752319336,17545.1796875,129.11698384006215,260.5050048828125,1.112599492073059,1122.0,40.999195005952885,17551.400390625,127.39672426358042,257.11700439453125,1.1062498092651367,1113.800048828125,40.23882967788143,17341.720703125,128.88524487557095,258.489990234375,1.1094961166381836,1113.800048828125,40.446203238661255,17472.66015625,3746000.0,21617900,0.0,399.0,21099700.0,73380000.0
2015-08-18,128.88522338867188,211.07899475097656,1.107800006866455,1117.0999755859375,41.11298370361328,17511.33984375,129.42893059208726,257.9930114746094,1.1099998950958252,1118.4000244140625,41.252143235145596,17568.400390625,128.18999301059984,211.07899475097656,1.102189540863037,1110.0,40.61722766516535,17486.419921875,128.69803970203694,257.9259948730469,1.107714056968689,1118.199951171875,40.73899184052801,17537.30078125,1955500.0,42147200,0.0,475.0,23574100.0,79900000.0
2015-08-19,127.20951843261719,226.6840057373047,1.1030831336975098,1128.0999755859375,40.53896713256836,17348.73046875,128.77824076826536,237.40899658203125,1.1080001592636108,1134.300048828125,40.94774987852094,17517.189453125,126.85299495649222,222.76600646972656,1.1020400524139404,1116.800048828125,40.26934397619997,17282.419921875,127.83344131608527,225.67100524902344,1.103095293045044,1117.0,40.68682274495254,17508.740234375,2967700.0,60869200,0.0,348.0,31485500.0,104720000.0
2015-08-20,122.12901306152344,235.35000610351562,1.1118029356002808,1153.0,39.712703704833984,16990.689453125,126.47865762398709,237.36500549316406,1.1219995021820068,1153.300048828125,40.41720095944442,17345.3203125,122.02204511291635,226.8990020751953,1.110839605331421,1132.800048828125,39.712703704833984,16990.689453125,126.2290884114073,226.8990020751953,1.1120007038116455,1132.800048828125,40.06930034332975,17345.3203125,6601400.0,32275000,0.0,409.0,36238200.0,128530000.0
2015-08-21,117.39608001708984,232.56900024414062,1.1236965656280518,1159.5999755859375,37.46004104614258,16459.75,120.40874049945404,236.4320068359375,1.1369102001190186,1166.5,39.55613331094247,16990.689453125,117.17324941570638,231.7239990234375,1.123204231262207,1150.5,37.46004104614258,16459.55078125,120.22157041057224,235.35499572753906,1.1235954761505127,1154.0999755859375,39.39957842661511,16990.689453125,7957600.0,23173800,0.0,261.0,70053100.0,225170000.0
2015-08-22,,230.38999938964844,,,,,,234.95700073242188,,,,,,222.70399475097656,,,,,,232.66200256347656,,,,,,23205900,,,,
2015-08-23,,228.16900634765625,,,,,,232.7050018310547,,,,,,225.5800018310547,,,,,,230.37600708007812,,,,,,18406600,,,,
2015-08-24,113.3673095703125,210.4949951171875,1.1376951932907104,1153.4000244140625,36.251102447509766,15871.349609375,120.77419727901929,228.13900756835938,1.1705996990203857,1169.0,37.12954660196354,16459.75,102.62687085602627,210.4429931640625,1.1372941732406616,1147.5,34.54639690317175,15370.330078125,110.20311201375074,228.11199951171875,1.13779878616333,1164.0,35.18131264209889,16459.75,9425800.0,59220700,0.0,299.0,88753700.0,293920000.0
2015-08-25,111.85206604003906,221.60899353027344,1.1583056449890137,1138.199951171875,35.19870376586914,15666.4404296875,116.51368601635318,226.3209991455078,1.1589996814727783,1155.5,37.60790620232144,16312.9404296875,111.79858886257227,199.56700134277344,1.140029788017273,1134.0,35.129122331051185,15651.240234375,115.87193268574573,210.0679931640625,1.1582385301589966,1151.5,37.025173298110026,15882.26953125,7159100.0,61089200,0.0,217.0,70616600.0,213220000.0
2015-08-26,115.28366088867188,225.83099365234375,1.1550945043563843,1124.5999755859375,37.14693832397461,16285.509765625,115.6580147455876,231.18299865722656,1.1558955907821655,1143.0,37.26000649917584,16303.75,111.62033128849416,220.20399475097656,1.135500431060791,1119.5999755859375,35.711856035849564,15676.259765625,115.28366088867188,222.0760040283203,1.1554815769195557,1139.199951171875,36.538114026970575,15676.259765625,6428400.0,31808000,0.0,116.0,63408000.0,208420000.0
2015-08-27,117.5386734008789,224.7689971923828,1.1340054273605347,1122.4000244140625,38.18194580078125,16654.76953125,117.97542624654683,228.64300537109375,1.1361596584320068,1127.4000244140625,38.225432545500404,16666.689453125,115.39059688365417,223.6840057373047,1.1211603879928589,1118.4000244140625,37.33828901836075,16285.509765625,116.83453473184252,226.0500030517578,1.1339540481567383,1127.199951171875,37.5992128045016,16285.509765625,5754600.0,21905400,0.0,564.0,50943200.0,171980000.0
2015-08-28,118.75981903076172,231.39599609375,1.1247961521148682,1133.0999755859375,38.208045959472656,16643.009765625,119.18765003787618,235.218994140625,1.1310003995895386,1139.0,38.39939166157534,16669.970703125,116.6384670529607,220.92599487304688,1.1156704425811768,1123.5999755859375,37.73838104585336,16535.1796875,117.14651382381491,224.7010040283203,1.1245051622390747,1125.300048828125,37.74708038749078,16649.419921875,4508800.0,31336600,0.0,279.0,28246700.0,131790000.0
2015-08-29,,229.77999877929688,,,,,,233.2220001220703,,,,,,227.3300018310547,,,,,,231.5489959716797,,,,,,17142500,,,,
2015-08-30,,228.76100158691406,,,,,,232.0679931640625,,,,,,226.2469940185547,,,,,,229.89500427246094,,,,,,19412600,,,,
2015-08-31,116.47802734375,230.05599975585938,1.1214030981063843,1131.5999755859375,37.85143280029297,16528.029296875,118.27850274985096,231.95599365234375,1.126400113105774,1134.0,38.208029342324515,16632.01953125,116.21954978172958,225.9149932861328,1.1185895204544067,1124.800048828125,37.48613692040745,16444.05078125,117.98436466861888,229.11399841308594,1.121176838874817,1131.0999755859375,37.88622351605831,16632.01953125,4231700.0,20710700,0.0,194.0,34441700.0,141440000.0
2015-09-01,113.59014892578125,228.12100219726562,1.1225864887237549,1138.699951171875,36.37285614013672,16058.349609375,114.9717016102732,231.21600341796875,1.1332305669784546,1144.699951171875,37.042562407053396,16528.029296875,113.14448764694532,226.86000061035156,1.122536063194275,1133.5,36.233696611804994,15979.9501953125,114.23190225534522,230.25599670410156,1.1225990056991577,1133.5,36.677266571542084,16528.029296875,5772700.0,20575200,0.0,375.0,49688900.0,171390000.0
2015-09-02,116.4334716796875,229.28399658203125,1.1293437480926514,1132.5,37.7122802734375,16351.3798828125,116.46911859826874,230.57699584960938,1.1299996376037598,1140.4000244140625,37.7296756345575,16352.580078125,113.85754319596967,226.47500610351562,1.1222903728485107,1130.800048828125,36.42505341099021,16058.349609375,114.72213397722402,228.02699279785156,1.1296244859695435,1137.300048828125,36.84253212439263,16058.349609375,4809300.0,18760400,0.0,201.0,37671500.0,133480000.0
2015-09-03,116.78108215332031,227.18299865722656,1.121604323387146,1123.699951171875,37.83405685424805,16374.759765625,117.96654275499662,229.60499572753906,1.1249998807907104,1132.9000244140625,38.251535704155685,16550.0703125,116.29976036892414,226.66700744628906,1.1089695692062378,1120.300048828125,37.6427111371886,16317.3095703125,117.93088223737338,229.32400512695312,1.1215037107467651,1130.300048828125,37.755779362526184,16364.33984375,3379500.0,17482000,0.0,122.0,28285200.0,109730000.0
2015-09-04,115.65801239013672,230.29800415039062,1.1125946044921875,1120.5999755859375,37.059959411621094,16102.3798828125,116.308687661992,230.89999389648438,1.1160004138946533,1125.199951171875,37.43395128274366,16371.759765625,114.67756571832587,227.05099487304688,1.109460473060608,1116.199951171875,36.70336289704202,16026.6103515625,115.47084226574242,227.21499633789062,1.1125946044921875,1123.4000244140625,37.23390965923101,16371.759765625,3746700.0,20962400,0.0,51.0,37138800.0,127270000.0
2015-09-05,,235.0189971923828,,,,,,236.14300537109375,,,,,,229.4429931640625,,,,,,230.19900512695312,,,,,,20671400,,,,
2015-09-06,,239.83999633789062,,,,,,242.91200256347656,,,,,,234.68099975585938,,,,,,234.8699951171875,,,,,,25473700,,,,
2015-09-07,,239.8470001220703,1.115200161933899,,,,,242.1060028076172,1.1180005073547363,,,,,238.7220001220703,1.1124200820922852,,,,,239.9340057373047,1.1158970594406128,,,,,21192200,0.0,,,
2015-09-08,119.27680969238281,243.60699462890625,1.1163954734802246,1120.4000244140625,38.17324447631836,16492.6796875,119.4283329186237,245.781005859375,1.122999906539917,1124.300048828125,38.268917300421535,16503.41015625,117.6545958576187,239.67799377441406,1.1153706312179565,1116.4000244140625,37.57311946761539,16109.9296875,117.89525679365069,239.8459930419922,1.1158970594406128,1119.800048828125,37.66009295253149,16109.9296875,3505800.0,26879200,0.0,138.0,32469800.0,123870000.0
2015-09-09,118.23391723632812,238.16799926757812,1.1207369565963745,1102.199951171875,37.46004104614258,16253.5703125,121.44268348795343,244.41600036621094,1.1209995746612549,1123.5,38.61680732280314,16664.650390625,117.84174678379722,237.8209991455078,1.1133204698562622,1102.0999755859375,37.320881517609905,16220.099609375,120.85440740840525,243.4149932861328,1.1207997798919678,1123.5,38.45155310166599,16505.0390625,4713900.0,23635700,0.0,150.0,33469500.0,118790000.0
2015-09-10,119.03610229492188,238.4770050048828,1.1220699548721313,1109.5,37.65138244628906,16330.400390625,119.94525489801738,241.29299926757812,1.1279997825622559,1113.5,38.08625633922058,16441.939453125,117.8952107775274,235.79100036621094,1.1174894571304321,1105.5,37.18171784564514,16212.080078125,117.95759626962725,238.33599853515625,1.1219441890716553,1107.300048828125,37.5035235974236,16252.5703125,2932200.0,21215500,0.0,56.0,31366600.0,122690000.0
2015-09-11,120.03435516357422,240.10699462890625,1.1290887594223022,1103.5,37.816654205322266,16433.08984375,120.20370855218192,241.16900634765625,1.1342202425003052,1111.699951171875,37.91232704542887,16434.759765625,118.44780278687625,238.32899475097656,1.125579833984375,1098.199951171875,37.346989345431496,16244.650390625,118.68846358123967,238.32899475097656,1.1282861232757568,1110.800048828125,37.520939662186564,16330.400390625,2628200.0,19224700,0.0,81.0,27132500.0,104630000.0
2015-09-12,,235.22900390625,,,,,,240.12399291992188,,,,,,234.75399780273438,,,,,,239.85499572753906,,,,,,17962600,,,,
2015-09-13,,230.51199340820312,,,,,,235.93499755859375,,,,,,229.33200073242188,,,,,,235.24200439453125,,,,,,18478800,,,,
2015-09-14,119.82048034667969,230.6439971923828,1.1344043016433716,1107.699951171875,37.43396759033203,16370.9599609375,120.44441699374413,232.44000244140625,1.1372101306915283,1108.5999755859375,37.78186491928349,16450.859375,119.19655730011763,227.96099853515625,1.128770112991333,1104.0999755859375,37.277412631064614,16330.8701171875,120.07897149486406,230.60899353027344,1.1344043016433716,1107.800048828125,37.77316889613596,16450.859375,2389600.0,20997800,0.0,19.0,23656000.0,92660000.0
2015-09-15,121.48725891113281,230.3040008544922,1.1307612657546997,1102.800048828125,38.25151824951172,16599.849609375,122.1111819381617,259.1820068359375,1.1330032348632812,1104.5,38.521141335260666,16644.109375,119.90070595647276,229.82200622558594,1.1259803771972656,1102.800048828125,37.468747007308274,16382.580078125,119.90070595647276,230.49200439453125,1.1310937404632568,1104.5,37.56441650435585,16382.580078125,3761800.0,19177800,0.0,8.0,28882200.0,93050000.0
2015-09-16,122.28943634033203,229.09100341796875,1.1271796226501465,1119.199951171875,38.52983093261719,16739.94921875,122.49443669388194,231.21499633789062,1.1311602592468262,1119.9000244140625,38.59941235649807,16755.98046875,121.22876045811545,227.40199279785156,1.1214998960494995,1109.800048828125,38.1297476987768,16593.900390625,121.4515910686483,230.25,1.1272940635681152,1109.800048828125,38.242815853670784,16599.509765625,2505000.0,20144200,0.0,31.0,23372200.0,99620000.0
2015-09-17,122.51229095458984,229.80999755859375,1.12920343875885,1117.300048828125,38.486358642578125,16674.740234375,124.70495057605953,230.28500366210938,1.134000301361084,1130.5,39.13866980601165,16933.4296875,122.0577213162198,228.92599487304688,1.1287955045700073,1117.0999755859375,38.33850303808974,16639.9296875,122.43207518320168,229.0760040283203,1.129394769668579,1118.5999755859375,38.52114936757285,16738.080078125,3405600.0,18935400,0.0,14.0,32768200.0,129600000.0
2015-09-18,121.30010223388672,232.97500610351562,1.1400948762893677,1138.0999755859375,37.816654205322266,16384.580078125,122.7262239853299,234.35299682617188,1.1460003852844238,1141.199951171875,38.26022767893899,16674.740234375,119.79376470405741,232.18499755859375,1.1351704597473145,1127.800048828125,37.68619395612572,16343.759765625,120.99705578186915,233.52099609375,1.1406019926071167,1128.300048828125,37.8340495687804,16674.740234375,7302700.0,20242200,0.0,59.0,63143700.0,341690000.0
2015-09-19,,231.4929962158203,,,,,,233.2050018310547,,,,,,231.08900451660156,,,,,,232.85800170898438,,,,,,12712600,,,,
2015-09-20,,231.21200561523438,,,,,,232.36500549316406,,,,,,230.91000366210938,,,,,,231.3990020751953,,,,,,14444700,,,,
2015-09-21,121.23771667480469,227.0850067138672,1.12920343875885,1133.0999755859375,38.36458969116211,16510.189453125,122.5123015992849,231.2169952392578,1.1329994201660156,1138.5,38.67769954184446,16578.599609375,120.27508653299554,226.52099609375,1.118390679359436,1130.800048828125,37.92101629675353,16391.880859375,121.59424031228734,231.2169952392578,1.1293054819107056,1137.5999755859375,37.93841165710541,16406.099609375,2460900.0,19678800,0.0,17.0,26177200.0,90730000.0
2015-09-22,119.42831420898438,230.6179962158203,1.1190940141677856,1125.0,38.18194580078125,16330.4697265625,119.8739754871126,232.38600158691406,1.1209995746612549,1135.0,38.312406034938704,16477.44921875,118.11806896324714,225.11700439453125,1.1130800247192383,1122.5,37.668794250313,16221.73046875,119.8739754871126,226.968994140625,1.1190940141677856,1132.5999755859375,37.729676356485,16477.44921875,3465000.0,25009300,0.0,43.0,28085900.0,119010000.0
2015-09-23,117.36042785644531,230.2830047607422,1.1120749711990356,1131.5999755859375,38.155853271484375,16279.8896484375,120.328533310156,231.8350067138672,1.1190601587295532,1132.199951171875,38.41677707247676,16355.2900390625,117.30695068438772,229.59100341796875,1.110679268836975,1128.300048828125,37.842743383163054,16211.98046875,120.02548693482858,230.93600463867188,1.1121985912322998,1128.5999755859375,38.20803935881331,16332.8095703125,4907500.0,17254100,0.0,33.0,17145200.0,86030000.0
2015-09-24,115.64909362792969,234.5290069580078,1.1189937591552734,1153.800048828125,38.190643310546875,16201.3203125,116.5582463801973,235.6490020751953,1.1296104192733765,1155.9000244140625,38.381988976157324,16257.1103515625,113.35839508973719,230.2949981689453,1.1166696548461914,1133.0,37.634004993672185,16016.3603515625,116.5136775353848,230.35800170898438,1.118806004524231,1133.0,37.79055993502145,16257.1103515625,5297800.0,25097800,0.0,37.0,27905600.0,122220000.0
2015-09-25,116.77214813232422,235.1439971923828,1.1178929805755615,1146.0,38.21673583984375,16314.669921875,117.41390137806619,237.427001953125,1.1204394102096558,1149.800048828125,38.90383773437115,16465.23046875,115.23016411709752,233.6840057373047,1.1118301153182983,1143.4000244140625,38.06018089380393,16205.0703125,117.27130012384661,234.36199951171875,1.1181179285049438,1149.800048828125,38.686400677963206,16205.0703125,4149900.0,22363600,0.0,56.0,29384600.0,130790000.0
2015-09-26,,234.33999633789062,,,,,,235.4029998779297,,,,,,233.35800170898438,,,,,,235.0760040283203,,,,,,13724100,,,,
2015-09-27,,232.7570037841797,,,,,,234.5260009765625,,,,,,232.4759979248047,,,,,,234.13900756835938,,,,,,14179900,,,,
2015-09-28,114.20516204833984,239.14199829101562,1.1201720237731934,1132.0,37.65138244628906,16001.8896484375,116.29976186888595,239.33900451660156,1.1241399049758911,1133.199951171875,38.34718001141459,16313.259765625,114.1160243536346,232.4669952392578,1.1152101755142212,1132.0,37.581801030864256,15981.849609375,116.26411495130547,232.83599853515625,1.120046615600586,1133.199951171875,38.121047046932986,16313.259765625,4160000.0,24713000,0.0,4346.0,27613800.0,139930000.0
2015-09-29,114.75778198242188,236.68699645996094,1.123103380203247,1127.0999755859375,37.78186798095703,16049.1298828125,115.11430557362229,239.802001953125,1.1280303001403809,1134.4000244140625,37.894936197996365,16118.8896484375,113.6168901699767,235.92799377441406,1.1194798946380615,1124.300048828125,37.44266664766575,15942.3701171875,114.18733607619929,239.01600646972656,1.1233556270599365,1132.199951171875,37.72098586051125,16001.759765625,2935100.0,22691300,0.0,2417.0,32763600.0,121160000.0
2015-09-30,116.71868896484375,236.05999755859375,1.1255937814712524,1115.5,38.49506378173828,16284.7001953125,117.12870333528184,237.73399353027344,1.1262022256851196,1126.0,38.529854514972534,16297.599609375,115.5332283030699,235.62899780273438,1.115799903869629,1112.0999755859375,37.9732160545322,16057.080078125,116.11259613954758,236.63999938964844,1.1254037618637085,1124.300048828125,38.164561769493666,16057.080078125,3062500.0,19743500,0.0,865.0,34958900.0,145740000.0
2015-10-01,116.41564178466797,237.5489959716797,1.11720609664917,1114.199951171875,38.79946517944336,16272.009765625,117.46739589239588,238.44500732421875,1.1209995746612549,1119.0,38.921229388577835,16348.8701171875,114.96278163875262,235.61599731445312,1.1138957738876343,1113.300048828125,38.05148124581632,16073.8203125,117.04848679561671,236.00399780273438,1.1171561479568481,1115.199951171875,38.921229388577835,16278.6201171875,2878400.0,20488800,0.0,1181.0,28657900.0,111420000.0
2015-10-02,118.15371704101562,237.29299926757812,1.1193444728851318,1137.0999755859375,39.634429931640625,16472.369140625,118.18045562992553,238.54100036621094,1.1315301656723022,1141.199951171875,39.634429931640625,16472.76953125,114.58842678099461,236.60299682617188,1.115180253982544,1105.800048828125,38.19934390349709,16013.66015625,114.98061088567741,237.26400756835938,1.119494915008545,1112.199951171875,38.50375780046845,16258.25,3020500.0,19677900,0.0,323.0,41839000.0,136870000.0
2015-10-03,,238.72999572753906,,,,,,239.31500244140625,,,,,,236.94400024414062,,,,,,237.20199584960938,,,,,,16482700,,,,
2015-10-04,,238.25900268554688,,,,,,238.96800231933594,,,,,,237.94000244140625,,,,,,238.531005859375,,,,,,12999000,,,,
2015-10-05,119.45504760742188,240.38299560546875,1.1226998567581177,1138.0999755859375,40.55636215209961,16776.4296875,119.57091028635914,240.38299560546875,1.1287994384765625,1141.699951171875,40.782495239071565,16798.369140625,117.07521811767883,237.03500366210938,1.1196954250335693,1132.5,39.747496007679494,16502.099609375,117.90414153074002,238.14700317382812,1.1221455335617065,1137.0999755859375,39.79098275696337,16502.099609375,4587500.0,23335900,0.0,226.0,34369300.0,127660000.0
2015-10-06,119.99874877929688,246.06300354003906,1.1195199489593506,1146.800048828125,40.66073989868164,16790.189453125,120.80984189258287,246.93499755859375,1.1279997825622559,1150.0,41.034731996330976,16865.08984375,119.1430732218009,240.13600158691406,1.1176055669784546,1136.300048828125,40.19977428346006,16746.029296875,119.52634895709127,240.36399841308594,1.119795799255371,1136.300048828125,40.29544714348575,16774.01953125,3059600.0,27535100,0.0,145.0,27017200.0,120010000.0
2015-10-07,122.12901306152344,242.968994140625,1.1267986297607422,1149.0,40.70421600341797,16912.2890625,122.76184442181433,246.68099975585938,1.128426194190979,1152.9000244140625,41.18257686051173,16963.30078125,120.56027675330522,242.5850067138672,1.1214194297790527,1143.0,39.964931344075445,16765.0,120.94355250151837,246.1699981689453,1.1272940635681152,1147.5999755859375,40.96513980566674,16805.419921875,3263800.0,22999200,0.0,104.0,27711500.0,115690000.0
2015-10-08,123.92948150634766,242.3040008544922,1.1239995956420898,1144.699951171875,41.26955032348633,17050.75,124.20580292157895,244.25100708007812,1.1313101053237915,1146.699951171875,41.33043242847531,17081.279296875,121.28226604235029,242.1790008544922,1.123974323272705,1138.699951171875,40.44328891857394,16859.33984375,121.80814308331762,243.0749969482422,1.124201774597168,1142.699951171875,40.49547500191845,16904.169921875,2835700.0,18515300,0.0,138.0,33772700.0,100730000.0
2015-10-09,124.51775360107422,243.93099975585938,1.1286935806274414,1156.300048828125,40.973846435546875,17084.490234375,124.99907537922694,244.22799682617188,1.137869954109192,1157.199951171875,41.34783850184372,17110.880859375,123.32338468573613,242.1219940185547,1.1270017623901367,1151.5999755859375,40.808592121055355,17027.23046875,123.92947747244418,242.4980010986328,1.128604531288147,1151.5999755859375,41.269561015460035,17054.689453125,3065700.0,17353100,0.0,22.0,28600600.0,103730000.0
2015-10-10,,244.9409942626953,,,,,,245.31900024414062,,,,,,243.07400512695312,,,,,,243.74000549316406,,,,,,15912700,,,,
2015-10-11,,247.0500030517578,,,,,,247.2429962158203,,,,,,244.15199279785156,,,,,,244.74200439453125,,,,,,16827300,,,,
2015-10-12,125.39128875732422,245.30799865722656,1.1369967460632324,1164.9000244140625,40.87815856933594,17131.859375,125.73891771629438,247.45399475097656,1.1399999856948853,1166.800048828125,40.93904066773657,17139.2109375,124.17910276925328,245.1790008544922,1.135839581489563,1155.9000244140625,40.44328454200258,17064.580078125,124.72279663716374,246.875,1.1369062662124634,1155.9000244140625,40.86076321010354,17082.2890625,1942200.0,17388300,0.0,40.0,19769100.0,72500000.0
2015-10-13,125.04364013671875,249.50799560546875,1.135550618171692,1165.800048828125,40.78247833251953,17081.890625,125.23082386479508,250.23599243164062,1.1410002708435059,1166.199951171875,40.991219287504514,17172.810546875,124.2771021654835,243.7570037841797,1.1347002983093262,1154.9000244140625,40.49546325196822,17034.44921875,124.28602409570351,245.1999969482422,1.1353960037231445,1163.5,40.49546325196822,17113.55078125,2339700.0,28198500,0.0,132.0,19987800.0,99400000.0
2015-10-14,119.63329315185547,251.98899841308594,1.138498306274414,1180.0999755859375,40.59984588623047,16924.75,125.57841190472799,254.27499389648438,1.1450005769729614,1189.0,40.965138534478115,17111.380859375,119.06284736208886,248.9029998779297,1.138511300086975,1167.300048828125,40.46938233024142,16887.669921875,124.56230491669056,249.4929962158203,1.138511300086975,1172.4000244140625,40.573754502163084,17079.080078125,8752300.0,27462600,0.0,143.0,24697800.0,120110000.0
2015-10-15,122.45879364013672,254.32000732421875,1.147552251815796,1187.9000244140625,40.88684844970703,17141.75,122.70836284375949,255.96200561523438,1.1494200229644775,1188.300048828125,40.90424380632702,17144.419921875,120.32853348032,252.04600524902344,1.1365302801132202,1177.800048828125,40.46936984430245,16933.5703125,120.47114833967632,252.10699462890625,1.1474995613098145,1184.199951171875,40.88684844970703,16944.859375,6368300.0,25223500,0.0,143.0,27189400.0,122960000.0
2015-10-16,122.64599609375,262.8689880371094,1.1368157863616943,1183.5999755859375,41.32173538208008,17215.970703125,123.65318139074553,266.135009765625,1.1399999856948853,1184.0999755859375,41.347830084113355,17220.01953125,121.68336604667626,253.92599487304688,1.1339398622512817,1176.199951171875,40.79119176885247,17107.349609375,122.49445928220285,254.29600524902344,1.1366994380950928,1182.5,40.89556062350737,17141.75,3173700.0,35901500,0.0,243.0,26450300.0,145880000.0
2015-10-17,,270.6400146484375,,,,,,273.5780029296875,,,,,,262.36700439453125,,,,,,262.74700927734375,,,,,,43199600,,,,
2015-10-18,,261.64300537109375,,,,,,271.6679992675781,,,,,,260.7770080566406,,,,,,270.9070129394531,,,,,,22434300,,,,
2015-10-19,123.37684631347656,263.43701171875,1.1361054182052612,1173.300048828125,41.41740798950195,17230.5390625,123.5461997473926,264.82000732421875,1.1379995346069336,1177.800048828125,41.643544377488915,17235.94921875,121.56746290990095,260.95098876953125,1.1308494806289673,1169.300048828125,40.89556040123767,17129.189453125,122.64596900981333,261.8609924316406,1.1360021829605103,1176.5,41.24345768747184,17209.4296875,4022000.0,25258800,0.0,62.0,29387600.0,118430000.0
2015-10-20,123.78688049316406,269.4630126953125,1.132900595664978,1178.0,41.54786682128906,17217.109375,124.72275829326334,270.8349914550781,1.1390001773834229,1179.0999755859375,41.58265754130442,17264.880859375,122.62815845434731,263.22698974609375,1.1325798034667969,1168.699951171875,40.895555751216584,17147.990234375,122.94903511739652,263.5719909667969,1.1331958770751953,1168.699951171875,41.26084835790085,17228.470703125,4202600.0,30889800,0.0,19.0,30802200.0,106670000.0
2015-10-21,125.84584045410156,266.2720031738281,1.1353960037231445,1167.5999755859375,41.05210494995117,17168.609375,126.70150253643065,270.7699890136719,1.1378000974655151,1176.4000244140625,41.739206644242884,17314.990234375,121.76358130158405,263.8389892578125,1.13379967212677,1164.9000244140625,40.97382749974293,17153.130859375,126.30041008530742,269.3059997558594,1.1356022357940674,1175.9000244140625,41.67832123379185,17225.9296875,8927200.0,25637300,0.0,41.0,25144300.0,107100000.0
2015-10-22,130.409423828125,274.02301025390625,1.134803295135498,1166.5999755859375,41.77400207519531,17489.16015625,131.34531539590847,276.510009765625,1.1352026462554932,1168.5999755859375,42.574172088741825,17505.1796875,126.50542599705948,266.135009765625,1.113800287246704,1163.5,40.956440018546914,17180.880859375,126.56782511514749,266.4960021972656,1.1347002983093262,1166.199951171875,41.339128005479516,17180.880859375,6976300.0,37808600,0.0,48.0,56637100.0,152420000.0
2015-10-23,130.75701904296875,276.4960021972656,1.108094573020935,1163.300048828125,45.98358917236328,17646.69921875,131.69291046689503,278.6839904785156,1.1140943765640259,1178.699951171875,47.02728773873969,17679.369140625,129.16155761781118,273.5429992675781,1.1011033058166504,1163.300048828125,45.444346184902216,17525.109375,131.35420353620665,273.64898681640625,1.1084016561508179,1166.199951171875,45.48783293395409,17525.109375,4691200.0,29442500,0.0,38.0,135227100.0,158090000.0
2015-10-24,,281.65399169921875,,,,,,281.70599365234375,,,,,,276.5039978027344,,,,,,276.5039978027344,,,,,,25942400,,,,
2015-10-25,,283.67999267578125,,,,,,294.0589904785156,,,,,,281.44500732421875,,,,,,281.44500732421875,,,,,,45717100,,,,
2015-10-26,130.75701904296875,285.29998779296875,1.1020376682281494,1167.0,47.183841705322266,17623.05078125,131.2294189197167,285.29998779296875,1.1060001850128174,1170.0,47.24472381629013,17660.69921875,129.73200352183716,280.510009765625,1.1006003618240356,1163.800048828125,45.66178229547316,17602.509765625,130.32027968550548,283.62799072265625,1.1020376682281494,1165.0999755859375,45.68787368079476,17649.5703125,3143400.0,32108800,0.0,176.0,64633300.0,116660000.0
2015-10-27,132.3257598876953,293.7879943847656,1.1065986156463623,1166.800048828125,46.69677734375,17581.4296875,132.7981597801807,296.2120056152344,1.107800006866455,1166.800048828125,47.28820635579469,17635.1796875,130.14200862561717,285.00799560546875,1.1031999588012695,1162.0,46.60110783347664,17540.5703125,130.32919235683949,285.1809997558594,1.106096863746643,1164.5,46.95770444504836,17608.890625,3411300.0,46331800,0.0,302.0,50999900.0,113960000.0
2015-10-28,131.80880737304688,304.6180114746094,1.1037039756774902,1177.0999755859375,46.94900894165039,17779.51953125,132.63773096929327,306.33099365234375,1.1099998950958252,1182.699951171875,46.94900894165039,17779.94921875,129.36657823912338,293.7030029296875,1.1027060747146606,1175.0999755859375,45.97489185544046,17556.7109375,131.90685341566254,293.7030029296875,1.103594422340393,1175.0999755859375,46.56632091581018,17586.689453125,4408300.0,50808100,0.0,217.0,47000800.0,115630000.0
2015-10-29,131.1848602294922,313.8550109863281,1.0928961038589478,1147.199951171875,46.409767150878906,17755.80078125,131.79987502999762,318.1700134277344,1.0981999635696411,1162.0,46.818549890083546,17786.0,129.98158282026802,301.822998046875,1.0910003185272217,1144.9000244140625,46.28800292673104,17684.720703125,131.50573692538615,304.3240051269531,1.0925976037979126,1158.0,46.5663221013051,17771.5,3072100.0,64495900,0.0,329.0,30202100.0,90300000.0
2015-10-30,131.97811889648438,328.0150146484375,1.0993843078613281,1141.5,45.78355407714844,17663.5390625,133.3418411279784,334.16900634765625,1.107200264930725,1147.5999755859375,46.9577163778901,17799.9609375,131.104613121677,313.94000244140625,1.0969964265823364,1139.199951171875,45.766158711452995,17662.869140625,131.38092089922793,313.9429931640625,1.099203109741211,1147.5,46.37498323948644,17756.599609375,3938000.0,78305000,0.0,249.0,46619800.0,149250000.0
2015-10-31,,314.1659851074219,,,,,,332.7770080566406,,,,,,309.2510070800781,,,,,,328.5119934082031,,,,,,48598100,,,,
2015-11-01,,325.4309997558594,,,,,,327.47198486328125,,,,,,311.8810119628906,,,,,,315.0050048828125,,,,,,37001100,,,,
2015-11-02,132.2722625732422,361.1889953613281,1.102596640586853,1135.800048828125,46.30538558959961,17828.759765625,133.2259842414727,365.3599853515625,1.1060001850128174,1138.699951171875,46.40975442198287,17845.900390625,131.5235548863434,323.2090148925781,1.1004005670547485,1132.5999755859375,45.766139433664506,17655.01953125,132.25444591438955,325.9419860839844,1.1024993658065796,1137.9000244140625,45.96618107815965,17672.619140625,2516700.0,101918000,0.0,180.0,30285000.0,100840000.0
2015-11-03,131.99594116210938,403.4169921875,1.1016006469726562,1114.199951171875,47.09687042236328,17918.150390625,132.32573972396048,417.8999938964844,1.1031999588012695,1134.699951171875,47.305608150398164,17977.849609375,131.14918753671088,357.6470031738281,1.0937999486923218,1114.199951171875,46.00968507852134,17796.01953125,131.94246399005286,361.87298583984375,1.1016976833343506,1133.300048828125,46.03577646506911,17819.740234375,2470000.0,206162000,0.0,185.0,36596900.0,92290000.0
2015-11-04,132.9017791748047,411.56298828125,1.0963950157165527,1106.5,47.31429672241211,17867.580078125,133.4129672331292,495.56201171875,1.0966956615447998,1121.9000244140625,47.73177540129023,17964.119140625,131.9959684411247,380.5480041503906,1.084799885749817,1106.5,47.018582243478576,17828.830078125,132.06771677440793,403.66400146484375,1.0965032577514648,1119.0,47.1229510837417,17929.580078125,2771500.0,263900000,0.0,141.0,37087800.0,99890000.0
2015-11-05,132.70445251464844,386.35400390625,1.0868029594421387,1104.4000244140625,47.296905517578125,17863.4296875,133.48469327131764,447.5610046386719,1.0900002717971802,1110.699951171875,47.57522466127945,17929.509765625,131.37714278208887,374.58099365234375,1.0837054252624512,1104.4000244140625,46.96640029024809,17779.189453125,132.901756977074,408.0769958496094,1.0866022109985352,1107.9000244140625,47.39257834531781,17871.25,2545400.0,151824992,0.0,84.0,31468500.0,98910000.0
2015-11-06,132.6775360107422,374.4700012207031,1.0883997678756714,1087.5999755859375,47.766571044921875,17910.330078125,132.88380386202851,395.83599853515625,1.0895025730133057,1109.5,47.81875713297092,17912.0390625,130.94664042459814,354.0249938964844,1.0711684226989746,1084.800048828125,46.9316135430942,17768.599609375,131.45784203361103,388.0469970703125,1.0884946584701538,1105.199951171875,47.044681741620714,17855.220703125,2294100.0,122687000,0.0,78.0,32851200.0,107450000.0
2015-11-07,,386.48199462890625,,,,,,390.58599853515625,,,,,,372.4330139160156,,,,,,374.2690124511719,,,,,,56625100,,,,
2015-11-08,,373.3680114746094,,,,,,389.8949890136719,,,,,,368.70001220703125,,,,,,384.27801513671875,,,,,,51817600,,,,
2015-11-09,130.9197235107422,380.2569885253906,1.0733413696289062,1087.9000244140625,47.105567932128906,17730.48046875,132.26497348343463,385.27801513671875,1.0790001153945923,1088.5999755859375,47.72308843064445,17900.779296875,130.2022541217215,362.8949890136719,1.072995901107788,1087.9000244140625,46.58372027774352,17667.779296875,131.7448085185094,374.3240051269531,1.0732377767562866,1088.5999755859375,47.44476923926205,17900.779296875,2980800.0,68224400,0.0,5.0,32513100.0,121210000.0
2015-11-10,130.17539978027344,336.8190002441406,1.0759514570236206,1088.199951171875,46.54022216796875,17758.2109375,131.06327002675243,381.3869934082031,1.0762755870819092,1091.300048828125,47.079468411209,17768.66015625,129.17095046396264,329.1080017089844,1.0676004886627197,1085.0,46.33148446940715,17657.720703125,130.2919925347008,379.9840087890625,1.0759745836257935,1090.0999755859375,47.02728232765565,17724.130859375,2524100.0,95797904,0.0,18.0,55283700.0,108640000.0
2015-11-11,130.03189086914062,311.0840148925781,1.0737563371658325,1084.699951171875,46.6619873046875,17702.220703125,130.78522770616988,340.5849914550781,1.0772960186004639,1091.4000244140625,47.14034810035174,17807.1796875,129.61037803981867,300.99700927734375,1.0708003044128418,1084.199951171875,46.49673304081797,17696.91015625,130.22021823610152,339.82000732421875,1.0738024711608887,1091.4000244140625,46.70547404650684,17769.5,1579600.0,107070000,0.0,15.0,36516300.0,95230000.0
2015-11-12,127.83464050292969,338.1520080566406,1.0762988328933716,1080.800048828125,46.37496566772461,17448.0703125,129.50275135292966,345.08099365234375,1.0799999237060547,1086.5999755859375,46.94899924686229,17691.9296875,126.9826514186196,313.3559875488281,1.0693997144699097,1080.800048828125,46.261897492459845,17443.5,128.24718993232457,314.0790100097656,1.0764957666397095,1086.0,46.51412522273297,17691.9296875,3796800.0,78477800,0.0,4.0,35361100.0,113660000.0
2015-11-13,127.87948608398438,336.75299072265625,1.0815019607543945,1080.800048828125,45.957489013671875,17245.240234375,129.0453723764032,340.91400146484375,1.0811045169830322,1085.9000244140625,46.34887631607939,17439.25,127.22480145758192,326.07501220703125,1.072199821472168,1080.800048828125,45.68786591249656,17238.890625,127.64631429933792,338.49798583984375,1.080894112586975,1083.0999755859375,46.15753067538557,17439.25,3063800.0,52003000,0.0,23.0,36848200.0,134640000.0
2015-11-14,,332.906005859375,,,,,,338.1809997558594,,,,,,329.9700012207031,,,,,,336.6239929199219,,,,,,38612000,,,,
2015-11-15,,320.1659851074219,,,,,,334.6619873046875,,,,,,317.489990234375,,,,,,333.0509948730469,,,,,,44213100,,,,
2015-11-16,129.52069091796875,330.7510070800781,1.06999933719635,1083.699951171875,46.76634216308594,17483.009765625,129.59243923928355,331.6260070800781,1.0759999752044678,1092.4000244140625,46.870710975805885,17483.009765625,127.64631220912159,315.9049987792969,1.070102334022522,1083.699951171875,45.966172418033715,17210.4296875,127.87052058150789,319.7349853515625,1.070102334022522,1092.0,46.16621734266532,17229.939453125,2378300.0,47980100,0.0,11.0,32165200.0,137590000.0
2015-11-17,131.00946044921875,335.093994140625,1.068798542022705,1068.699951171875,46.38109588623047,17489.5,131.46684068152402,338.3500061035156,1.069198489189148,1075.800048828125,46.871435698626776,17599.330078125,129.71801781142105,329.614013671875,1.064400553703308,1065.0999755859375,46.27602020626887,17451.41015625,130.30095420659023,330.36199951171875,1.0689013004302979,1075.5,46.55621533912089,17486.990234375,3038300.0,51001600,0.0,6.0,31551300.0,167190000.0
2015-11-18,132.98245239257812,334.5899963378906,1.0643846988677979,1068.800048828125,47.15162658691406,17737.16015625,133.08110461168832,336.531005859375,1.0691996812820435,1071.9000244140625,47.26545689319746,17752.16015625,131.14394122802932,330.6400146484375,1.063230276107788,1064.0,46.389846346809534,17485.490234375,131.1529183199611,334.5929870605469,1.0643960237503052,1064.0,46.40735895855999,17485.490234375,3101100.0,43783800,0.0,5.0,29710000.0,106810000.0
2015-11-19,133.8434600830078,326.14898681640625,1.066996693611145,1078.0,47.23043441772461,17732.75,134.05869140284554,335.3340148925781,1.0734001398086548,1082.4000244140625,47.86087511666564,17772.970703125,132.9645532450184,325.27301025390625,1.067000150680542,1077.4000244140625,47.09033685575875,17681.98046875,133.43987398912085,334.6789855957031,1.0673041343688965,1077.4000244140625,47.274217619742785,17739.830078125,2492600.0,45011100,0.0,10.0,28149200.0,114630000.0
2015-11-20,133.9869384765625,322.0220031738281,1.0726161003112793,1076.4000244140625,47.449337005615234,17823.810546875,135.05417268283784,326.4729919433594,1.0730005502700806,1082.9000244140625,47.54565470562754,17914.33984375,133.73582615562654,312.2170104980469,1.0664005279541016,1076.4000244140625,46.64377686040203,17732.75,134.38154746220332,326.4110107421875,1.0726966857910156,1082.9000244140625,47.501874843855404,17732.75,3210200.0,53152900,0.0,5.0,37147600.0,153140000.0
2015-11-21,,326.927001953125,,,,,,328.15899658203125,,,,,,319.5950012207031,,,,,,322.0920104980469,,,,,,28200500,,,,
2015-11-22,,324.5360107421875,,,,,,327.010009765625,,,,,,321.2590026855469,,,,,,326.9750061035156,,,,,,23439400,,,,
2015-11-23,133.03627014160156,323.0459899902344,1.0641014575958252,1066.800048828125,47.449337005615234,17792.6796875,134.2559641759694,325.1180114746094,1.0653995275497437,1071.5,47.685752267411985,17868.1796875,132.4712743759479,321.2900085449219,1.0602991580963135,1066.800048828125,47.06406954575535,17751.529296875,133.9779479971475,324.3500061035156,1.0639996528625488,1070.0,47.501874843855404,17823.609375,3183700.0,27478900,0.0,57.0,28235900.0,134680000.0
2015-11-24,133.3142852783203,320.0459899902344,1.0642033815383911,1074.300048828125,47.50187301635742,17812.189453125,134.15731090079842,323.0580139160156,1.0672005414962769,1079.4000244140625,47.66823782076687,17862.599609375,132.03182002872356,318.1180114746094,1.0623831748962402,1073.199951171875,46.9152155427642,17683.509765625,132.27396888902078,323.0140075683594,1.063897728919983,1073.199951171875,47.21291992743714,17770.900390625,2626600.0,29362600,0.0,222.0,24600000.0,127170000.0
2015-11-25,132.22015380859375,328.20599365234375,1.0643846988677979,1070.5,47.011531829833984,17813.390625,133.76270849387046,329.1340026855469,1.0689996480941772,1072.0,47.48436235465773,17854.919921875,132.1753230821254,316.7699890136719,1.0576001405715942,1068.5,47.011531829833984,17801.830078125,133.66405626337277,320.0450134277344,1.0643960237503052,1070.199951171875,47.36177740530106,17820.810546875,1852200.0,41666900,0.0,148662.0,21005100.0,82540000.0
2015-11-26,,352.6839904785156,1.0624960660934448,,,,,366.7569885253906,1.0629997253417969,,,,,328.22900390625,1.0602003335952759,,,,,328.3030090332031,1.0624960660934448,,,,,106105000,0.0,,,
2015-11-27,131.7896728515625,358.0419921875,1.0604453086853027,1056.199951171875,47.221683502197266,17813.390625,132.70444680301873,363.5889892578125,1.06380033493042,1074.199951171875,47.35302643822207,17830.359375,131.54752398817268,347.8699951171875,1.0569998025894165,1051.0999755859375,47.09909854334191,17749.3203125,132.28293398639636,351.8609924316406,1.0604453086853027,1070.699951171875,47.10785318032174,17806.0390625,1282100.0,55179100,0.0,52133.0,9009100.0,82540000.0
2015-11-28,,357.3810119628906,,,,,,359.5360107421875,,,,,,352.1719970703125,,,,,,357.1409912109375,,,,,,36816600,,,,
2015-11-29,,371.29400634765625,,,,,,371.9389953613281,,,,,,355.6659851074219,,,,,,357.47198486328125,,,,,,40409300,,,,
2015-11-30,130.44442749023438,377.3210144042969,1.0583018064498901,1065.800048828125,47.589420318603516,17719.919921875,132.06769390648256,382.3630065917969,1.0597037076950073,1068.4000244140625,48.123543156793616,17837.240234375,130.36371576098946,370.38299560546875,1.056400179862976,1052.0999755859375,47.2829580377674,17719.7890625,131.80761821738463,371.43701171875,1.0583018064498901,1056.5,47.75578841979028,17802.83984375,3176700.0,71701600,0.0,4601.0,56241400.0,155560000.0
2015-12-01,132.4982147216797,362.4880065917969,1.0572947263717651,1063.800048828125,48.35121536254883,17888.349609375,133.98694825167004,378.9309997558594,1.0639996528625488,1074.5999755859375,48.359969998315385,17895.5,131.35923209995664,356.56298828125,1.056602120399475,1063.4000244140625,47.54565192427066,17719.720703125,131.42200334247258,377.41400146484375,1.0572947263717651,1064.5999755859375,47.64196961864851,17719.720703125,3444300.0,60452200,0.0,3441.0,39952800.0,103880000.0
2015-12-02,131.79864501953125,359.18701171875,1.0625863075256348,1054.199951171875,48.34244918823242,17729.6796875,132.75824965999547,362.23199462890625,1.0639996528625488,1069.5,48.99915698559537,17901.580078125,131.27847999537818,349.4649963378906,1.0562005043029785,1049.5999755859375,48.21110963287298,17708.19921875,132.32777345140366,361.8450012207031,1.062699317932129,1068.699951171875,48.43876686627583,17883.140625,2648800.0,54160500,0.0,503.0,47274900.0,102860000.0
2015-12-03,130.54307556152344,361.0459899902344,1.0613007545471191,1061.699951171875,47.45808029174805,17477.669921875,132.39952738256457,370.2749938964844,1.0892000198364258,1064.5999755859375,48.832788235035295,17780.58984375,129.39512983352805,357.4119873046875,1.0541995763778687,1046.199951171875,47.22166510313206,17425.560546875,131.8793623363491,359.33099365234375,1.0611993074417114,1054.4000244140625,48.58761841285056,17741.5703125,3008700.0,50714900,0.0,1161.0,38627800.0,126990000.0
2015-12-04,133.1797637939453,363.1830139160156,1.0915957689285278,1084.5,48.95539093017578,17847.630859375,133.43087605852006,363.5159912109375,1.0951943397521973,1088.800048828125,49.23558606879876,17866.470703125,131.01839195244855,355.7569885253906,1.0857999324798584,1058.699951171875,47.37053446343554,17482.6796875,131.25157740140514,361.2619934082031,1.0918341875076294,1063.0,47.38804707712317,17482.6796875,3892900.0,35784100,0.0,889.0,43963700.0,137650000.0
2015-12-05,,388.9490051269531,,,,,,389.7850036621094,,,,,,363.22900390625,,,,,,363.72100830078125,,,,,,66282200,,,,
2015-12-06,,388.7829895019531,,,,,,402.8089904785156,,,,,,387.0889892578125,,,,,,389.55499267578125,,,,,,77762000,,,,
2015-12-07,133.1349334716797,395.5360107421875,1.0883997678756714,1076.4000244140625,48.867820739746094,17730.509765625,134.0766114057626,399.968994140625,1.0883049964904785,1086.5,49.00791827906391,17845.490234375,132.12152089835035,385.4110107421875,1.0798004865646362,1067.4000244140625,48.41250290191601,17639.25,133.00041391735078,389.9779968261719,1.0883049964904785,1084.9000244140625,48.850308129807765,17845.490234375,3417700.0,63455800,0.0,656.0,30709800.0,99670000.0
2015-12-08,130.03189086914062,415.56298828125,1.0834001302719116,1076.300048828125,48.850311279296875,17568.0,132.0407891012186,415.56298828125,1.0900002717971802,1078.4000244140625,49.121748400369086,17703.990234375,129.72695708640634,389.95001220703125,1.0831419229507446,1069.5999755859375,48.14982353754581,17485.390625,131.67309777562116,395.7539978027344,1.0835996866226196,1071.0,48.57011618259645,17703.990234375,5021100.0,57801400,0.0,306.0,32878000.0,113720000.0
2015-12-09,129.35926818847656,417.56298828125,1.0893957614898682,1077.5999755859375,48.14106750488281,17492.30078125,130.65967401873718,423.1199951171875,1.099000096321106,1086.0,48.92036035779481,17767.689453125,127.59250510933457,406.2909851074219,1.0881984233856201,1070.5999755859375,47.72952947866175,17403.509765625,129.6821287939186,414.4410095214844,1.0895025730133057,1075.0999755859375,48.482555084007025,17558.1796875,5124600.0,90917200,0.0,386.0,36373200.0,122020000.0
2015-12-10,131.3053741455078,415.47900390625,1.1017948389053345,1073.0999755859375,48.39499282836914,17574.75,132.247051900555,419.5090026855469,1.1023049354553223,1076.300048828125,48.73648038959194,17697.740234375,129.28749910665996,411.5480041503906,1.092799425125122,1071.699951171875,48.167332227427956,17474.66015625,129.7000347845646,417.9880065917969,1.1016976833343506,1073.0,48.50006515331716,17493.169921875,3278500.0,52138900,0.0,226.0,31775800.0,107310000.0
2015-12-11,129.7000732421875,451.93798828125,1.0948106050491333,1076.9000244140625,47.335506439208984,17265.2109375,130.6686551901815,451.93798828125,1.1030004024505615,1079.4000244140625,48.246138851575566,17574.75,128.89292846115663,415.281005859375,1.0928006172180176,1064.4000244140625,47.291723240571635,17230.5,130.04087439553584,415.281005859375,1.0947985649108887,1067.800048828125,47.904651279414466,17574.75,3684700.0,110944000,0.0,410.0,39549500.0,134510000.0
2015-12-12,,434.99700927734375,,,,,,469.1029968261719,,,,,,410.7409973144531,,,,,,452.3349914550781,,,,,,131969000,,,,
2015-12-13,,433.7550048828125,,,,,,441.67999267578125,,,,,,426.26800537109375,,,,,,431.6600036621094,,,,,,55050600,,,,
2015-12-14,128.24720764160156,444.1820068359375,1.0983941555023193,1064.699951171875,48.281166076660156,17368.5,129.59245807140857,447.1419982910156,1.1040000915527344,1076.699951171875,48.342458549067366,17378.01953125,126.86608988822151,430.45599365234375,1.0947027206420898,1060.0,47.002775451896575,17138.470703125,129.59245807140857,433.2720031738281,1.098997712135315,1074.0,47.57192365589408,17277.109375,4845000.0,130496000,0.0,509.0,46768900.0,142540000.0
2015-12-15,131.41302490234375,465.3210144042969,1.0992997884750366,1062.9000244140625,48.333709716796875,17524.91015625,131.92422661746082,465.3210144042969,1.107000470161438,1066.199951171875,48.94663785465602,17627.630859375,129.25165266524613,443.87799072265625,1.0922002792358398,1061.800048828125,48.23739200853748,17341.1796875,130.63278405779096,443.87799072265625,1.0992271900177002,1064.5999755859375,48.73648982389102,17374.779296875,4705300.0,83121104,0.0,220.0,39843000.0,123430000.0
2015-12-16,132.8300018310547,454.9339904785156,1.0936251878738403,1078.0,49.148014068603516,17749.08984375,133.2784185526929,465.2080078125,1.0958002805709839,1078.699951171875,49.25308638430386,17784.359375,131.14395057862546,443.85101318359375,1.0913218259811401,1064.300048828125,47.94842538195217,17483.6796875,132.71340910435922,465.2080078125,1.0936013460159302,1064.800048828125,48.63140378447616,17530.849609375,3316000.0,107944000,0.0,81.0,37503300.0,123790000.0
2015-12-17,130.54307556152344,456.0780029296875,1.087453007698059,1050.800048828125,48.77151107788086,17495.83984375,134.34565433837855,457.8599853515625,1.0888975858688354,1072.5999755859375,49.72592676528967,17796.759765625,130.48926774374124,448.8580017089844,1.0833531618118286,1050.5,48.622655539013394,17493.5,133.4936652927778,454.7770080566406,1.0874056816101074,1072.5999755859375,49.349413940152935,17756.5390625,3448800.0,47978400,0.0,56.0,41280900.0,115780000.0
2015-12-18,125.17999267578125,463.6159973144531,1.0844104290008545,1066.199951171875,47.39680099487305,17128.55078125,129.51169912300753,465.177001953125,1.0870002508163452,1070.300048828125,49.03419182225611,17496.580078125,124.56117551409321,454.94000244140625,1.0805997848510742,1052.699951171875,47.30923793393404,17124.310546875,129.51169912300753,455.84698486328125,1.0843987464904785,1053.699951171875,48.832801792380266,17495.0390625,9952000.0,60220100,0.0,253.0,84684200.0,344560000.0
2015-12-19,,462.3219909667969,,,,,,465.58099365234375,,,,,,456.7650146484375,,,,,,463.552001953125,,,,,,47892700,,,,
2015-12-20,,442.68499755859375,,,,,,462.6449890136719,,,,,,434.3380126953125,,,,,,462.2340087890625,,,,,,75409400,,,,
2015-12-21,126.36383819580078,438.6390075683594,1.0869920253753662,1081.9000244140625,48.00971984863281,17251.619140625,127.29655272515207,444.72900390625,1.091999888420105,1081.9000244140625,48.46503431739338,17272.359375,125.28764070274387,427.31201171875,1.0852001905441284,1070.199951171875,47.48435160437365,17116.73046875,125.7450345586234,442.8380126953125,1.0870156288146973,1070.199951171875,48.05349970060726,17154.939453125,3746400.0,77639696,0.0,26.0,37246300.0,114910000.0
2015-12-22,127.691162109375,436.5719909667969,1.09129798412323,1074.800048828125,48.46504211425781,17417.26953125,128.05885345560318,443.68798828125,1.0984002351760864,1078.5999755859375,48.578872419854825,17451.109375,126.00511069748461,435.5159912109375,1.0905005931854248,1073.800048828125,47.720774490391584,17242.859375,127.09924869652919,437.4360046386719,1.091202735900879,1078.5999755859375,48.149825125217774,17253.55078125,2791700.0,50840400,0.0,106.0,28322200.0,91570000.0
2015-12-23,129.1978302001953,442.4010009765625,1.0950024127960205,1069.4000244140625,48.87657928466797,17602.609375,129.20680729322237,444.52899169921875,1.095494270324707,1074.800048828125,48.929117118685895,17607.919921875,128.07678833925428,436.6189880371094,1.0884946584701538,1069.4000244140625,48.54384634959927,17427.630859375,128.3189372129036,436.7200012207031,1.0950024127960205,1074.5,48.7715069568212,17427.630859375,3353900.0,47161400,0.0,202.0,27279800.0,92820000.0
2015-12-24,128.72250366210938,454.9849853515625,1.0909169912338257,1077.199951171875,48.7452507019043,17552.169921875,129.0812315673761,458.45599365234375,1.0966956615447998,1077.800048828125,48.9991786307011,17606.33984375,128.5700436181414,443.0769958496094,1.0910003185272217,1073.5,48.535105984423545,17543.94921875,128.78528857205688,443.09100341796875,1.0910003185272217,1074.300048828125,48.911618888449134,17593.259765625,1185000.0,57157200,0.0,24.0,9558500.0,40350000.0
2015-12-25,,455.65301513671875,1.0969964265823364,,,,,458.30499267578125,1.0975021123886108,,,,,452.07501220703125,1.0947027206420898,,,,,454.8550109863281,1.0965152978897095,,,,,39078500,0.0,,,
2015-12-26,,417.27398681640625,,,,,,457.489013671875,,,,,,405.760009765625,,,,,,455.7560119628906,,,,,,116166000,,,,
2015-12-27,,422.822998046875,,,,,,424.0069885253906,,,,,,408.88299560546875,,,,,,416.5140075683594,,,,,,53591200,,,,
2015-12-28,129.62831115722656,422.27899169921875,1.0965994596481323,1070.5,48.99040603637695,17528.26953125,129.74490389407427,429.7690124511719,1.0999999046325684,1098.800048828125,48.99040603637695,17536.900390625,128.11267400117418,418.4809875488281,1.0958002805709839,1070.5,48.14106281903951,17437.33984375,128.48036534464376,423.3429870605469,1.0965994596481323,1077.9000244140625,48.46503775485519,17535.66015625,1980000.0,49638600,0.0,361.0,22458300.0,59770000.0
2015-12-29,132.14842224121094,432.9830017089844,1.0975261926651,1077.5,49.51577377319336,17720.98046875,132.3367496136117,432.9830017089844,1.0999999046325684,1079.699951171875,49.778456258689936,17750.01953125,130.04085803372362,420.62701416015625,1.0910003185272217,1077.5,49.08672649292639,17547.369140625,130.09466585440956,422.0979919433594,1.0976948738098145,1079.0999755859375,49.2881165098134,17547.369140625,3133600.0,51596500,0.0,252.0,27731400.0,69860000.0
2015-12-30,131.3053741455078,426.6199951171875,1.0928006172180176,1060.0999755859375,49.30563735961914,17603.869140625,132.73133588865846,434.3869934082031,1.0950000286102295,1070.199951171875,49.717172097593384,17714.130859375,130.94663259451363,422.0840148925781,1.0910003185272217,1059.699951171875,49.288124745634555,17588.869140625,132.0318069699585,433.29998779296875,1.0928006172180176,1068.5999755859375,49.445734931306255,17711.939453125,1619000.0,46889400,0.0,71.0,21704500.0,59760000.0
2015-12-31,129.67315673828125,430.5669860839844,1.093398094177246,1060.300048828125,48.5788688659668,17425.029296875,130.90182797914582,432.9209899902344,1.093900442123413,1062.0,49.200551503027675,17590.66015625,129.59244500493358,418.7349853515625,1.0865998268127441,1058.5,48.52633103487574,17421.16015625,130.90182797914582,425.875,1.0938047170639038,1061.9000244140625,49.069211935583354,17590.66015625,2105200.0,45996600,0.0,10.0,27334100.0,93690000.0
2016-01-01,,434.3340148925781,1.0859060287475586,,,,,436.2460021972656,1.0866966247558594,,,,,427.5150146484375,1.0859060287475586,,,,,430.72100830078125,1.0859060287475586,,,,,36278900,0.0,,,
2016-01-02,,433.43798828125,,,,,,436.06201171875,,,,,,431.8699951171875,,,,,,434.62200927734375,,,,,,30096600,,,,
2016-01-03,,430.010986328125,,,,,,433.7430114746094,,,,,,424.70599365234375,,,,,,433.5780029296875,,,,,,39633800,,,,
2016-01-04,126.00511932373047,433.09100341796875,1.0853991508483887,1075.0999755859375,47.98345947265625,17148.939453125,127.08131689420284,434.5169982910156,1.094599723815918,1082.5,47.98345947265625,17405.48046875,125.04550081436784,429.0840148925781,1.0805997848510742,1063.199951171875,46.74884867928611,16957.630859375,126.79433726155433,430.0610046386719,1.0855052471160889,1063.4000244140625,47.56316679195464,17405.48046875,5719500.0,38477500,0.0,143.0,53778000.0,148060000.0
2016-01-05,126.51632690429688,431.9599914550781,1.0827549695968628,1078.4000244140625,48.202362060546875,17158.66015625,127.08132278634912,434.1820068359375,1.0841047763824463,1081.5,48.50006979320474,17195.83984375,125.35044044698088,429.6759948730469,1.0712006092071533,1075.300048828125,47.755802131654725,17038.609375,126.44457857165948,433.0690002441406,1.082602620124817,1075.5999755859375,48.09728972554683,17147.5,3357000.0,34522600,0.0,82.0,34079700.0,105750000.0
2016-01-06,124.50739288330078,429.1050109863281,1.0751993656158447,1091.9000244140625,47.32674026489258,16906.509765625,124.97375012163805,431.8559875488281,1.0772031545639038,1093.699951171875,47.63320590131883,17154.830078125,123.09935775999908,426.34100341796875,1.072199821472168,1081.5999755859375,46.96774014350472,16817.619140625,124.50739288330078,431.8559875488281,1.0751993656158447,1081.5999755859375,47.56315546778534,17154.830078125,4254100.0,34042500,0.0,52.0,39518900.0,120250000.0
2016-01-07,119.28782653808594,458.0480041503906,1.0778998136520386,1107.699951171875,45.68060302734375,16514.099609375,122.57024064232849,458.7659912109375,1.0875996351242065,1109.4000244140625,46.83641208292169,16888.359375,118.83940975940561,429.0769958496094,1.0774004459381104,1091.5999755859375,45.59304330413132,16463.630859375,122.31016493191528,430.010986328125,1.0777952671051025,1091.5999755859375,46.144678912899764,16888.359375,7013700.0,87562200,0.0,122.0,56564900.0,176240000.0
2016-01-08,116.57937622070312,453.2300109863281,1.0925976037979126,1097.800048828125,45.820701599121094,16346.4501953125,121.1621953488516,462.9339904785156,1.0928961038589478,1111.0999755859375,46.65252894791451,16651.890625,116.40897568863517,447.93798828125,1.0808006525039673,1093.0,45.66309143320064,16314.5703125,119.90662040364064,457.5379943847656,1.0927051305770874,1111.0999755859375,45.85572348251184,16519.169921875,5776900.0,56993000,0.0,98.0,48754000.0,141850000.0
2016-01-09,,447.6109924316406,,,,,,454.6400146484375,,,,,,446.8890075683594,,,,,,453.38299560546875,,,,,,32278000,,,,
2016-01-10,,447.9909973144531,,,,,,448.3089904785156,,,,,,440.35101318359375,,,,,,448.2380065917969,,,,,,35995900,,,,
2016-01-11,116.77667999267578,448.4280090332031,1.0941038131713867,1096.5,45.79441833496094,16398.5703125,117.48517233899611,450.6619873046875,1.0945948362350464,1107.9000244140625,46.27600333521486,16461.849609375,115.61975727344735,443.8550109863281,1.0852001905441284,1096.5,45.05890554432628,16232.0302734375,117.3506528063376,448.697998046875,1.093900442123413,1105.699951171875,45.97829569757254,16358.7099609375,5551500.0,40450000,0.0,43.0,36943800.0,127790000.0
2016-01-12,118.31027221679688,435.69000244140625,1.0857999324798584,1085.5999755859375,46.2147216796875,16516.220703125,118.53448058902805,448.1820068359375,1.0901999473571777,1098.5,46.4949167758588,16591.349609375,116.26549295681598,435.69000244140625,1.082399845123291,1084.0,45.584284383396586,16322.0703125,118.0053521148648,448.1820068359375,1.085894227027893,1093.800048828125,46.197209068653166,16419.109375,4171500.0,115607000,0.0,87.0,36095500.0,117480000.0
2016-01-13,114.90230560302734,432.3710021972656,1.0843987464904785,1087.5,45.21653366088867,16151.41015625,119.1712418940643,435.1860046386719,1.0883997678756714,1093.9000244140625,47.3442678183948,16593.509765625,114.57048158143087,424.4429931640625,1.0805997848510742,1081.5,44.91882590477124,16123.2001953125,119.0098047453191,434.6650085449219,1.0843987464904785,1081.5,47.107852540873054,16526.630859375,5073100.0,173888000,0.0,50.0,66883600.0,153530000.0
2016-01-14,115.87090301513672,430.3059997558594,1.0886012315750122,1073.9000244140625,46.50366973876953,16379.0498046875,116.6511575838526,433.3240051269531,1.0950000286102295,1091.5,46.77510683007054,16482.05078125,112.83063753698283,427.8450012207031,1.0839990377426147,1073.699951171875,45.15522889617749,16075.1201171875,116.22066758573511,432.2879943847656,1.0888028144836426,1091.5,45.53174164235824,16159.009765625,6517800.0,43945500,0.0,59.0,52381900.0,158830000.0
2016-01-15,112.66918182373047,364.33099365234375,1.085894227027893,1091.5,44.64739227294922,15988.080078125,114.0234022245953,430.2550048828125,1.0981999635696411,1095.800048828125,45.50549038138709,16354.330078125,111.66473275695589,364.33099365234375,1.0857763290405273,1081.800048828125,44.07824396644531,15842.1103515625,112.82164870761969,430.2550048828125,1.0857763290405273,1085.0,44.92758743732935,16354.330078125,6678400.0,153351008,0.0,44.0,71820700.0,239210000.0
2016-01-16,,387.5360107421875,,,,,,390.5570068359375,,,,,,354.91400146484375,,,,,,365.072998046875,,,,,,120352000,,,,
2016-01-17,,382.29901123046875,,,,,,390.9649963378906,,,,,,380.0920104980469,,,,,,387.1520080566406,,,,,,45319600,,,,
2016-01-18,,387.1679992675781,1.0920010805130005,,,,,388.10400390625,1.0927051305770874,,,,,376.6650085449219,1.0875996351242065,,,,,381.7330017089844,1.0919057130813599,,,,,54403900,0.0,,,
2016-01-19,113.05482482910156,380.14898681640625,1.0895025730133057,1089.9000244140625,44.27086639404297,16016.01953125,114.09515493667543,387.7300109863281,1.0910003185272217,1094.4000244140625,45.25154918138827,16171.9599609375,112.2028357710994,378.97198486328125,1.0861997604370117,1084.9000244140625,43.833061160740215,15900.25,113.95165829743915,387.0260009765625,1.0895025730133057,1089.800048828125,45.0764264200294,16009.4501953125,5478900.0,46819800,0.0,17.0,43564500.0,144360000.0
2016-01-20,109.53923797607422,420.2300109863281,1.09129798412323,1107.0999755859375,44.47226333618164,15766.740234375,112.05037439455226,425.2669982910156,1.0975996255874634,1109.800048828125,44.98887372565408,15989.4501953125,107.45858462790245,376.5989990234375,1.0892889499664307,1099.800048828125,42.99247927911872,15450.5595703125,111.20734875477962,379.739990234375,1.0911551713943481,1099.800048828125,43.76301754515323,15989.4501953125,7636600.0,121720000,0.0,30.0,63273000.0,191870000.0
2016-01-21,110.66926574707031,410.2619934082031,1.0877013206481934,1099.0999755859375,44.20082092285156,15882.6796875,112.98309803830443,422.87701416015625,1.0922002792358398,1103.5999755859375,45.16399454851902,16038.58984375,109.00115473174313,406.29998779296875,1.0781996250152588,1094.0999755859375,44.0432107539276,15704.66015625,110.1042562095031,419.6319885253906,1.0877013206481934,1103.5999755859375,44.65613881749976,15768.8701171875,5546200.0,68338000,0.0,16.0,40191200.0,145140000.0
2016-01-22,111.75442504882812,382.49200439453125,1.0862009525299072,1097.199951171875,45.785675048828125,16093.509765625,112.71403663788038,410.4100036621094,1.0864002704620361,1103.199951171875,45.82070027139313,16136.7900390625,110.59750899136007,375.2820129394531,1.0795987844467163,1097.199951171875,44.88379393881916,15921.099609375,111.58402449114236,409.7510070800781,1.0860947370529175,1098.0,45.015136853343385,15921.099609375,5259900.0,91546600,0.0,4.0,37555800.0,145850000.0
2016-01-23,,387.4909973144531,,,,,,394.5429992675781,,,,,,381.9809875488281,,,,,,382.4339904785156,,,,,,56247400,,,,
2016-01-24,,402.97100830078125,,,,,,405.4849853515625,,,,,,387.510009765625,,,,,,388.10198974609375,,,,,,54824800,,,,
2016-01-25,111.21632385253906,391.72601318359375,1.079901933670044,1106.199951171875,45.34786605834961,15885.2197265625,112.31942522190238,402.3169860839844,1.0850000381469727,1109.300048828125,46.10089158063009,16086.4599609375,110.66925487211458,388.5539855957031,1.079202651977539,1099.300048828125,45.2252811296414,15880.150390625,111.74545233134171,402.3169860839844,1.079901933670044,1099.300048828125,45.47920562188464,16086.4599609375,4551600.0,59062400,0.0,8.0,34707700.0,123250000.0
2016-01-26,114.80366516113281,392.15301513671875,1.0853049755096436,1121.699951171875,45.68060302734375,16167.23046875,114.92922131878974,397.7659912109375,1.0879995822906494,1121.699951171875,45.91701828824451,16185.7900390625,111.65578412549469,390.57501220703125,1.082000494003296,1114.300048828125,45.13772539501016,15893.16015625,112.08626726767373,392.00201416015625,1.0853756666183472,1115.0999755859375,45.34787340698505,15893.16015625,5432600.0,58147000,0.0,181.0,28900800.0,118210000.0
2016-01-27,104.55284118652344,394.97198486328125,1.0864958763122559,1116.0999755859375,44.84878158569336,15944.4599609375,107.71866204742287,396.8429870605469,1.091200351715088,1117.800048828125,45.706879679726036,16235.0302734375,103.15377640604541,391.7820129394531,1.0853049755096436,1115.800048828125,44.673658775848175,15878.2998046875,107.53032785130574,392.4440002441406,1.0864014625549316,1117.800048828125,45.540511507287704,16168.740234375,27945900.0,47424400,0.0,168706.0,36775200.0,138350000.0
2016-01-28,105.83531951904297,380.28900146484375,1.090798020362854,1115.5999755859375,45.584293365478516,16069.6396484375,105.85325317780011,395.50201416015625,1.0950000286102295,1125.699951171875,45.715632963832086,16102.1396484375,103.18965668195224,379.7349853515625,1.0870002508163452,1109.800048828125,44.87504750968641,15863.7197265625,105.01919777851741,395.14599609375,1.0904054641723633,1125.4000244140625,45.409170560817415,15960.2802734375,10708400.0,59247900,0.0,52861.0,62513800.0,130120000.0
2016-01-29,107.73661041259766,379.4739990234375,1.0936970710754395,1116.4000244140625,48.237388610839844,16466.30078125,107.78145482639805,384.3789978027344,1.0947147607803345,1118.5999755859375,48.237388610839844,16466.30078125,105.84429110080876,365.4519958496094,1.082000494003296,1108.800048828125,47.28297291287969,16090.259765625,105.95191358855158,380.1080017089844,1.0936970710754395,1114.4000244140625,47.92216825699034,16090.259765625,9195700.0,86125296,0.0,6955.0,83611700.0,217940000.0
2016-01-30,,378.2550048828125,,,,,,380.9169921875,,,,,,376.4909973144531,,,,,,378.864990234375,,,,,,30284400,,,,
2016-01-31,,368.7669982910156,,,,,,380.34698486328125,,,,,,367.8349914550781,,,,,,378.2929992675781,,,,,,37894300,,,,
2016-02-01,109.01907348632812,373.0559997558594,1.0825908184051514,1127.9000244140625,47.90465545654297,16449.1796875,109.67376492440954,378.0719909667969,1.091200351715088,1130.0,48.23738842210328,16510.98046875,106.40929166906092,367.9570007324219,1.0826259851455688,1115.300048828125,47.72077803091334,16299.4697265625,107.29715488088416,369.3500061035156,1.0826259851455688,1116.699951171875,48.053510996473655,16453.630859375,6812800.0,51656700,0.0,1682.0,44208500.0,114450000.0
2016-02-02,105.39588165283203,374.447998046875,1.0897282361984253,1127.300048828125,46.40736389160156,16153.5400390625,107.87114430447433,375.88299560546875,1.0939997434616089,1131.4000244140625,47.510631827643046,16420.2109375,105.26136208668085,372.9200134277344,1.0895264148712158,1123.0,46.100901503864904,16108.4404296875,107.34201576482002,372.9200134277344,1.0898945331573486,1128.300048828125,47.431826736483686,16420.2109375,8646700.0,40378700,0.0,1230.0,56313800.0,126210000.0
2016-02-03,109.29708099365234,369.9490051269531,1.0922038555145264,1141.300048828125,45.67184829711914,16336.66015625,109.53025273428685,374.95001220703125,1.107800006866455,1146.0,46.74884892332467,16381.6904296875,105.0640265579184,368.0450134277344,1.0906004905700684,1125.0,44.883797429071514,15960.4501953125,106.54380292904591,374.64599609375,1.0922038555145264,1128.5,46.62626397500378,16186.2001953125,7361900.0,45933400,0.0,1630.0,57559800.0,141870000.0
2016-02-04,110.85758972167969,389.593994140625,1.1091023683547974,1157.5999755859375,45.53173828125,16416.580078125,112.023476011115,391.6080017089844,1.1238000392913818,1157.5999755859375,46.240983868483454,16485.83984375,108.62447621770237,369.9930114746094,1.107200264930725,1141.0,44.98010282451287,16266.16015625,108.62447621770237,370.17401123046875,1.1092008352279663,1142.5,45.619297980330884,16329.669921875,5837000.0,69285504,0.0,771.0,46987100.0,131490000.0
2016-02-05,109.91590118408203,386.54901123046875,1.119996428489685,1157.800048828125,43.920623779296875,16204.9697265625,111.35980353002579,391.093994140625,1.1217050552368164,1174.800048828125,45.531747278130595,16423.630859375,108.54374715350968,385.5719909667969,1.1110000610351562,1146.0,43.395258800624845,16129.8095703125,110.87551266471273,388.89801025390625,1.119996428489685,1155.5999755859375,45.47920944418777,16417.94921875,6186700.0,43825000,0.0,877.0,62009000.0,139010000.0
2016-02-06,,376.5220031738281,,,,,,386.6310119628906,,,,,,372.3869934082031,,,,,,386.5889892578125,,,,,,49249300,,,,
2016-02-07,,376.6199951171875,,,,,,380.8710021972656,,,,,,374.90301513671875,,,,,,376.5140075683594,,,,,,37076300,,,,
2016-02-08,107.14469909667969,373.4469909667969,1.114504098892212,1197.9000244140625,43.26390838623047,16027.0498046875,108.81280995027883,379.8789978027344,1.1190000772476196,1200.4000244140625,43.40400591227025,16147.509765625,105.1537276364293,373.3340148925781,1.108799934387207,1165.0,42.195662662559336,15803.5498046875,108.22089655731939,376.7569885253906,1.1147029399871826,1173.5,43.38649330399171,16147.509765625,6453600.0,47671100,0.0,931.0,59290500.0,165880000.0
2016-02-09,106.6155776977539,376.02899169921875,1.1189812421798706,1198.699951171875,43.150081634521484,16014.3798828125,107.60210014818239,377.2460021972656,1.1313996315002441,1199.199951171875,43.990670199754206,16136.6201171875,105.31517169280359,372.89801025390625,1.1164003610610962,1186.699951171875,42.615958728965815,15881.1103515625,105.80843291801784,373.4230041503906,1.1190940141677856,1188.699951171875,42.92242438864287,16005.41015625,4137600.0,55318500,0.0,700.0,46740500.0,127740000.0
2016-02-10,105.32123565673828,381.64898681640625,1.1289994716644287,1194.699951171875,43.5265998840332,15914.740234375,108.1271454892911,385.4830017089844,1.1309019327163696,1197.699951171875,44.12201532860222,16201.8896484375,105.2397701273574,375.7829895019531,1.1166322231292725,1182.0999755859375,43.3602350810642,15899.91015625,106.95047718821492,376.14599609375,1.1289994716644287,1189.800048828125,43.68421005113613,16035.6103515625,4888600.0,85130896,0.0,671.0,38237000.0,122290000.0
2016-02-11,98.152587890625,379.65399169921875,1.128095269203186,1247.9000244140625,43.50908660888672,15660.1796875,102.64204505694309,383.1300048828125,1.1368002891540527,1260.800048828125,43.87684477325074,15897.8203125,92.41404323352663,376.39898681640625,1.1276004314422607,1204.5999755859375,42.47586590260138,15503.009765625,102.44291476678309,382.114013671875,1.1284006834030151,1205.5999755859375,42.62472143156917,15897.8203125,33735600.0,74375600,0.0,995.0,48878600.0,172070000.0
2016-02-12,98.3245620727539,384.26300048828125,1.1317979097366333,1239.0999755859375,44.218326568603516,15973.83984375,99.41977180392661,384.9540100097656,1.133375644683838,1247.800048828125,44.375936712696806,15974.0400390625,95.0389328792358,379.6000061035156,1.122999906539917,1233.5,43.56161874827772,15691.6201171875,95.14755128854755,379.6860046386719,1.131733775138855,1247.800048828125,43.99942396182825,15691.6201171875,12973400.0,67042800,0.0,250.0,34243300.0,132550000.0
2016-02-13,,391.8599853515625,,,,,,391.8599853515625,,,,,,384.6409912109375,,,,,,384.6409912109375,,,,,,61911700,,,,
2016-02-14,,407.2300109863281,,,,,,407.2300109863281,,,,,,392.9320068359375,,,,,,392.9320068359375,,,,,,74469800,,,,
2016-02-15,,400.18499755859375,1.1225990056991577,,,,,410.3810119628906,1.1239490509033203,,,,,397.7489929199219,1.112999439239502,,,,,407.5679931640625,1.1225990056991577,,,,,74070496,0.0,,,
2016-02-16,101.91793823242188,407.4880065917969,1.1174057722091675,1207.9000244140625,45.05613708496094,16196.41015625,102.06276277569727,408.94500732421875,1.1192004680633545,1233.5999755859375,45.05613708496094,16196.41015625,98.65946197048291,401.4320068359375,1.112999439239502,1193.5999755859375,44.209516411203786,16012.3896484375,99.32021186435186,401.4320068359375,1.117817997932434,1233.0999755859375,44.88857779458343,16012.3896484375,7587700.0,73093104,0.0,422.0,37291200.0,142030000.0
2016-02-17,105.30311584472656,416.3219909667969,1.1147029399871826,1211.0999755859375,46.22905731201172,16453.830078125,105.74663575907611,421.1669921875,1.1180005073547363,1212.9000244140625,46.53772340194502,16486.119140625,103.1760557678413,406.78399658203125,1.1108001470565796,1196.5,45.37361917311242,16217.98046875,103.21226189792779,407.656005859375,1.1146035194396973,1196.5,45.40889587439132,16217.98046875,6619600.0,83193600,0.0,53.0,40789000.0,124080000.0
2016-02-18,106.41644287109375,422.37298583984375,1.112297534942627,1226.0999755859375,46.02622604370117,16413.4296875,107.01383372068024,425.9960021972656,1.115200161933899,1239.199951171875,46.69646998001616,16511.83984375,105.61087538406754,415.63800048828125,1.1074001789093018,1201.5999755859375,45.94685513977365,16390.4296875,105.81905892712118,416.5719909667969,1.1121985912322998,1209.5999755859375,46.149694510833115,16483.759765625,6489000.0,76752600,0.0,315.0,27176000.0,104950000.0
2016-02-19,104.23506927490234,420.7850036621094,1.1110987663269043,1230.4000244140625,45.69991683959961,16391.990234375,106.19920527936175,423.10400390625,1.1150000095367432,1232.800048828125,46.10558878152346,16410.9609375,103.56526620620772,417.60400390625,1.1067994832992554,1221.800048828125,45.44416582066761,16278.0,106.18109876095734,422.7300109863281,1.1110000610351562,1230.800048828125,45.83220277743924,16410.9609375,6920600.0,55711300,0.0,76.0,33559100.0,134340000.0
2016-02-20,,437.16400146484375,,,,,,441.9840087890625,,,,,,421.60101318359375,,,,,,421.60101318359375,,,,,,93992096,,,,
2016-02-21,,438.7980041503906,,,,,,448.0459899902344,,,,,,429.0769958496094,,,,,,437.77301025390625,,,,,,89820704,,,,
2016-02-22,106.25350952148438,437.74798583984375,1.1123965978622437,1209.5,46.431888580322266,16620.66015625,107.68362060822774,439.0450134277344,1.1124955415725708,1226.0999755859375,46.740551252358195,16664.240234375,104.2350678015687,432.9169921875,1.1006003618240356,1203.0,46.10558419654621,16417.130859375,104.2350678015687,438.989013671875,1.1123965978622437,1226.0999755859375,46.10558419654621,16417.130859375,4930300.0,85385200,0.0,280.0,25008300.0,102240000.0
2016-02-23,105.81001281738281,420.7359924316406,1.102803349494934,1222.300048828125,45.13551712036133,16431.779296875,107.25822373992132,439.8580017089844,1.1051994562149048,1226.0999755859375,46.18497399939144,16610.390625,104.9320330033898,417.8210144042969,1.0991994142532349,1207.4000244140625,44.95913693658032,16403.529296875,105.87337182944343,438.2550048828125,1.1027060747146606,1207.4000244140625,46.15851814928455,16610.390625,3762300.0,85244896,0.0,351.0,28895300.0,98170000.0
2016-02-24,104.62427520751953,424.9549865722656,1.1027060747146606,1238.699951171875,45.294246673583984,16484.990234375,104.95917675966403,425.54998779296875,1.1040000915527344,1250.0999755859375,45.4177117595172,16507.390625,101.83647201346038,413.9070129394531,1.0959985256195068,1230.0,44.27124592191705,16165.8603515625,104.42515183378329,420.95599365234375,1.1024993658065796,1230.0,44.70337372268333,16418.83984375,6859300.0,67743696,0.0,111.0,33014500.0,93620000.0
2016-02-25,105.73759460449219,424.54400634765625,1.1013944149017334,1238.199951171875,45.94685363769531,16697.2890625,106.44359695796545,427.718994140625,1.105000376701355,1241.5,45.94685363769531,16697.98046875,104.79625583132317,420.4150085449219,1.0991994142532349,1235.0,44.63282838295173,16458.419921875,105.31218115929316,425.0369873046875,1.1014914512634277,1239.4000244140625,45.62055253851472,16504.380859375,4667100.0,70798000,0.0,1349.0,26939500.0,94120000.0
2016-02-26,106.95047760009766,432.1520080566406,1.1024993658065796,1219.800048828125,45.2413444519043,16639.970703125,108.11809264560281,432.1520080566406,1.107000470161438,1239.0999755859375,46.45836403465497,16795.98046875,106.3530867343842,421.6199951171875,1.0926001071929932,1212.199951171875,45.06496426591297,16623.91015625,106.57936989764886,424.6289978027344,1.1024993658065796,1232.4000244140625,46.38781061458955,16712.69921875,3757800.0,61486000,0.0,656.0,35975900.0,98480000.0
2016-02-27,,432.5190124511719,,,,,,434.2309875488281,,,,,,428.1029968261719,,,,,,432.8389892578125,,,,,,41893600,,,,
2016-02-28,,433.5039978027344,,,,,,435.6830139160156,,,,,,423.82000732421875,,,,,,432.5710144042969,,,,,,53033400,,,,
2016-02-29,106.96856689453125,437.6969909667969,1.0923947095870972,1233.9000244140625,44.87094497680664,16516.5,108.13618873300022,441.5069885253906,1.0962003469467163,1241.0,45.55000644392759,16726.119140625,106.35307647360838,431.6929931640625,1.0864002704620361,1218.5999755859375,44.67692645358011,16510.400390625,106.91426115038358,433.43798828125,1.0925976037979126,1218.5999755859375,45.28543450710161,16634.150390625,4569700.0,60694700,0.0,580.0,31654000.0,126220000.0
2016-03-01,108.5797119140625,435.12298583984375,1.0888975858688354,1230.300048828125,46.37017059326172,16865.080078125,109.5119974390827,439.65301513671875,1.0894005298614502,1248.4000244140625,46.37898808772721,16865.560546875,107.03193591054146,432.3190002441406,1.0838005542755127,1229.0,44.906217563271746,16545.669921875,107.71983865842218,437.9169921875,1.0886961221694946,1240.5,44.95031512811481,16545.669921875,4595400.0,74895800,0.0,477.0,33024500.0,105050000.0
2016-03-02,108.29911804199219,423.989013671875,1.0875948667526245,1241.0999755859375,46.696468353271484,16899.3203125,109.29476253071445,435.9169921875,1.0879995822906494,1242.5999755859375,46.705285847102154,16900.169921875,107.25821416057691,423.989013671875,1.0826002359390259,1226.0,45.999768594641864,16766.3203125,108.28101152266947,435.1310119628906,1.0877013206481934,1232.800048828125,46.22024294629643,16851.169921875,4292500.0,74955296,0.0,267.0,29289900.0,104470000.0
2016-03-03,108.26290130615234,421.6510009765625,1.086897373199463,1257.4000244140625,46.167320251464844,16943.900390625,108.37151969460969,425.37298583984375,1.0937999486923218,1267.9000244140625,46.714098975295954,16944.310546875,107.03192052608824,419.4110107421875,1.0855995416641235,1238.0,45.6646390820051,16820.73046875,107.56594539837401,423.9119873046875,1.0870037078857422,1238.4000244140625,46.714098975295954,16896.169921875,3404600.0,100484000,0.0,123.0,24427800.0,91110000.0
2016-03-04,109.58440399169922,410.9389953613281,1.094894528388977,1269.9000244140625,45.88511276245117,17006.76953125,110.63436112609143,425.1780090332031,1.1040000915527344,1279.9000244140625,46.25551135618632,17062.380859375,108.48014111091214,410.9389953613281,1.090800404548645,1250.9000244140625,45.60290591206774,16898.83984375,108.76978326770762,421.83599853515625,1.0947985649108887,1263.0,46.21141716659597,16945.0,4421500.0,90856096,0.0,268.0,33034200.0,106910000.0
2016-03-05,,400.57000732421875,,,,,,411.2569885253906,,,,,,394.0350036621094,,,,,,410.781005859375,,,,,,135384992,,,,
2016-03-06,,407.7070007324219,,,,,,411.9070129394531,,,,,,395.77801513671875,,,,,,400.5249938964844,,,,,,91212496,,,,
2016-03-07,111.24079895019531,414.3210144042969,1.0993964672088623,1263.199951171875,45.003211975097656,17073.94921875,111.62095298836476,415.9169921875,1.0999042987823486,1272.300048828125,45.682273206737726,17099.25,109.13183831533833,406.3089904785156,1.0941996574401855,1259.699951171875,44.60636093582022,16940.48046875,109.34002185373423,407.7569885253906,1.0993964672088623,1259.800048828125,45.470619767679196,16991.2890625,4504700.0,85762400,0.0,67.0,38407800.0,100290000.0
2016-03-08,110.74295806884766,413.97198486328125,1.1016006469726562,1262.0999755859375,45.55000686645508,16964.099609375,111.30414269511331,416.2430114746094,1.1060001850128174,1276.300048828125,45.973317259462625,17072.7890625,109.80161945653727,411.093994140625,1.1006003618240356,1261.0,44.624011807318375,16921.509765625,110.40806346926136,414.4649963378906,1.1013944149017334,1268.699951171875,44.80039197878117,17050.669921875,5257300.0,70311696,0.0,43.0,33835100.0,108380000.0
2016-03-09,111.20459747314453,414.8599853515625,1.1004005670547485,1256.5999755859375,46.59946060180664,17000.359375,111.56665191277521,416.0320129394531,1.1015156507492065,1260.0,46.60827809592143,17048.5,110.4533357193933,411.6059875488281,1.0947985649108887,1244.800048828125,45.735201519173124,16947.939453125,110.77013076446488,413.8940124511719,1.1001946926116943,1254.5,45.76165736568922,16969.169921875,3380300.0,70012304,0.0,79.0,28251600.0,116690000.0
2016-03-10,111.27699279785156,417.1310119628906,1.0989010334014893,1272.0,45.90275192260742,16995.130859375,112.07350691926123,417.5119934082031,1.1160004138946533,1273.0,46.687639949372574,17130.109375,109.91024077653009,413.2510070800781,1.0827666521072388,1237.5,45.11786389584227,16821.859375,111.45801653729508,414.7439880371094,1.0986958742141724,1250.0,46.67882245696704,17006.05078125,4111300.0,81022896,0.0,119.0,38387800.0,117570000.0
2016-03-11,112.80668640136719,421.69000244140625,1.1178430318832397,1258.699951171875,46.80229187011719,17213.310546875,113.59415433978371,423.9259948730469,1.12100088596344,1280.699951171875,46.80229187011719,17220.08984375,112.10973725783252,417.01300048828125,1.1083770990371704,1249.4000244140625,46.19378391264751,17014.990234375,112.35412004941585,417.2380065917969,1.1179054975509644,1270.0,46.740559325048004,17014.990234375,3260100.0,73969696,0.0,87.0,32275700.0,123420000.0
2016-03-12,,411.6239929199219,,,,,,421.7950134277344,,,,,,410.093994140625,,,,,,421.6050109863281,,,,,,92712896,,,,
2016-03-13,,414.06500244140625,,,,,,416.60400390625,,,,,,411.6419982910156,,,,,,411.64801025390625,,,,,,74322800,,,,
2016-03-14,114.35445404052734,416.43798828125,1.1167943477630615,1244.4000244140625,46.890472412109375,17229.130859375,114.95184489562452,416.6839904785156,1.1168005466461182,1258.0,47.26087098471129,17275.0703125,112.10972896797709,414.20098876953125,1.1095995903015137,1234.5,46.41425048186525,17161.16015625,112.17308797634067,414.20098876953125,1.1162956953048706,1256.0,46.48480050835034,17207.490234375,4283400.0,95259400,0.0,58.0,24083600.0,96350000.0
2016-03-15,114.37255096435547,416.8299865722656,1.1101982593536377,1230.4000244140625,47.260887145996094,17251.529296875,114.38160422353754,418.1310119628906,1.112999439239502,1236.0,47.260887145996094,17251.69921875,112.42651457701564,414.9849853515625,1.1074001789093018,1228.0,46.511275616880134,17120.349609375,113.63939579971647,416.38800048828125,1.1101982593536377,1228.300048828125,46.520093111641934,17217.150390625,3717500.0,66781700,0.0,37.0,21104800.0,92830000.0
2016-03-16,115.4677505493164,417.010986328125,1.1109012365341187,1229.300048828125,47.93112564086914,17325.759765625,115.97462943547805,417.6860046386719,1.1110987663269043,1263.800048828125,48.15160000603261,17379.1796875,113.82040970691989,415.9119873046875,1.1057995557785034,1228.9000244140625,47.09332574458543,17204.0703125,114.26392268990013,416.88800048828125,1.1110000610351562,1229.5,47.13741994478376,17249.33984375,5154700.0,65185800,0.0,45.0,31691700.0,118710000.0
2016-03-17,118.30081176757812,420.6210021972656,1.1218937635421753,1264.5,48.20451354980469,17481.490234375,119.1154392821393,420.99700927734375,1.1344043016433716,1270.0999755859375,48.504358811570356,17529.009765625,115.33197835328856,417.8890075683594,1.1207997798919678,1255.9000244140625,47.62246137863271,17297.650390625,115.92032274900922,417.8890075683594,1.1217050552368164,1261.5,47.8076590321484,17321.380859375,5801000.0,83528600,0.0,27.0,28223900.0,117990000.0
2016-03-18,121.2515869140625,409.5480041503906,1.1317979097366333,1253.800048828125,47.17268753051758,17602.30078125,121.9032697750853,420.5469970703125,1.1339025497436523,1264.4000244140625,48.47789511624343,17620.580078125,118.58143430439286,406.1369934082031,1.1258002519607544,1251.5,47.13741083151038,17481.490234375,118.78962477693833,420.5469970703125,1.1315417289733887,1257.0999755859375,48.43379756039884,17481.490234375,9108400.0,104940000,0.0,542.0,67625500.0,321230000.0
2016-03-19,,410.4440002441406,,,,,,410.9840087890625,,,,,,407.2300109863281,,,,,,409.2650146484375,,,,,,58423000,,,,
2016-03-20,,413.7550048828125,,,,,,414.625,,,,,,410.4010009765625,,,,,,410.4010009765625,,,,,,45947900,,,,
2016-03-21,122.9713134765625,413.3070068359375,1.1279042959213257,1243.800048828125,47.49898910522461,17623.869140625,123.80403379691421,413.4179992675781,1.1289994716644287,1256.199951171875,47.56072164707656,17644.970703125,120.73563488805944,410.3810119628906,1.1238000392913818,1243.4000244140625,46.67882434728159,17551.279296875,120.79900079836035,413.4179992675781,1.1275991201400757,1256.199951171875,46.96103121408228,17589.69921875,5671400.0,61655400,0.0,1061.0,23925700.0,84410000.0
2016-03-22,122.301513671875,418.0889892578125,1.1235954761505127,1248.199951171875,47.68418502807617,17582.5703125,123.18855357251329,418.375,1.126199722290039,1252.4000244140625,47.84292680550462,17648.939453125,121.99377189960173,412.531005859375,1.1191942691802979,1243.800048828125,47.14622715614321,17540.419921875,122.3196201911933,413.1319885253906,1.1236965656280518,1244.0,47.27851309205729,17602.7109375,4989000.0,66813300,0.0,20.0,23124100.0,95450000.0
2016-03-23,120.25591278076172,418.0409851074219,1.122296690940857,1223.699951171875,47.596004486083984,17502.58984375,122.19289591165291,419.26800537109375,1.122296690940857,1247.699951171875,47.83411719144436,17588.810546875,120.14730129287727,417.364013671875,1.1165997982025146,1218.5999755859375,47.393168484666994,17486.26953125,122.18384955807149,418.1610107421875,1.122296690940857,1247.699951171875,47.71946958571419,17588.810546875,4361200.0,61444200,0.0,28.0,20129000.0,84240000.0
2016-03-24,119.58611297607422,416.3940124511719,1.118105411529541,1221.4000244140625,47.807655334472656,17515.73046875,119.68567811309433,418.67999267578125,1.1190000772476196,1221.4000244140625,47.9134854404434,17517.140625,117.69438918391934,415.4859924316406,1.1149640083312988,1214.199951171875,47.384345003104066,17399.009765625,119.12450032874128,418.42401123046875,1.1182055473327637,1214.199951171875,47.481354251491524,17485.330078125,4573100.0,68346704,0.0,13.0,19950000.0,84100000.0
2016-03-25,,417.177001953125,1.1167943477630615,,,,,418.0799865722656,1.1177055835723877,,,,,415.5580139160156,1.1156729459762573,,,,,416.50799560546875,1.1166945695877075,,,,,52560000,0.0,,,
2016-03-26,,417.94500732421875,,,,,,418.98699951171875,,,,,,416.2590026855469,,,,,,417.364990234375,,,,,,44650400,,,,
2016-03-27,,426.7650146484375,,,,,,428.7969970703125,,,,,,417.71099853515625,,,,,,418.1400146484375,,,,,,71229400,,,,
2016-03-28,118.83485412597656,424.2309875488281,1.1159967184066772,1219.9000244140625,47.216796875,17535.390625,120.03868215296268,426.85699462890625,1.1218056678771973,1222.199951171875,47.878220054878575,17583.810546875,118.16506483468648,423.2929992675781,1.115536093711853,1210.0,47.03159919203534,17493.029296875,119.9572235328697,426.5480041503906,1.1159967184066772,1211.5,47.80766663422217,17526.080078125,3352200.0,68522800,0.0,33.0,17025100.0,70460000.0
2016-03-29,118.46375274658203,416.5159912109375,1.1202723979949951,1235.5999755859375,48.24860382080078,17633.109375,118.5089983251706,426.2030029296875,1.122399926185608,1235.5999755859375,48.380889770641,17642.810546875,116.01988380882568,412.6809997558594,1.1170001029968262,1217.699951171875,47.13741462599447,17434.26953125,117.51336080536863,424.3039855957031,1.1200968027114868,1217.800048828125,47.32261226443361,17512.580078125,4910200.0,75411504,0.0,189732.0,23924300.0,86160000.0
2016-03-30,116.38195037841797,414.8160095214844,1.12920343875885,1226.9000244140625,48.5484504699707,17716.66015625,120.13824511207329,416.8340148925781,1.1361995935440063,1245.0,49.06877006274383,17790.109375,115.87507833651269,412.4960021972656,1.1287955045700073,1223.4000244140625,48.41616788045509,17652.359375,119.0068293716678,416.8340148925781,1.1290122270584106,1241.4000244140625,48.44262372552391,17652.359375,5949000.0,66034100,0.0,48248.0,23008300.0,79330000.0
2016-03-31,114.89752960205078,416.72900390625,1.1334655284881592,1234.199951171875,48.70719528198242,17685.08984375,116.20092270080916,418.3689880371094,1.1410002708435059,1239.5999755859375,49.024678899135395,17755.69921875,113.36785336284761,415.2569885253906,1.1311999559402466,1224.5,48.38089417065153,17669.720703125,115.93842652360615,415.2569885253906,1.1334012746810913,1225.5999755859375,48.46026507493978,17716.05078125,8758300.0,60215200,0.0,3377.0,26360500.0,102600000.0
2016-04-01,114.9156265258789,417.9599914550781,1.1379671096801758,1222.199951171875,49.00703430175781,17792.75,115.0332912701361,418.1730041503906,1.1437996625900269,1235.199951171875,49.04231100231775,17811.48046875,113.24113270689189,415.83099365234375,1.1341983079910278,1209.199951171875,48.125136972787296,17568.01953125,114.25488363838446,416.760009765625,1.1379023790359497,1232.300048828125,48.548447286992584,17661.740234375,5328000.0,51235700,0.0,1602.0,24399200.0,104890000.0
2016-04-02,,420.87298583984375,,,,,,422.08099365234375,,,,,,418.4219970703125,,,,,,418.4219970703125,,,,,,45681200,,,,
2016-04-03,,420.90399169921875,,,,,,421.5799865722656,,,,,,419.6969909667969,,,,,,421.1730041503906,,,,,,38053700,,,,
2016-04-04,114.35445404052734,421.4440002441406,1.1390039920806885,1218.0,48.88357925415039,17737.0,115.82982465838697,422.3429870605469,1.1412007808685303,1222.300048828125,49.08641527777347,17806.380859375,113.93809385619325,419.60101318359375,1.1359995603561401,1215.0,48.504363055672286,17710.669921875,114.53548471129042,421.29901123046875,1.1397050619125366,1221.699951171875,48.88357925415039,17799.390625,5036500.0,50634300,0.0,2038.0,18928800.0,85230000.0
2016-04-05,114.97898864746094,424.0299987792969,1.1389002799987793,1228.4000244140625,48.11631774902344,17603.3203125,116.39099323931528,424.2569885253906,1.140706181526184,1236.699951171875,48.76891986505204,17718.029296875,113.66654919022335,420.614013671875,1.134000301361084,1215.4000244140625,48.02812600079578,17579.560546875,114.1824744761404,421.0169982910156,1.1387057304382324,1215.4000244140625,48.671910624087225,17718.029296875,4660100.0,60718000,0.0,477.0,19272300.0,115230000.0
2016-04-06,115.79361724853516,423.4129943847656,1.138200283050537,1222.5,48.61017990112305,17716.05078125,115.89317548434053,424.5270080566406,1.142799735069275,1230.4000244140625,48.68073330234487,17723.55078125,113.82042784544718,422.72900390625,1.133144497871399,1217.5999755859375,47.80765346516717,17542.5390625,115.09666816421407,424.28399658203125,1.138096570968628,1230.4000244140625,47.93993941037242,17605.44921875,3998000.0,59091000,0.0,248.0,21188700.0,99410000.0
2016-04-07,114.95185089111328,422.7449951171875,1.1404979228973389,1236.199951171875,48.02812194824219,17541.9609375,116.70781050822293,423.6570129394531,1.145304799079895,1242.9000244140625,48.42497637135253,17687.279296875,114.55359030027661,420.51800537109375,1.134000301361084,1224.5999755859375,47.82528599069044,17484.23046875,114.95185089111328,423.6199951171875,1.1399649381637573,1224.800048828125,48.389699675038074,17687.279296875,4596300.0,57858600,0.0,375.0,19225100.0,90120000.0
2016-04-08,115.74835968017578,420.3489990234375,1.1373976469039917,1242.5,47.99285888671875,17576.9609375,117.68534988566834,425.3609924316406,1.14199960231781,1242.800048828125,48.751291252095925,17694.509765625,115.50397690550182,419.635009765625,1.1350003480911255,1232.0,47.904670485049174,17528.16015625,115.89317731186043,422.9070129394531,1.1369062662124634,1241.0,48.21333325506458,17555.390625,3939800.0,63454700,0.0,409.0,22167200.0,79990000.0
2016-04-09,,419.4110107421875,,,,,,420.8909912109375,,,,,,416.5150146484375,,,,,,420.8110046386719,,,,,,49792700,,,,
2016-04-10,,421.5639953613281,,,,,,422.43499755859375,,,,,,419.2569885253906,,,,,,419.5920104980469,,,,,,73478600,,,,
2016-04-11,115.77552032470703,422.4830017089844,1.1403028964996338,1256.699951171875,47.89585494995117,17556.41015625,117.57672545510842,422.739013671875,1.1450005769729614,1258.699951171875,48.63664899246564,17731.630859375,115.56733677718906,420.5329895019531,1.1374363899230957,1241.5,47.887034090920224,17555.900390625,116.0832621103438,421.87200927734375,1.140706181526184,1241.5,48.05459677078799,17586.48046875,3611700.0,50747500,0.0,437.0,21414200.0,107100000.0
2016-04-12,117.18751525878906,425.19000244140625,1.141291856765747,1259.4000244140625,48.195682525634766,17721.25,118.01118921440454,427.2770080566406,1.1463998556137085,1261.699951171875,48.310326737528705,17744.4296875,114.66219455300603,422.8429870605469,1.1353057622909546,1253.699951171875,47.410791204760216,17553.5703125,115.51302138089656,422.8429870605469,1.1412137746810913,1260.0,47.948749026097616,17571.33984375,4239200.0,70728800,0.0,185.0,24944300.0,81020000.0
2016-04-13,118.69908142089844,423.7340087890625,1.138498306274414,1246.800048828125,48.81301498413086,17908.279296875,119.02492968960802,426.6579895019531,1.1393024921417236,1256.9000244140625,48.89238587695755,17918.349609375,117.49525347847764,422.9159851074219,1.1273995637893677,1241.300048828125,48.4073430270928,17741.66015625,118.11075079102979,425.6319885253906,1.1386020183563232,1256.5,48.61017900561183,17741.66015625,3514800.0,69060400,0.0,203.0,20818000.0,91710000.0
2016-04-14,118.43661499023438,424.2820129394531,1.1279042959213257,1225.0,48.82184982299805,17926.4296875,119.4322526371031,425.3710021972656,1.1293998956680298,1243.699951171875,49.01586836417624,17962.140625,118.14696590743213,423.01300048828125,1.1236006021499634,1224.5,48.56609872129447,17885.439453125,119.02494569923734,423.93499755859375,1.128006100654602,1231.4000244140625,48.69838470194728,17912.25,4527600.0,45281000,0.0,264.0,20877100.0,84510000.0
2016-04-15,118.69003295898438,429.7130126953125,1.1270017623901367,1233.0999755859375,49.077579498291016,17897.4609375,119.11544635255413,429.9280090332031,1.1318004131317139,1235.0,49.31568877683616,17937.650390625,118.28271227191343,424.427001953125,1.124758243560791,1225.699951171875,48.60135421285919,17867.41015625,118.52710192191073,424.427001953125,1.1265066862106323,1225.699951171875,48.76891346625005,17925.94921875,5008700.0,54801500,0.0,97.0,28793800.0,118160000.0
2016-04-16,,430.5719909667969,,,,,,432.625,,,,,,428.9840087890625,,,,,,429.57501220703125,,,,,,39392800,,,,
2016-04-17,,427.39898681640625,,,,,,431.3710021972656,,,,,,426.0790100097656,,,,,,430.635986328125,,,,,,52125900,,,,
2016-04-18,119.45034790039062,428.59100341796875,1.1299946308135986,1233.5999755859375,49.79191970825195,18004.16015625,119.70378391834414,429.27398681640625,1.133199691772461,1241.0999755859375,49.90656729681986,18009.529296875,117.95688466521972,427.08599853515625,1.1274974346160889,1232.199951171875,48.68954810632906,17848.220703125,118.69003984653006,427.6109924316406,1.130096673965454,1238.699951171875,48.93648163279617,17890.19921875,3056000.0,55670900,0.0,304.0,23786000.0,89390000.0
2016-04-19,120.09300231933594,435.5090026855469,1.1309019327163696,1253.0,49.73019027709961,18053.599609375,121.15201975261175,436.0199890136719,1.1386020183563232,1256.199951171875,50.06531220700587,18103.4609375,119.66760264847431,428.10400390625,1.1305055618286133,1228.800048828125,49.10404397545817,17984.4296875,119.99345097919858,428.7030029296875,1.1310042142868042,1231.5999755859375,49.94184711813813,18012.099609375,2931000.0,52810500,0.0,386.0,29596800.0,89820000.0
2016-04-20,118.18318176269531,441.3890075683594,1.1359634399414062,1253.199951171875,49.02468490600586,18096.26953125,118.8982305096446,443.0539855957031,1.1385993957519531,1256.0999755859375,49.827211541397766,18167.630859375,116.3005041133338,434.406005859375,1.1322002410888672,1243.0,48.9364964967342,18031.2109375,116.35480986484531,435.3240051269531,1.1358860731124878,1256.0999755859375,49.64201386342398,18059.490234375,6799000.0,72890096,0.0,180.0,36195700.0,100210000.0
2016-04-21,118.3370361328125,449.42498779296875,1.1305055618286133,1249.0,49.192230224609375,17982.51953125,120.05678247619284,450.5480041503906,1.1393998861312866,1270.5999755859375,49.589084681694516,18107.2890625,117.93877559571975,440.9519958496094,1.1278001070022583,1247.5999755859375,48.87474665894127,17963.890625,118.5542591085163,441.4159851074219,1.1305055618286133,1247.699951171875,49.209868574276626,18092.83984375,4799600.0,68204704,0.0,124.0,38909100.0,102720000.0
2016-04-22,118.61762237548828,445.73699951171875,1.12920343875885,1228.699951171875,45.664642333984375,18003.75,119.32362465325578,449.80999755859375,1.1309019327163696,1248.5,46.23787693992399,18026.849609375,118.11979671520952,444.1499938964844,1.1239995956420898,1228.0,44.77392751749081,17909.890625,118.65382160022376,449.68798828125,1.1293054819107056,1248.5,45.779289928006555,17985.05078125,3858100.0,58804400,0.0,188.0,126834100.0,134120000.0
2016-04-23,,450.2820129394531,,,,,,450.2820129394531,,,,,,444.33099365234375,,,,,,445.8609924316406,,,,,,50485400,,,,
2016-04-24,,458.55499267578125,,,,,,460.14599609375,,,,,,448.9280090332031,,,,,,450.55999755859375,,,,,,68198400,,,,
2016-04-25,118.3460922241211,461.4259948730469,1.123406171798706,1238.9000244140625,45.95568084716797,17977.240234375,118.57237538324942,466.6199951171875,1.1279042959213257,1240.9000244140625,45.97331920147653,17990.939453125,117.04269901774538,453.5920104980469,1.1226998567581177,1231.5999755859375,45.53237043627887,17855.55078125,118.07454967092148,459.1210021972656,1.1233052015304565,1231.5999755859375,45.6646530473349,17990.939453125,4600100.0,87091800,0.0,442.0,33226900.0,83770000.0
2016-04-26,120.5998764038086,466.0889892578125,1.1269001960754395,1242.199951171875,45.36481475830078,17990.3203125,120.62702927776772,467.9649963378906,1.1339025497436523,1244.199951171875,46.16734150033101,18043.76953125,118.62668009166951,461.6210021972656,1.1257964372634888,1233.0,45.05615192066324,17934.169921875,118.79865750089584,461.64801025390625,1.1266716718673706,1239.800048828125,46.08797057577099,17987.380859375,6103400.0,78971904,0.0,97.0,33532600.0,92570000.0
2016-04-27,124.07557678222656,444.68701171875,1.1299052238464355,1249.199951171875,44.92384719848633,18041.55078125,124.80873196848472,467.0790100097656,1.134000301361084,1249.5,45.41771089701178,18084.66015625,119.43224218762195,444.1340026855469,1.1291996240615845,1248.5999755859375,44.57990779015499,17920.259765625,120.56365792227398,466.2619934082031,1.1298030614852905,1248.5999755859375,45.40007254733182,17996.140625,6930800.0,93564896,0.0,547.0,43369300.0,109090000.0
2016-04-28,122.01191711425781,449.010986328125,1.132900595664978,1265.5,44.006675720214844,17830.759765625,124.65490351260638,449.5509948730469,1.1366000175476074,1270.0999755859375,44.7739254136348,18035.73046875,121.7403744832755,436.6499938964844,1.1299052238464355,1238.5,43.70683050974928,17796.55078125,123.36055628979118,445.0379943847656,1.1327978372573853,1245.9000244140625,44.64163947565809,18023.880859375,4938800.0,74064704,0.0,887.0,43134800.0,100920000.0
2016-04-29,122.01191711425781,455.09698486328125,1.135589361190796,1289.199951171875,43.9802131652832,17773.640625,122.40111763005466,455.3840026855469,1.1460003852844238,1295.5,44.315335048914484,17814.830078125,120.21069767959932,446.0169982910156,1.1357957124710083,1267.199951171875,43.52162620983273,17651.98046875,121.66796219426476,449.4079895019531,1.1357957124710083,1267.300048828125,43.52162620983273,17813.08984375,3716700.0,49258500,0.0,464.0,48411700.0,136670000.0
2016-04-30,,448.3179931640625,,,,,,455.5870056152344,,,,,,447.6969909667969,,,,,,455.1780090332031,,,,,,69322600,,,,
2016-05-01,,451.875,,,,,,452.47900390625,,,,,,447.927001953125,,,,,,448.4840087890625,,,,,,40660100,,,,
2016-05-02,121.29680633544922,444.66900634765625,1.146302580833435,1294.699951171875,44.63282012939453,17891.16015625,122.19289251929894,452.44500732421875,1.15280020236969,1304.4000244140625,44.75628520548714,17912.349609375,120.59080406134694,441.7760009765625,1.1450163125991821,1290.4000244140625,43.900843800886946,17773.7109375,121.6317147658398,451.9330139160156,1.1461974382400513,1292.0999755859375,44.0948622714159,17783.779296875,3703800.0,92127000,0.0,192.0,33114500.0,80100000.0
2016-05-03,119.9210205078125,450.3039855957031,1.1524986028671265,1290.699951171875,43.900840759277344,17750.91015625,120.66322204164601,451.09698486328125,1.1613997220993042,1301.5,44.45643692737135,17870.75,118.98873505522072,442.61700439453125,1.1503998041152954,1284.5,43.74209899696477,17670.880859375,120.11109061534366,444.72698974609375,1.1526048183441162,1292.699951171875,44.394704393602105,17870.75,4028700.0,59366400,0.0,151.0,26460200.0,97060000.0
2016-05-04,118.47281646728516,446.72198486328125,1.1504037380218506,1273.300048828125,43.9802131652832,17651.259765625,119.75810322133677,450.37799072265625,1.15280020236969,1290.0,44.14777578918429,17738.060546875,118.14696814856583,445.6300048828125,1.146999478340149,1273.0,43.61863544173949,17609.009765625,119.1064065838981,450.1830139160156,1.150244951248169,1286.9000244140625,43.95375732537077,17735.01953125,3340500.0,50407300,0.0,109.0,24257600.0,95020000.0
2016-05-05,119.54991149902344,447.97601318359375,1.1493064165115356,1271.4000244140625,44.04196548461914,17660.7109375,120.05678352841048,448.5060119628906,1.1495997905731201,1286.0,44.35944916286389,17736.109375,118.6809781549121,445.88299560546875,1.1390001773834229,1270.800048828125,43.856767793700506,17615.8203125,119.23310957504304,446.71099853515625,1.1491215229034424,1282.9000244140625,43.980232920979596,17664.48046875,4199200.0,50440800,0.0,330.0,25390700.0,81530000.0
2016-05-06,120.61798095703125,459.6029968261719,1.1406019926071167,1292.9000244140625,44.43880844116211,17740.630859375,120.9528894541283,461.375,1.1471836566925049,1295.5999755859375,44.43880844116211,17744.5390625,119.26028188083725,447.0679931640625,1.1393284797668457,1276.9000244140625,43.79502375744488,17580.380859375,119.57708385644088,447.9419860839844,1.140198826789856,1278.5999755859375,44.024315596015754,17650.30078125,2466000.0,72796800,0.0,305.0,24787300.0,80020000.0
2016-05-07,,458.5360107421875,,,,,,460.67498779296875,,,,,,457.3240051269531,,,,,,459.6390075683594,,,,,,38364500,,,,
2016-05-08,,458.5480041503906,,,,,,459.4169921875,,,,,,455.9830017089844,,,,,,458.4289855957031,,,,,,40315000,,,,
2016-05-09,119.56800079345703,460.4830017089844,1.1387965679168701,1265.5999755859375,44.15660858154297,17705.91015625,121.11576953085866,462.4809875488281,1.142999529838562,1286.5,44.61519569589574,17783.16015625,119.31456481527168,456.531005859375,1.1375994682312012,1262.300048828125,44.094876024242794,17668.380859375,120.20159073892042,458.20599365234375,1.1387965679168701,1286.5,44.527007289516085,17743.849609375,3431100.0,55493100,0.0,341.0,17951600.0,85590000.0
2016-05-10,121.93946838378906,450.8949890136719,1.1387965679168701,1263.9000244140625,44.994407653808594,17928.349609375,122.41014121608296,461.9289855957031,1.1405993700027466,1267.4000244140625,45.06495769942182,17934.609375,120.19255523514344,448.9540100097656,1.1361995935440063,1258.699951171875,44.26243116606241,17726.66015625,120.54555640655693,460.51800537109375,1.1383687257766724,1265.0999755859375,44.385899633186106,17726.66015625,3382700.0,58956100,0.0,23.0,22891000.0,75790000.0
2016-05-11,121.36458587646484,452.7279968261719,1.1374363899230957,1274.5999755859375,45.02086639404297,17711.119140625,123.18049709879377,454.57598876953125,1.1445995569229126,1279.199951171875,45.664651160936266,17919.029296875,121.30983716328943,450.864013671875,1.1373976469039917,1266.9000244140625,44.97677219217915,17711.05078125,122.10372135210152,450.864013671875,1.1375011205673218,1266.9000244140625,45.09141980836265,17919.029296875,3284100.0,50605200,0.0,50.0,24039100.0,87390000.0
2016-05-12,122.66033935546875,454.7659912109375,1.142700433731079,1270.300048828125,45.42653274536133,17720.5,123.22609454449479,454.9490051269531,1.143105387687683,1281.199951171875,45.691104651757364,17798.189453125,121.81170657192968,449.25,1.1379995346069336,1264.0,44.90621315451215,17625.380859375,121.81170657192968,452.4469909667969,1.1425960063934326,1267.0,45.15314670953702,17711.119140625,4591300.0,59849300,0.0,101.0,24102800.0,88560000.0
2016-05-13,120.56156158447266,455.6700134277344,1.1376951932907104,1271.9000244140625,45.04731750488281,17535.3203125,123.13486236597741,457.05499267578125,1.1380059719085693,1275.699951171875,45.77047305074257,17734.740234375,120.36994109795084,453.4530029296875,1.1283994913101196,1264.5999755859375,45.012040804067375,17512.48046875,122.03984638563047,454.8500061035156,1.1375269889831543,1271.4000244140625,45.36479771970772,17711.119140625,3965900.0,60845000,0.0,66.0,22592300.0,86640000.0
2016-05-14,,455.6709899902344,,,,,,456.83599853515625,,,,,,454.7860107421875,,,,,,455.822998046875,,,,,,37209000,,,,
2016-05-15,,457.5679931640625,,,,,,458.6919860839844,,,,,,455.4590148925781,,,,,,455.7590026855469,,,,,,28514000,,,,
2016-05-16,122.40485382080078,454.1629943847656,1.1316953897476196,1273.4000244140625,45.7087516784668,17710.7109375,122.65123695522715,458.20001220703125,1.1344043016433716,1287.800048828125,45.82339593788113,17755.80078125,120.041441530817,452.94500732421875,1.1305439472198486,1272.800048828125,44.75630070868138,17531.759765625,120.11444445671683,457.58599853515625,1.1316953897476196,1272.800048828125,44.800394913392445,17531.759765625,3165400.0,59171500,0.0,44.0,20032000.0,88440000.0
2016-05-17,120.96306610107422,453.7829895019531,1.1316057443618774,1276.199951171875,44.85619354248047,17529.98046875,122.72422845521376,455.0719909667969,1.1347993612289429,1281.5999755859375,45.93963469663691,17701.4609375,120.41556509362573,453.6050109863281,1.130399465560913,1270.800048828125,44.72298573041795,17469.919921875,121.93033041239465,454.0090026855469,1.1316057443618774,1272.5,45.93075553091335,17701.4609375,4032000.0,64100300,0.0,16.0,27803500.0,103260000.0
2016-05-18,119.53042602539062,454.6189880371094,1.1316057443618774,1273.699951171875,45.122615814208984,17526.619140625,121.52882353627582,455.99798583984375,1.1316953897476196,1276.4000244140625,45.41567571007772,17636.220703125,118.93728251831372,453.29901123046875,1.1259993314743042,1256.800048828125,44.669700446455224,17418.2109375,120.86269103264742,453.6910095214844,1.1313753128051758,1276.4000244140625,44.82955253063872,17501.279296875,4060400.0,86850096,0.0,17.0,24907500.0,79120000.0
2016-05-19,116.87501525878906,438.7149963378906,1.122296690940857,1254.199951171875,44.68746566772461,17435.400390625,119.01941884958319,454.63299560546875,1.123103380203247,1255.5,44.953884699675946,17514.16015625,115.97161968207398,438.7149963378906,1.118200421333313,1247.5,44.24343281857178,17331.0703125,118.84605255859384,454.52398681640625,1.1221959590911865,1248.0,44.82067687755117,17514.16015625,5061600.0,96027400,0.0,69.0,23842400.0,95530000.0
2016-05-20,116.24535369873047,442.6759948730469,1.1205987930297852,1252.4000244140625,44.95388412475586,17500.939453125,117.94263315446568,444.0539855957031,1.1239995956420898,1256.5999755859375,45.48672556954576,17571.75,116.0811006235967,437.3890075683594,1.1198960542678833,1252.4000244140625,44.75851197726447,17437.3203125,117.83313574567053,437.7929992675781,1.1201595067977905,1256.5999755859375,44.829555470615404,17437.3203125,3297700.0,81987904,0.0,44.0,23905800.0,111990000.0
2016-05-21,,443.18798828125,,,,,,443.77801513671875,,,,,,441.70599365234375,,,,,,442.96600341796875,,,,,,42762300,,,,
2016-05-22,,439.322998046875,,,,,,443.427001953125,,,,,,439.0350036621094,,,,,,443.2179870605469,,,,,,39657600,,,,
2016-05-23,116.41873168945312,444.1549987792969,1.1221708059310913,1251.0999755859375,44.429927825927734,17492.9296875,117.17612124176922,444.3450012207031,1.1243029832839966,1251.5999755859375,45.0071719112003,17550.69921875,114.86745112859522,438.822998046875,1.1190000772476196,1247.5,44.3855252165303,17480.05078125,116.25447861740795,439.3479919433594,1.1220952272415161,1251.5999755859375,44.93612502600284,17507.0390625,3977700.0,50582500,0.0,56.0,26118700.0,87790000.0
2016-05-24,116.34574890136719,445.9809875488281,1.121604323387146,1228.9000244140625,45.81529998779297,17706.05078125,117.5411422112774,447.1000061035156,1.122999906539917,1240.0,45.92186690088183,17742.58984375,115.26898012325331,443.92999267578125,1.1145998239517212,1228.199951171875,44.75850324605078,17525.189453125,116.583004926902,444.2909851074219,1.1217050552368164,1240.0,45.02492222262348,17525.189453125,5102400.0,65783100,0.0,20.0,34757900.0,86480000.0
2016-05-25,117.5867691040039,449.5989990234375,1.113796591758728,1223.5,46.285987854003906,17851.509765625,118.4262818446176,450.2980041503906,1.1171000003814697,1223.5,46.614574634226706,17891.7109375,116.22712271301629,446.06201171875,1.112999439239502,1218.5999755859375,45.99292790599955,17735.08984375,116.80200507544788,446.06201171875,1.1136974096298218,1219.300048828125,46.10837401912441,17735.08984375,4656700.0,65231000,0.0,5.0,24040200.0,79180000.0
2016-05-26,117.99738311767578,453.3840026855469,1.1158970594406128,1220.0999755859375,46.081722259521484,17828.2890625,118.5357639485049,453.6440124511719,1.1219995021820068,1232.5999755859375,46.16164829697866,17888.66015625,117.09400163771426,447.89599609375,1.1156978607177734,1220.0999755859375,45.61104858766332,17803.8203125,117.23999354303787,449.6719970703125,1.1156978607177734,1232.5999755859375,46.117245695658305,17859.51953125,2586300.0,65203800,0.0,199778.0,24335200.0,68940000.0
2016-05-27,117.91526794433594,473.4639892578125,1.1192066669464111,1213.800048828125,46.46358871459961,17873.220703125,118.3532715373574,478.14898681640625,1.1201996803283691,1223.199951171875,46.46358871459961,17873.220703125,117.55938741427791,453.52099609375,1.112599492073059,1206.4000244140625,45.9751533458461,17824.73046875,117.67801889892498,453.52099609375,1.1192944049835205,1220.300048828125,46.10836114403278,17826.849609375,3043700.0,164780992,0.0,63739.0,17721400.0,73190000.0
2016-05-28,,530.0399780273438,,,,,,533.4730224609375,,,,,,472.6990051269531,,,,,,473.02899169921875,,,,,,181199008,,,,
2016-05-29,,526.2329711914062,,,,,,553.9600219726562,,,,,,512.1790161132812,,,,,,527.4769897460938,,,,,,148736992,,,,
2016-05-30,,533.864013671875,1.1110000610351562,,,,,544.3489990234375,1.1150000095367432,,,,,522.9630126953125,1.1100010871887207,,,,,528.4710083007812,1.1110987663269043,,,,,87958704,0.0,,,
2016-05-31,115.11384582519531,531.385986328125,1.1148396730422974,1214.800048828125,47.06748580932617,17787.19921875,118.60877532744232,546.6179809570312,1.1175994873046875,1217.5999755859375,47.06748580932617,17899.240234375,115.01346855093828,520.6619873046875,1.1121997833251953,1199.0,46.25046692703486,17724.029296875,118.5175321205889,534.1909790039062,1.1150012016296387,1212.5,46.41031564894667,17891.5,6894400.0,138450000,0.0,6432.0,37653100.0,147390000.0
2016-06-01,115.35110473632812,536.9199829101562,1.113598108291626,1211.9000244140625,46.934268951416016,17789.669921875,115.43322780172772,543.0800170898438,1.1190000772476196,1219.800048828125,47.023077550369074,17809.1796875,113.86369979596746,525.635986328125,1.1117039918899536,1205.4000244140625,46.57016216496261,17664.7890625,114.9769699843296,531.1069946289062,1.113598108291626,1215.699951171875,46.57016216496261,17754.55078125,4679600.0,86061800,0.0,2717.0,25324800.0,78530000.0
2016-06-02,115.75260162353516,537.9719848632812,1.1189061403274536,1209.800048828125,46.60568618774414,17838.560546875,115.91685470881507,540.3519897460938,1.1219995021820068,1217.0,46.83658516020979,17838.560546875,114.35645387962661,533.0780029296875,1.1150000095367432,1209.5999755859375,46.037324698138995,17703.55078125,115.57010128964257,536.5150146484375,1.1192944049835205,1212.4000244140625,46.747776560145425,17789.05078125,4802100.0,60378200,0.0,1627.0,22840800.0,75560000.0
2016-06-03,116.23623657226562,569.1939697265625,1.115200161933899,1240.0999755859375,45.99293518066406,17807.060546875,116.41874387249321,574.6380004882812,1.1350003480911255,1244.5,46.552414275628934,17833.169921875,114.93133896389043,536.9199829101562,1.113800287246704,1206.4000244140625,45.82420048637396,17689.6796875,115.36022241699818,537.6820068359375,1.1153992414474487,1209.0999755859375,46.51689421319656,17799.80078125,5485600.0,122020000,0.0,1622.0,23368300.0,82270000.0
2016-06-04,,572.7269897460938,,,,,,590.1320190429688,,,,,,564.2379760742188,,,,,,569.7050170898438,,,,,,94925296,,,,
2016-06-05,,574.9769897460938,,,,,,582.8079833984375,,,,,,569.177978515625,,,,,,573.3079833984375,,,,,,68874096,,,,
2016-06-06,120.3608169555664,585.5369873046875,1.1350995302200317,1244.5999755859375,46.29486083984375,17920.330078125,120.52507702429978,586.469970703125,1.1379995346069336,1247.300048828125,46.49023296889589,17949.6796875,116.30012481815393,574.6019897460938,1.1333242654800415,1240.0,46.08172360450337,17822.810546875,116.43700356747014,574.6019897460938,1.1350995302200317,1244.4000244140625,46.17053219743745,17825.689453125,6996200.0,72138896,0.0,1135.0,18243300.0,71870000.0
2016-06-07,120.3881607055664,576.5969848632812,1.1364023685455322,1244.4000244140625,46.26822280883789,17938.279296875,121.72043943412055,590.2589721679688,1.1379995346069336,1244.9000244140625,46.82770516283144,18003.23046875,120.28779736959848,567.5139770507812,1.1340054273605347,1236.5,46.26822280883789,17936.220703125,120.82617816157067,585.4450073242188,1.1364669799804688,1244.0,46.3925548557157,17936.220703125,4424000.0,107770000,0.0,281.0,20866800.0,78750000.0
2016-06-08,121.36458587646484,581.64501953125,1.1357828378677368,1259.800048828125,46.21493148803711,18005.05078125,121.84821807469339,582.8389892578125,1.14199960231781,1264.0,46.57015567121185,18016.0,120.48856469400532,573.1300048828125,1.1356538534164429,1247.300048828125,46.06395858471942,17931.91015625,120.92658224717724,577.1669921875,1.1356538534164429,1247.5999755859375,46.19716977072319,17931.91015625,3883700.0,80265800,0.0,406.0,21149400.0,71260000.0
2016-06-09,121.45580291748047,574.6300048828125,1.140706181526184,1270.199951171875,45.84193801879883,17985.189453125,122.11281510645101,582.2030029296875,1.1416958570480347,1271.4000244140625,46.17940384158202,18005.220703125,120.37902752626995,570.9509887695312,1.130799651145935,1258.0999755859375,45.72649194833951,17915.880859375,120.54328753545245,582.2030029296875,1.1406019926071167,1262.5,46.17940384158202,17969.98046875,3811200.0,71301000,0.0,381.0,20305700.0,69690000.0
2016-06-10,119.66727447509766,577.469970703125,1.1315033435821533,1273.4000244140625,45.717613220214844,17865.33984375,120.56153570933323,579.1270141601562,1.1324002742767334,1278.0,46.22381030287477,17938.8203125,118.96463368625795,573.3250122070312,1.1273995637893677,1265.300048828125,45.326865605370685,17812.33984375,120.23302959334538,575.8369750976562,1.131196141242981,1267.5999755859375,45.33574477010983,17938.8203125,3828600.0,66991900,0.0,397.0,25833200.0,90540000.0
2016-06-11,,606.7269897460938,,,,,,607.1160278320312,,,,,,578.6740112304688,,,,,,578.6740112304688,,,,,,82357000,,,,
2016-06-12,,672.7839965820312,,,,,,684.843994140625,,,,,,607.0390014648438,,,,,,609.6840209960938,,,,,,277084992,,,,
2016-06-13,118.55403137207031,704.3759765625,1.1239995956420898,1284.4000244140625,44.52760314941406,17732.48046875,120.00492791132858,716.0040283203125,1.1302001476287842,1287.300048828125,45.04268275997482,17893.279296875,118.51753687264232,664.4869995117188,1.1236965656280518,1273.0,43.56849418132648,17731.349609375,119.3479155305543,671.6539916992188,1.1241008043289185,1276.199951171875,44.03028864288754,17830.5,3645000.0,243295008,0.0,328.0,83217800.0,101690000.0
2016-06-14,119.08329010009766,685.5590209960938,1.1291015148162842,1285.5999755859375,44.25230407714844,17674.8203125,119.17454723294617,704.5040283203125,1.1299946308135986,1289.699951171875,44.492078773310254,17733.919921875,117.25825883419577,662.8040161132812,1.1190000772476196,1277.800048828125,44.02140515741353,17595.7890625,118.28940595507306,704.5040283203125,1.1287955045700073,1281.800048828125,44.314468389146086,17710.76953125,3717000.0,186694000,0.0,554.0,42577100.0,93740000.0
2016-06-15,118.77303314208984,694.468994140625,1.1213024854660034,1285.800048828125,44.12798309326172,17640.169921875,120.23304973920884,696.302978515625,1.1260005235671997,1296.199951171875,44.509851612507255,17762.9609375,118.59965295128403,672.5609741210938,1.1190940141677856,1278.800048828125,44.12798309326172,17629.009765625,119.43004548415243,685.6849975585938,1.1213024854660034,1284.5999755859375,44.207909141189894,17703.650390625,3324800.0,99223800,0.0,162.0,33757600.0,94130000.0
2016-06-16,118.05213165283203,766.3079833984375,1.1262656450271606,1296.0999755859375,44.749629974365234,17733.099609375,118.52664363512736,773.7219848632812,1.1299996376037598,1316.4000244140625,44.82067685629285,17754.91015625,115.7982241037231,696.5230102539062,1.1132001876831055,1281.0999755859375,43.96813121167042,17471.2890625,118.00651701466778,696.5230102539062,1.1261261701583862,1296.300048828125,43.97701376576226,17602.23046875,4066100.0,271633984,0.0,251.0,31188600.0,91950000.0
2016-06-17,118.46278381347656,748.9089965820312,1.1252011060714722,1292.5,44.51873779296875,17675.16015625,118.61790979714841,775.3560180664062,1.129600167274475,1300.0999755859375,44.78515684519741,17733.439453125,117.54113413111352,716.5560302734375,1.1226003170013428,1280.300048828125,44.24343618596797,17602.779296875,118.47190395702788,768.4869995117188,1.1270017623901367,1280.300048828125,44.76739512335523,17733.439453125,6739600.0,363320992,0.0,129.0,45710500.0,248680000.0
2016-06-18,,756.2269897460938,,,,,,777.989990234375,,,,,,733.9290161132812,,,,,,748.7559814453125,,,,,,252718000,,,,
2016-06-19,,763.781005859375,,,,,,766.6209716796875,,,,,,745.6279907226562,,,,,,756.68798828125,,,,,,136184992,,,,
2016-06-20,121.13644409179688,737.2260131835938,1.13490629196167,1290.0,44.4654541015625,17804.869140625,122.18583144657946,764.083984375,1.1383998394012451,1291.199951171875,45.14038600313267,17946.359375,119.73117621528185,732.7269897460938,1.130799651145935,1280.300048828125,44.429930656700456,17736.869140625,119.86804798368554,763.927001953125,1.13490629196167,1288.9000244140625,44.97165133388905,17736.869140625,4331900.0,174511008,0.0,153.0,35607900.0,99380000.0
2016-06-21,120.0140609741211,666.6519775390625,1.1322976350784302,1270.5,45.46006774902344,17829.73046875,121.6200834892964,735.8829956054688,1.1350003480911255,1293.9000244140625,45.67320494096873,17877.83984375,119.98668661880838,639.0700073242188,1.12440025806427,1266.300048828125,44.545361448097374,17799.80078125,121.53796042335826,735.8829956054688,1.1322848796844482,1293.9000244140625,44.580884878038376,17827.330078125,2841100.0,309944000,0.0,134.0,34097800.0,85130000.0
2016-06-22,120.2421875,596.1160278320312,1.1250618696212769,1268.0,45.28247833251953,17780.830078125,121.51058365857799,678.6699829101562,1.1335041522979736,1269.199951171875,45.699866970551064,17920.16015625,120.06880730386835,587.4829711914062,1.1237596273422241,1264.9000244140625,45.24695488613744,17770.359375,120.54331932635233,665.9149780273438,1.1252011060714722,1267.0,45.362404393028086,17832.669921875,2640800.0,266392992,0.0,53.0,28816800.0,89440000.0
2016-06-23,121.866455078125,623.9769897460938,1.1328235864639282,1261.199951171875,46.099483489990234,18011.0703125,122.77897063254917,629.3270263671875,1.1422044038772583,1270.5,46.23269468024364,18011.0703125,121.11818564003364,558.1389770507812,1.1320003271102905,1255.199951171875,45.42455514903616,17844.109375,122.19496123467299,597.4429931640625,1.1327978372573853,1263.4000244140625,45.540001233707734,17844.109375,4113900.0,253462000,0.0,218.0,29028800.0,98070000.0
2016-06-24,115.45147705078125,665.2990112304688,1.1324002742767334,1320.0,44.25230407714844,17400.75,118.07039947430513,681.7269897460938,1.1335169076919556,1355.5999755859375,45.23805390498293,17946.630859375,115.16859942691636,625.27197265625,1.0919057130813599,1253.699951171875,43.977002561372494,17356.33984375,116.92975491105392,625.5750122070312,1.1330032348632812,1253.699951171875,44.234542361191835,17946.630859375,9707300.0,224316992,0.0,694.0,133503000.0,239000000.0
2016-06-25,,665.1229858398438,,,,,,691.7310180664062,,,,,,646.5590209960938,,,,,,665.281005859375,,,,,,126656000,,,,
2016-06-26,,629.3670043945312,,,,,,665.97998046875,,,,,,616.9340209960938,,,,,,665.9310302734375,,,,,,109225000,,,,
2016-06-27,111.96566772460938,655.2750244140625,1.103594422340393,1322.5,43.00902557373047,17140.240234375,114.74884324820951,655.2750244140625,1.1081929206848145,1331.699951171875,43.648434013111135,17355.2109375,111.64628863877212,620.5239868164062,1.0973997116088867,1320.0,42.66268046496663,17063.080078125,114.68496743104207,629.3489990234375,1.10349702835083,1330.0,43.60402801438587,17355.2109375,6169000.0,122134000,0.0,92.0,50216300.0,138740000.0
2016-06-28,113.05155181884766,647.0009765625,1.1015034914016724,1315.300048828125,43.90596008300781,17409.720703125,113.84544285987043,659.2479858398438,1.1110000610351562,1315.5999755859375,43.932604353454494,17409.720703125,111.96565607801327,637.7730102539062,1.1016006469726562,1314.0999755859375,43.22214919503166,17190.509765625,113.60818686566687,658.1019897460938,1.1016006469726562,1314.800048828125,43.44416558511348,17190.509765625,4438100.0,138384992,0.0,1072.0,38140700.0,112190000.0
2016-06-29,115.88035583496094,639.8900146484375,1.1073951721191406,1323.9000244140625,44.88282775878906,17694.6796875,116.18148765834933,644.6820068359375,1.1128050088882446,1327.4000244140625,45.0426798076095,17704.509765625,113.2979419392535,628.2839965820312,1.10515558719635,1311.5999755859375,44.22565784833827,17456.01953125,114.51158241440453,644.1220092773438,1.107800006866455,1311.5999755859375,44.323345587917515,17456.01953125,4916700.0,142456000,0.0,414.0,31304000.0,106380000.0
2016-06-30,118.5083999633789,673.3369750976562,1.1128050088882446,1318.4000244140625,45.442317962646484,17929.990234375,118.5083999633789,675.4030151367188,1.1154004335403442,1323.5,45.55776744640983,17930.609375,115.96248749183519,636.6079711914062,1.1053999662399292,1314.5,44.84731559960005,17711.80078125,115.96248749183519,640.5910034179688,1.1125946044921875,1315.800048828125,45.042691127860856,17712.759765625,4110800.0,138980000,0.0,560.0,28527800.0,133030000.0
2016-07-01,118.34415435791016,676.2960205078125,1.1106051206588745,1336.699951171875,45.433441162109375,17949.369140625,118.93728394823458,686.1539916992188,1.1170001029968262,1344.199951171875,45.9307591746192,18002.380859375,117.86052218761274,669.593994140625,1.1074001789093018,1321.9000244140625,45.35351511345068,17916.91015625,118.20726865899285,672.5150146484375,1.1103708744049072,1324.5,45.40680027512374,17924.240234375,3247900.0,134431008,0.0,137.0,21400400.0,82160000.0
2016-07-02,,703.7020263671875,,,,,,703.7020263671875,,,,,,676.3989868164062,,,,,,676.7340087890625,,,,,,112354000,,,,
2016-07-03,,658.6640014648438,,,,,,704.968017578125,,,,,,649.0089721679688,,,,,,704.968017578125,,,,,,129512000,,,,
2016-07-04,,683.6619873046875,1.1131023168563843,,,,,683.6619873046875,1.1150000095367432,,,,,650.5079956054688,1.1099998950958252,,,,,658.8040161132812,1.1131023168563843,,,,,92008400,0.0,,,
2016-07-05,115.86210632324219,670.6270141601562,1.1146035194396973,1356.4000244140625,45.442317962646484,17840.619140625,117.71451186897511,683.4910278320312,1.1180005073547363,1356.800048828125,45.54000572677688,17904.44921875,115.55184740043221,665.0659790039062,1.1075999736785889,1339.699951171875,45.0604528474938,17785.279296875,117.19437129585765,683.208984375,1.1145538091659546,1342.199951171875,45.140378891991254,17904.44921875,4829400.0,130476000,0.0,90.0,24806400.0,103650000.0
2016-07-06,115.85298919677734,677.3309936523438,1.1065007448196411,1364.9000244140625,45.62881851196289,17918.619140625,116.17236829045756,681.8980102539062,1.109000325202942,1374.9000244140625,45.77090889436344,17926.91015625,113.11544217333191,670.4180297851562,1.103399634361267,1359.0,44.749631941814435,17713.44921875,116.11761957781012,670.4180297851562,1.106439471244812,1359.0,45.09597703718439,17807.470703125,3981700.0,134960992,0.0,130.0,28167500.0,93000000.0
2016-07-07,116.04460144042969,640.56201171875,1.1099025011062622,1360.0999755859375,45.62881851196289,17895.880859375,116.9571169952877,682.4320068359375,1.1108001470565796,1368.5999755859375,45.8330732249323,17984.94921875,115.21421590571829,611.833984375,1.1057995557785034,1350.5,45.35351691394224,17816.650390625,115.81647255171518,678.0900268554688,1.1100010871887207,1366.800048828125,45.66433856678657,17924.240234375,3049400.0,258091008,0.0,207.0,19585200.0,81570000.0
2016-07-08,118.70915985107422,666.5230102539062,1.1065741777420044,1356.5999755859375,46.445831298828125,18146.740234375,119.04680011631238,666.7069702148438,1.1108001470565796,1365.800048828125,46.499116455658445,18166.76953125,116.49175346236916,636.4669799804688,1.1010003089904785,1335.0,45.77978208310583,17971.220703125,117.34952041769648,640.68798828125,1.1065007448196411,1361.300048828125,45.9396341658953,17971.220703125,3597800.0,141970000,0.0,249.0,28391000.0,93460000.0
2016-07-09,,650.9600219726562,,,,,,666.3839721679688,,,,,,633.3989868164062,,,,,,666.3839721679688,,,,,,180536000,,,,
2016-07-10,,649.3599853515625,,,,,,652.2940063476562,,,,,,641.2639770507812,,,,,,650.5989990234375,,,,,,102532000,,,,
2016-07-11,120.48855590820312,647.6589965820312,1.1043988466262817,1355.0,46.70337677001953,18226.9296875,121.5927059309705,659.6290283203125,1.107200264930725,1371.800048828125,46.916514035323765,18283.900390625,119.35704545472744,644.97998046875,1.1019999980926514,1353.0,46.596809831218366,18161.529296875,119.39353995288849,648.4840087890625,1.1047039031982422,1371.699951171875,46.62345071899318,18161.529296875,3929900.0,107910000,0.0,26.0,22269200.0,80880000.0
2016-07-12,119.36617279052734,664.551025390625,1.1058032512664795,1334.0999755859375,47.25397491455078,18347.669921875,121.36458433942659,675.2589721679688,1.1124002933502197,1356.0,47.42270956507503,18371.94921875,118.9281691667869,646.7789916992188,1.1053999662399292,1330.300048828125,46.88098894798476,18259.119140625,121.18208398985841,648.2830200195312,1.1058032512664795,1353.5999755859375,47.01419676988615,18259.119140625,4318400.0,138172992,0.0,252.0,27317600.0,90170000.0
2016-07-13,118.72740936279297,654.468017578125,1.1062926054000854,1342.4000244140625,47.520389556884766,18372.119140625,119.89542825711742,668.7000122070312,1.1119993925094604,1342.4000244140625,47.831214554682546,18390.16015625,118.05214278293397,654.468017578125,1.1044000387191772,1336.699951171875,47.22732966560846,18315.759765625,119.79505098070437,664.7969970703125,1.1060723066329956,1341.5,47.5647955477855,18356.779296875,3061400.0,131449000,0.0,7.0,25356800.0,80920000.0
2016-07-14,120.04142761230469,658.0780029296875,1.1094961166381836,1331.300048828125,47.72465515136719,18506.41015625,120.37905392204559,662.9019775390625,1.1170001029968262,1341.4000244140625,47.94667159005707,18537.5703125,118.80952600689324,652.9229736328125,1.1091995239257812,1322.699951171875,47.58256476611374,18414.30078125,120.11443052974,652.9229736328125,1.109594702720642,1341.4000244140625,47.81346037176234,18414.30078125,3984100.0,98511400,0.0,20.0,24545500.0,87050000.0
2016-07-15,120.80795288085938,663.2550048828125,1.1106051206588745,1326.5,47.68913269042969,18516.55078125,121.13645908958311,667.0770263671875,1.115700364112854,1333.699951171875,47.95555174480486,18557.4296875,119.95018589564268,659.0399780273438,1.1058766841888428,1322.9000244140625,47.25397897104533,18471.619140625,120.2695719599713,659.1710205078125,1.1106421947479248,1333.699951171875,47.911149133692675,18508.880859375,2944900.0,81673104,0.0,52.0,32024400.0,123690000.0
2016-07-16,,660.7670288085938,,,,,,666.4600219726562,,,,,,659.333984375,,,,,,663.781005859375,,,,,,50330200,,,,
2016-07-17,,679.458984375,,,,,,682.364990234375,,,,,,661.9929809570312,,,,,,661.9929809570312,,,,,,74407904,,,,
2016-07-18,121.7569580078125,673.1060180664062,1.1053143739700317,1328.4000244140625,47.920021057128906,18533.05078125,122.1767213385333,681.5549926757812,1.109000325202942,1335.0,48.257486948433076,18556.130859375,120.40643872773144,668.625,1.1038258075714111,1326.199951171875,47.55591428072495,18489.83984375,120.79882770252307,679.8090209960938,1.105534315109253,1327.5,47.689125481627045,18521.55078125,3338400.0,69465000,0.0,54.0,31433900.0,75540000.0
2016-07-19,122.87935638427734,672.864013671875,1.1071866750717163,1331.5,47.14740753173828,18559.009765625,123.80099214527931,673.2769775390625,1.1080701351165771,1333.199951171875,47.86674195890079,18562.529296875,121.20945113352231,667.6320190429688,1.100199580192566,1326.4000244140625,47.00531715710515,18495.109375,121.28245405378236,672.7379760742188,1.107137680053711,1328.5,47.69800730997898,18503.119140625,3390000.0,61203300,0.0,322.0,53336500.0,85840000.0
2016-07-20,122.93411254882812,665.6849975585938,1.1013579368591309,1318.800048828125,49.6517448425293,18595.029296875,123.35386196092495,672.9290161132812,1.1030004024505615,1337.5,50.47764607633514,18622.009765625,122.31359465092807,663.3599853515625,1.0984002351760864,1315.5,49.31427898444596,18555.650390625,122.77898655532415,672.8060302734375,1.1014549732208252,1331.0,49.86488206545068,18582.69921875,2669400.0,94636400,0.0,751.0,89893300.0,93230000.0
2016-07-21,121.84821319580078,665.0120239257812,1.1019526720046997,1330.5,49.55405807495117,18517.23046875,123.17135809880266,666.218994140625,1.1057995557785034,1330.5,49.93592654065493,18590.439453125,121.39195537242884,660.4149780273438,1.0986005067825317,1312.800048828125,49.518534639141215,18469.669921875,122.9706035426083,665.22802734375,1.1017341613769531,1312.800048828125,49.71391014839467,18589.9609375,2814100.0,60491800,0.0,318.0,32776700.0,86800000.0
2016-07-22,121.79345703125,650.6190185546875,1.1032899618148804,1323.0999755859375,50.23786926269531,18570.849609375,121.8117112417552,666.5830078125,1.1040000915527344,1330.699951171875,50.29115441672108,18571.30078125,119.14716738719498,646.7219848632812,1.0968003273010254,1320.4000244140625,49.536296646012,18491.58984375,120.22392910099245,664.9219970703125,1.1033143997192383,1330.699951171875,49.802719028439505,18524.150390625,4844900.0,134169000,0.0,55.0,32157200.0,87710000.0
2016-07-23,,655.5560302734375,,,,,,656.3660278320312,,,,,,648.5239868164062,,,,,,650.7260131835938,,,,,,69532200,,,,
2016-07-24,,661.2849731445312,,,,,,663.1099853515625,,,,,,652.7930297851562,,,,,,655.4099731445312,,,,,,118184000,,,,
2016-07-25,121.3098373413086,654.0969848632812,1.097044587135315,1319.300048828125,50.37996292114258,18493.060546875,121.63834354472745,661.8280029296875,1.0998003482818604,1319.300048828125,50.388845474579725,18555.689453125,120.79883078574245,653.39501953125,1.0953621864318848,1313.800048828125,49.962570989836706,18452.619140625,121.5288321943316,661.2630004882812,1.0969241857528687,1315.699951171875,50.149067347299855,18554.490234375,3078600.0,78176496,0.0,548.0,25610600.0,76810000.0
2016-07-26,123.052734375,651.7839965820312,1.0991184711456299,1320.699951171875,50.40660858154297,18473.75,123.16223179148685,656.2249755859375,1.1023997068405151,1320.699951171875,50.877285714958774,18522.470703125,120.91743728632498,645.8790283203125,1.0979998111724854,1315.199951171875,50.184592152402146,18387.220703125,121.2733178137903,654.2260131835938,1.0989856719970703,1315.199951171875,50.193474706680824,18497.369140625,4667300.0,225135008,0.0,63.0,28079000.0,85370000.0
2016-07-27,124.06562042236328,654.3519897460938,1.0987803936004639,1326.5999755859375,49.900421142578125,18472.169921875,127.25029078360386,657.4559936523438,1.1010003089904785,1326.5999755859375,50.44214187754365,18542.390625,123.83749153464657,648.447021484375,1.0982855558395386,1326.0,49.82937763297909,18430.939453125,124.2298665380558,651.6270141601562,1.0988044738769531,1326.0,50.27341057800624,18473.26953125,5661700.0,147460992,0.0,215388.0,32327500.0,111370000.0
2016-07-28,121.37370300292969,655.0349731445312,1.1073460578918457,1332.300048828125,49.91816329956055,18456.349609375,123.97437820517446,657.594970703125,1.1119993925094604,1344.300048828125,50.060253650763364,18483.259765625,120.95395359643176,654.4920043945312,1.1060845851898193,1330.0999755859375,49.483013081121214,18368.8203125,123.55461487479255,654.4920043945312,1.1068191528320312,1339.5,49.73167034880083,18461.009765625,5142400.0,86428400,0.0,56908.0,37550400.0,85750000.0
2016-07-29,121.96685028076172,656.9920043945312,1.108438491821289,1349.0,50.3355598449707,18432.240234375,122.09460192021113,657.7960205078125,1.1196001768112183,1353.300048828125,50.406603333293866,18466.55078125,120.72582838730267,654.7860107421875,1.1074001789093018,1325.800048828125,49.77607755323165,18371.119140625,121.41021515375691,655.1110229492188,1.1083648204803467,1333.199951171875,49.96257052124416,18442.51953125,3559100.0,60703500,0.0,6076.0,30558700.0,111550000.0
2016-07-30,,655.0469970703125,,,,,,658.2230224609375,,,,,,654.208984375,,,,,,657.0120239257812,,,,,,38456100,,,,
2016-07-31,,624.6810302734375,,,,,,655.2849731445312,,,,,,624.364990234375,,,,,,655.0999755859375,,,,,,110818000,,,,
2016-08-01,121.55619812011719,606.27197265625,1.1168068647384644,1351.4000244140625,50.246761322021484,18404.509765625,122.48695392206352,626.1190185546875,1.1184005737304688,1353.5,50.3977308721053,18467.029296875,121.09080629526224,605.8839721679688,1.115599513053894,1345.5999755859375,49.85601022730675,18355.75,121.55619812011719,624.6019897460938,1.1167818307876587,1348.800048828125,50.26451965568856,18434.5,3067300.0,121887000,0.0,1257.0,26003400.0,83470000.0
2016-08-02,120.0870590209961,547.4650268554688,1.1168068647384644,1364.4000244140625,50.246761322021484,18313.76953125,121.72957596861146,612.8480224609375,1.1232004165649414,1366.0,50.530942088522046,18403.650390625,119.8589301200625,531.333984375,1.1163579225540161,1346.5999755859375,50.00698316509252,18247.7890625,121.31894673170763,606.39697265625,1.1167070865631104,1352.0999755859375,50.48653609124849,18401.150390625,3156800.0,330932992,0.0,2941.0,35122000.0,89680000.0
2016-08-03,120.33341979980469,566.35498046875,1.1219062805175781,1356.0999755859375,50.59309387207031,18355.0,120.86268048385139,573.3599853515625,1.1219995021820068,1364.699951171875,50.71742250311731,18355.0,120.10529091481294,541.5469970703125,1.1164003610610962,1353.300048828125,50.16682282803726,18283.23046875,120.24217660013727,548.656005859375,1.1218559741973877,1362.4000244140625,50.33555405764375,18313.080078125,2359300.0,207982000,0.0,715.0,22075600.0,78550000.0
2016-08-04,119.73119354248047,578.2890014648438,1.1151504516601562,1358.800048828125,50.96608352661133,18352.05078125,120.95396126345217,579.4959716796875,1.1155610084533691,1361.5999755859375,51.081533001547285,18397.869140625,119.5030646128715,565.7769775390625,1.1117781400680542,1347.0,50.32667521952157,18325.169921875,120.45207483353546,566.3289794921875,1.1152374744415283,1354.4000244140625,50.442124694457526,18351.4296875,3008500.0,125292000,0.0,381.0,26587700.0,64500000.0
2016-08-05,120.2056884765625,575.0430297851562,1.1134741306304932,1336.4000244140625,51.472286224365234,18543.529296875,120.85358074583664,578.281005859375,1.116146206855774,1360.800048828125,51.69430264533407,18543.529296875,119.54867606294644,569.9819946289062,1.1049113273620605,1333.699951171875,51.01937421617758,18402.80078125,120.64370603489621,578.281005859375,1.1134493350982666,1357.5999755859375,51.196988030492996,18402.80078125,3119500.0,66127900,0.0,1107.0,29335200.0,92420000.0
2016-08-06,,587.7780151367188,,,,,,588.39599609375,,,,,,569.468994140625,,,,,,575.030029296875,,,,,,80797296,,,,
2016-08-07,,592.6900024414062,,,,,,597.5130004882812,,,,,,586.8159790039062,,,,,,587.77099609375,,,,,,82398400,,,,
2016-08-08,120.62544250488281,591.0540161132812,1.1089547872543335,1333.4000244140625,51.56110382080078,18529.2890625,121.31894936618271,592.9940185546875,1.110600233078003,1335.4000244140625,51.58774471190029,18569.310546875,120.2239334026995,588.0469970703125,1.1073706150054932,1327.800048828125,51.31244308229679,18502.029296875,120.57981393892862,592.7360229492188,1.1087703704833984,1330.0,51.56110382080078,18541.890625,2443800.0,61194100,0.0,587.0,19473500.0,71810000.0
2016-08-09,121.01780700683594,587.801025390625,1.1083648204803467,1339.0,51.685401916503906,18533.05078125,121.35544722640381,591.0910034179688,1.1121997833251953,1339.4000244140625,51.95182083297912,18585.3203125,120.66192650158065,584.7930297851562,1.107200264930725,1328.5,51.52554988907871,18507.75,121.1181842736455,591.0380249023438,1.1086843013763428,1331.800048828125,51.65875765346616,18538.05078125,3013900.0,92228096,0.0,620.0,16920700.0,60090000.0
2016-08-10,121.70787811279297,592.10302734375,1.111580491065979,1344.300048828125,51.525569915771484,18495.66015625,122.85797524799797,599.9840087890625,1.1200001239776611,1354.199951171875,51.79198893579707,18561.75,121.18344111956075,586.3709716796875,1.111815333366394,1344.300048828125,51.34795610652055,18468.779296875,121.54227086417384,587.6480102539062,1.111815333366394,1344.800048828125,51.64989856593665,18541.48046875,2642200.0,102905000,0.0,110.0,15756900.0,62780000.0
2016-08-11,122.37035369873047,589.1199951171875,1.1186434030532837,1342.5,51.774234771728516,18613.51953125,122.88559504696762,597.5419921875,1.1190940141677856,1350.4000244140625,51.907445995032184,18638.33984375,121.72630201343401,589.1199951171875,1.113800287246704,1334.800048828125,51.53445660240318,18519.080078125,122.23234763733615,592.1240234375,1.1186057329177856,1341.5999755859375,51.53445660240318,18519.080078125,2275700.0,74514400,0.0,666.0,18162300.0,71470000.0
2016-08-12,122.46234130859375,587.5590209960938,1.113908290863037,1335.800048828125,51.454524993896484,18576.470703125,123.08798737418523,589.9099731445312,1.1219995021820068,1351.800048828125,51.67654141697842,18606.060546875,122.02990368826458,583.8109741210938,1.1132633686065674,1333.199951171875,51.17034424336775,18535.859375,122.27831454645899,588.7979736328125,1.1138957738876343,1336.800048828125,51.53445104171405,18595.650390625,2522600.0,69218000,0.0,113.0,21655200.0,61580000.0
2016-08-13,,585.5880126953125,,,,,,589.7739868164062,,,,,,584.97900390625,,,,,,587.3569946289062,,,,,,43563000,,,,
2016-08-14,,570.4730224609375,,,,,,585.666015625,,,,,,564.781005859375,,,,,,585.5889892578125,,,,,,60851100,,,,
2016-08-15,123.8976821899414,567.239990234375,1.1166945695877075,1340.300048828125,51.614383697509766,18636.05078125,124.21050527825363,573.5800170898438,1.1205737590789795,1340.5999755859375,51.951849652355186,18722.609375,122.87639525163816,563.239990234375,1.1155484914779663,1333.5999755859375,51.47229330405415,18559.9296875,123.01440130846022,570.4940185546875,1.1166945695877075,1336.5,51.51669591681486,18588.58984375,2812600.0,57262300,0.0,62.0,19283900.0,62350000.0
2016-08-16,124.21048736572266,577.4390258789062,1.1184055805206299,1350.5,51.32841491699219,18552.01953125,124.40370985668204,581.7379760742188,1.13237464427948,1355.0,51.489263290427765,18614.859375,122.73835745530927,566.7160034179688,1.1179429292678833,1341.0,51.17650445808949,18550.650390625,123.42841571845217,567.2429809570312,1.1184431314468384,1342.199951171875,51.4803287847105,18614.48046875,2759200.0,58405200,0.0,338.0,20523500.0,67570000.0
2016-08-17,123.95287322998047,573.2160034179688,1.1275991201400757,1342.699951171875,51.4356575012207,18573.939453125,124.20129814872044,580.8939819335938,1.129433035850525,1347.300048828125,51.54288863071476,18582.349609375,123.39162525165504,571.4299926757812,1.1256000995635986,1338.5999755859375,51.14076763409189,18468.6796875,124.0724878277575,577.760986328125,1.1279042959213257,1345.5,51.417785078169004,18537.08984375,2854600.0,54443000,0.0,135.0,18856400.0,71000000.0
2016-08-18,124.21048736572266,574.3179931640625,1.1298924684524536,1351.199951171875,51.471397399902344,18597.69921875,125.09376811982494,577.7919921875,1.1340440511703491,1354.4000244140625,51.56075951248959,18600.8203125,123.7780497310114,573.4299926757812,1.129611611366272,1348.199951171875,51.17651095040454,18533.2890625,123.952866737291,573.7069702148438,1.1301988363265991,1351.300048828125,51.31054900606134,18566.5390625,2030800.0,59896600,0.0,140.0,14214300.0,70740000.0
2016-08-19,123.69525146484375,575.6300048828125,1.1349449157714844,1340.4000244140625,51.48927688598633,18552.5703125,124.2104927440169,578.2379760742188,1.1352026462554932,1350.0999755859375,51.58757351890912,18585.169921875,123.14319921471713,574.1820068359375,1.130600094795227,1338.5999755859375,51.11396618808096,18491.240234375,123.75045388200203,574.3389892578125,1.1349449157714844,1350.0999755859375,51.31949396200292,18585.169921875,1922600.0,50631600,0.0,197.0,17271000.0,93170000.0
2016-08-20,,581.697021484375,,,,,,582.8179931640625,,,,,,575.4569702148438,,,,,,576.083984375,,,,,,45301400,,,,
2016-08-21,,581.3079833984375,,,,,,584.1580200195312,,,,,,580.218017578125,,,,,,581.9390258789062,,,,,,38299400,,,,
2016-08-22,124.2012939453125,586.7529907226562,1.1298158168792725,1337.699951171875,51.53395080566406,18529.419921875,124.82694004330932,588.447998046875,1.1332728862762451,1337.699951171875,51.60544049799694,18570.919921875,123.14319616531687,580.593994140625,1.1273956298828125,1333.300048828125,51.167574654498466,18466.859375,123.56643808516942,581.3109741210938,1.1300712823867798,1334.4000244140625,51.471399029280875,18535.859375,2520500.0,72844000,0.0,117.0,15221900.0,73450000.0
2016-08-23,123.41923522949219,583.4149780273438,1.1319260597229004,1340.5999755859375,51.73053741455078,18547.30078125,125.47100478749283,589.4739990234375,1.1357183456420898,1341.199951171875,51.989682402789,18631.599609375,122.9591963306139,581.6339721679688,1.1310003995895386,1334.300048828125,51.69479257296984,18545.51953125,124.5049343312669,586.77099609375,1.131861925125122,1337.0,51.73947532935387,18568.939453125,3481900.0,85349200,0.0,551.0,18732400.0,73990000.0
2016-08-24,122.63714599609375,580.1820068359375,1.1300839185714722,1324.4000244140625,51.78416442871094,18481.48046875,123.88845218416161,583.5900268554688,1.1313496828079224,1337.199951171875,51.864588633005354,18539.150390625,122.43474182558388,579.85498046875,1.1246000528335571,1322.9000244140625,51.57863666413994,18448.26953125,123.29960303914562,583.4119873046875,1.1303266286849976,1337.199951171875,51.65012295194812,18537.5,2135900.0,56328200,0.0,262.0,18151500.0,72270000.0
2016-08-25,122.35193634033203,577.760986328125,1.1263798475265503,1320.0999755859375,51.980751037597656,18448.41015625,122.64636796177285,580.4509887695312,1.1299996376037598,1324.0,52.087985575852095,18497.6796875,121.83669504208304,575.1669921875,1.1260627508163452,1317.0,51.63224731031108,18431.4609375,122.64636796177285,580.1799926757812,1.1262530088424683,1321.4000244140625,51.72160942552311,18471.2109375,1921400.0,136130000,0.0,58.0,18552600.0,64480000.0
2016-08-26,121.661865234375,579.6510009765625,1.1290504932403564,1321.5,51.85564422607422,18395.400390625,123.36401452365168,580.6229858398438,1.1340440511703491,1340.5,52.45435842951013,18572.08984375,121.28464406305173,576.8579711914062,1.1234692335128784,1320.0999755859375,51.55181987108046,18335.33984375,122.83036779533397,577.7529907226562,1.1289230585098267,1323.800048828125,52.079044386839755,18467.919921875,1973700.0,48856800,0.0,141.0,20971200.0,78730000.0
2016-08-27,,569.947021484375,,,,,,579.844970703125,,,,,,568.6300048828125,,,,,,579.4520263671875,,,,,,59698300,,,,
2016-08-28,,573.9119873046875,,,,,,574.0380249023438,,,,,,569.739990234375,,,,,,569.8300170898438,,,,,,86301600,,,,
2016-08-29,122.27830505371094,574.1069946289062,1.1199462413787842,1322.9000244140625,51.91819381713867,18502.990234375,122.90396511000182,576.2780151367188,1.12100088596344,1323.0,52.36499411989827,18523.08984375,121.74467241061397,573.4650268554688,1.116071343421936,1315.0,51.91819381713867,18419.919921875,122.11269782777114,574.0709838867188,1.1196954250335693,1315.0,51.98968350181179,18421.2890625,2380000.0,110398000,0.0,437.0,16417200.0,64480000.0
2016-08-30,120.35536193847656,577.5029907226562,1.1192818880081177,1311.699951171875,51.73053741455078,18454.30078125,122.7751707870248,578.3569946289062,1.1191942691802979,1322.0999755859375,51.99861690877638,18514.2890625,120.23574734466344,574.114013671875,1.1140000820159912,1308.0,51.480330341115646,18408.51953125,122.54515136155129,574.114013671875,1.1191942691802979,1322.0,51.81096160370003,18491.279296875,3437300.0,70342400,0.0,705.0,16930200.0,68920000.0
2016-08-31,119.10405731201172,575.4719848632812,1.1153244972229004,1306.9000244140625,51.346290588378906,18400.880859375,120.37376905035245,577.8610229492188,1.1164453029632568,1313.699951171875,51.65011493423742,18439.6796875,118.81883546685326,573.6420288085938,1.1125946044921875,1306.300048828125,51.20331462614053,18333.560546875,120.37376905035245,577.5910034179688,1.1150758266448975,1310.300048828125,51.51607688709785,18436.69921875,3639200.0,75840896,0.0,214.0,20860300.0,98250000.0
2016-09-01,119.5180892944336,572.302978515625,1.116071343421936,1312.199951171875,51.46246337890625,18419.30078125,119.63770388968199,576.3109741210938,1.1200001239776611,1313.0999755859375,51.66799112657323,18430.05078125,118.10117579379461,571.8140258789062,1.112999439239502,1301.5,50.944173347455205,18295.48046875,119.63770388968199,575.5460205078125,1.1158223152160645,1305.300048828125,50.944173347455205,18396.5703125,2807200.0,76923400,0.0,225.0,26075400.0,74780000.0
2016-09-02,120.6773910522461,575.5369873046875,1.1200717687606812,1322.0999755859375,51.53395080566406,18491.9609375,121.41345599906232,575.6430053710938,1.125112533569336,1326.699951171875,51.99862357937929,18544.759765625,120.1437443167861,570.8109741210938,1.1154004335403442,1309.199951171875,51.31055063034806,18439.099609375,120.42896614935049,572.4099731445312,1.1200717687606812,1309.5999755859375,51.53395080566406,18466.009765625,2631000.0,79910800,0.0,55.0,18900500.0,74350000.0
2016-09-03,,598.2119750976562,,,,,,599.5,,,,,,574.0560302734375,,,,,,575.5549926757812,,,,,,159014000,,,,
2016-09-04,,608.6339721679688,,,,,,611.8369750976562,,,,,,596.8480224609375,,,,,,598.5900268554688,,,,,,97942896,,,,
2016-09-05,,606.5900268554688,1.1161960363388062,,,,,609.0549926757812,1.1184431314468384,,,,,602.2420043945312,1.1141316890716553,,,,,608.989990234375,1.116071343421936,,,,,82446800,0.0,,,
2016-09-06,122.36113739013672,610.4359741210938,1.1153244972229004,1349.4000244140625,51.4803466796875,18538.119140625,122.36113739013672,610.8300170898438,1.1253999471664429,1349.4000244140625,51.65012961785823,18551.5390625,120.7786026357602,605.0910034179688,1.1144545078277588,1323.199951171875,51.122904968066514,18450.3203125,121.10983116665926,606.5059814453125,1.115200161933899,1323.300048828125,51.632257191395496,18493.400390625,4151800.0,78529104,0.0,46.0,16278400.0,83710000.0
2016-09-07,122.03910827636719,614.5440063476562,1.1253657341003418,1344.300048828125,51.5250129699707,18526.140625,122.44394471964023,614.5449829101562,1.1265066862106323,1350.5,51.685861358512575,18536.890625,121.45025909686237,608.5130004882812,1.1232799291610718,1343.9000244140625,51.30161280908654,18474.76953125,121.89189247167302,610.572998046875,1.1248594522476196,1348.4000244140625,51.35523007487248,18527.7109375,2198700.0,75032400,0.0,14.0,17493400.0,67570000.0
2016-09-08,122.27830505371094,626.3159790039062,1.1241008043289185,1336.800048828125,51.319488525390625,18479.91015625,122.28751481466522,628.77001953125,1.1329994201660156,1345.4000244140625,51.6411853231252,18506.240234375,120.99939777607563,613.843994140625,1.1238480806350708,1335.699951171875,51.09608835016564,18446.689453125,121.74467241061397,614.635009765625,1.1241008043289185,1344.800048828125,51.49820934733385,18486.689453125,2618300.0,86713000,0.0,30.0,20146100.0,79060000.0
2016-09-09,118.2575912475586,622.8610229492188,1.1271415948867798,1330.0999755859375,50.22928237915039,18085.44921875,121.39505972228298,626.8300170898438,1.128668189048767,1338.5,51.39990024016875,18404.169921875,118.2483955242617,620.2630004882812,1.1206001043319702,1328.0,50.22928237915039,18085.44921875,121.39505972228298,626.3519897460938,1.126887559890747,1338.5,50.74757229601534,18404.169921875,4892900.0,64550200,0.0,35.0,35113900.0,120670000.0
2016-09-10,,623.5089721679688,,,,,,625.094970703125,,,,,,622.39501953125,,,,,,622.927001953125,,,,,,45016800,,,,
2016-09-11,,606.718994140625,,,,,,628.8179931640625,,,,,,600.5059814453125,,,,,,623.4240112304688,,,,,,73610800,,,,
2016-09-12,119.72051239013672,608.2429809570312,1.1241133213043213,1321.0,50.97991943359375,18325.0703125,120.23575368407998,608.458984375,1.1262530088424683,1329.300048828125,51.122895409746924,18358.689453125,116.21501840737709,605.4110107421875,1.1214659214019775,1319.9000244140625,49.69313564821517,17994.83984375,116.73946244432251,607.0050048828125,1.1241008043289185,1327.0,50.04163937703753,18028.94921875,6381100.0,72812304,0.0,177.0,29303000.0,103260000.0
2016-09-13,118.46919250488281,609.2410278320312,1.1243535280227661,1319.0,50.515254974365234,18066.75,119.62849932260667,611.1929931640625,1.1260005235671997,1324.5999755859375,50.62248953074445,18262.990234375,118.00915368242623,606.9249877929688,1.1219995021820068,1315.0,50.08632697529854,18028.060546875,118.89243439882199,608.0250244140625,1.1241259574890137,1324.5999755859375,50.488448039678794,18262.990234375,4552400.0,86920600,0.0,79.0,30130200.0,102830000.0
2016-09-14,117.46631622314453,610.6840209960938,1.12186861038208,1321.5,50.273963928222656,18034.76953125,118.97524306322548,611.9520263671875,1.1275228261947632,1322.300048828125,50.6045985761069,18163.48046875,117.16268890273375,608.4099731445312,1.1214534044265747,1319.199951171875,50.068436216973666,17992.2109375,118.60721760536039,608.8410034179688,1.121956706047058,1319.199951171875,50.390132950690514,18073.390625,3955400.0,47877700,0.0,73.0,24062500.0,103360000.0
2016-09-15,117.55833435058594,607.155029296875,1.1247328519821167,1313.5,51.10502624511719,18212.48046875,118.19319728194434,611.0859985351562,1.1281588077545166,1320.699951171875,51.248002230386604,18250.109375,116.79467513143148,607.155029296875,1.1220952272415161,1310.800048828125,50.02377014346616,18015.490234375,117.37432160324094,610.5880126953125,1.1245431900024414,1320.699951171875,50.17568404527413,18024.91015625,3462400.0,59464600,0.0,37.0,26847000.0,99550000.0
2016-09-16,116.57383728027344,606.9730224609375,1.124593734741211,1305.800048828125,51.15864562988281,18123.80078125,117.50311768688432,609.260986328125,1.124985933303833,1312.5999755859375,51.498214887222275,18217.2109375,116.24260875949403,606.7349853515625,1.115599513053894,1305.800048828125,50.71184523136855,18070.2109375,117.50311768688432,607.2459716796875,1.1247961521148682,1312.199951171875,51.498214887222275,18217.2109375,8035600.0,64963400,0.0,4.0,44607000.0,278510000.0
2016-09-17,,605.9840087890625,,,,,,607.8599853515625,,,,,,605.1920166015625,,,,,,607.218017578125,,,,,,37140300,,,,
2016-09-18,,609.8740234375,,,,,,610.1580200195312,,,,,,605.8560180664062,,,,,,606.2830200195312,,,,,,48679400,,,,
2016-09-19,117.29151153564453,609.2269897460938,1.1158473491668701,1313.5,50.8726921081543,18120.169921875,118.0459749897708,610.9320068359375,1.1209995746612549,1313.5,51.60544446683961,18254.880859375,117.09828903600945,608.27001953125,1.1153992414474487,1313.5,50.801202410323334,18093.05078125,117.30991000151475,609.8709716796875,1.116071343421936,1313.5,51.17651650630307,18154.8203125,3168100.0,54796400,0.0,20.0,20937100.0,78090000.0
2016-09-20,117.57672119140625,608.31201171875,1.118067979812622,1313.699951171875,50.765464782714844,18129.9609375,118.22997546641308,609.5250244140625,1.1213276386260986,1313.699951171875,51.24800664404712,18227.2109375,117.37430298964506,607.93798828125,1.1165997982025146,1313.699951171875,50.71184750531496,18128.80078125,117.72392996201013,609.2540283203125,1.1179429292678833,1313.699951171875,51.24800664404712,18175.359375,2639300.0,72710896,0.0,97.0,17384000.0,72450000.0
2016-09-21,120.12535095214844,597.1489868164062,1.1153992414474487,1326.9000244140625,51.6143798828125,18293.69921875,120.1897631346565,603.5880126953125,1.1169440746307373,1326.9000244140625,51.694804089879185,18307.4296875,117.9355613752348,595.8829956054688,1.112599492073059,1324.0,51.006734484639885,18121.5703125,117.9355613752348,603.5880126953125,1.1155734062194824,1326.300048828125,51.39097968638464,18164.9609375,3227800.0,82776200,0.0,76.0,33707300.0,94090000.0
2016-09-22,121.33062744140625,596.2979736328125,1.1193194389343262,1340.4000244140625,51.66800308227539,18392.4609375,121.89187533352776,598.4869995117188,1.1258726119995117,1340.4000244140625,51.82885151485442,18449.880859375,120.6865759355135,596.2130126953125,1.1182055473327637,1338.199951171875,51.4982201406939,18343.759765625,120.94419653787061,597.2789916992188,1.1193194389343262,1338.5999755859375,51.75736180756736,18343.759765625,3253100.0,67085300,0.0,23.0,19822200.0,73030000.0
2016-09-23,121.24784851074219,602.8419799804688,1.1210134029388428,1337.199951171875,51.319488525390625,18261.44921875,121.7170831235738,603.2050170898438,1.122999906539917,1337.199951171875,51.74841645276467,18383.759765625,120.53938469039925,595.7860107421875,1.1196001768112183,1337.199951171875,51.27480917210886,18254.83984375,120.76020841134675,596.198974609375,1.1209505796432495,1337.199951171875,51.7126716066128,18377.359375,2330700.0,51067000,0.0,40.0,19955300.0,87170000.0
2016-09-24,,602.625,,,,,,604.5800170898438,,,,,,602.0449829101562,,,,,,602.9609985351562,,,,,,35359500,,,,
2016-09-25,,600.8259887695312,,,,,,603.3809814453125,,,,,,599.7109985351562,,,,,,602.7490234375,,,,,,33977800,,,,
2016-09-26,120.1345443725586,608.0430297851562,1.123923897743225,1339.699951171875,50.84587478637695,18094.830078125,121.06381773620507,608.1430053710938,1.1279042959213257,1341.800048828125,51.06033701841527,18217.759765625,120.00572002506694,600.3489990234375,1.1221996545791626,1335.199951171875,50.78332301796446,18083.3203125,120.5945831932437,600.8070068359375,1.123974323272705,1335.199951171875,51.00672316481354,18217.759765625,2219900.0,59153800,0.0,24.0,21688700.0,95510000.0
2016-09-27,120.82460021972656,606.166015625,1.124985933303833,1325.9000244140625,51.78416442871094,18228.30078125,121.21103113676533,608.2479858398438,1.1260005235671997,1328.699951171875,51.882461057161485,18238.099609375,119.48128071255056,604.1099853515625,1.1193996667861938,1325.9000244140625,50.649291060919175,18052.16015625,119.87690735168415,608.02197265625,1.1250745058059692,1328.0,50.8726912496463,18099.2109375,1939000.0,49422400,0.0,48.0,28065100.0,84130000.0
2016-09-28,121.661865234375,604.72802734375,1.121956706047058,1319.4000244140625,51.85564422607422,18339.240234375,121.78147982292218,606.5900268554688,1.123721718788147,1319.4000244140625,51.882454563360916,18349.859375,120.15293843126908,604.6069946289062,1.1184005737304688,1319.4000244140625,51.5339474491613,18179.33984375,121.07301609265734,606.2429809570312,1.1218308210372925,1319.4000244140625,51.72160617490446,18240.220703125,1773000.0,48722600,0.0,10551.0,20536400.0,97650000.0
2016-09-29,120.55779266357422,605.6929931640625,1.1224982738494873,1321.699951171875,51.29267883300781,18143.44921875,122.16792880893598,606.823974609375,1.1249998807907104,1325.0,51.980748335889146,18366.23046875,120.23575981879264,604.8480224609375,1.1199462413787842,1314.699951171875,51.12289252733769,18091.640625,121.26625649852984,605.0189819335938,1.1224603652954102,1321.199951171875,51.65905496429433,18322.880859375,2199400.0,55658600,0.0,6108.0,25463500.0,95880000.0
2016-09-30,121.2110366821289,609.7349853515625,1.121956706047058,1313.300048828125,51.471397399902344,18308.150390625,122.02990524268432,609.7349853515625,1.1249998807907104,1327.699951171875,51.62331128689264,18369.619140625,120.77859905629134,604.1420288085938,1.1154004335403442,1312.9000244140625,51.23906272480759,18181.80078125,121.53305544142493,605.7150268554688,1.1222084760665894,1320.5999755859375,51.44459047053419,18181.80078125,3118900.0,56122400,0.0,868.0,29910800.0,135470000.0
2016-10-01,,613.9829711914062,,,,,,615.2369995117188,,,,,,609.9290161132812,,,,,,609.9290161132812,,,,,,56357000,,,,
2016-10-02,,610.8920288085938,,,,,,614.0050048828125,,,,,,609.6820068359375,,,,,,613.947998046875,,,,,,39249800,,,,
2016-10-03,121.79988098144531,612.1329956054688,1.1234692335128784,1309.0,51.310546875,18253.849609375,122.11270400578245,612.5679931640625,1.1243535280227661,1316.800048828125,51.42671591213059,18279.80078125,120.29095423192865,610.4550170898438,1.1206001043319702,1308.199951171875,50.98885350949481,18203.75,120.78778997415407,610.968017578125,1.1235954761505127,1313.5,51.30161236852037,18279.599609375,2439400.0,46798300,0.0,299.0,19189500.0,68520000.0
2016-10-04,121.6802749633789,610.2039794921875,1.121038556098938,1266.300048828125,51.14970016479492,18168.44921875,122.58194717199811,612.0540161132812,1.1249998807907104,1310.199951171875,51.471393519408004,18313.76953125,121.16503370131079,609.47900390625,1.1140000820159912,1266.300048828125,50.908427592223276,18116.259765625,122.15871929498707,612.052001953125,1.1213276386260986,1307.5999755859375,51.17650709214207,18267.6796875,2829200.0,49801600,0.0,1893.0,20085900.0,79710000.0
2016-10-05,123.8976821899414,612.510986328125,1.121076226234436,1265.199951171875,51.507137298583984,18281.029296875,124.1184918808567,613.8140258789062,1.1239995956420898,1274.0,51.793089213770436,18315.8203125,121.95631743476221,609.6170043945312,1.1192004680633545,1261.300048828125,51.167568120994176,18205.5,122.3059374584692,610.218017578125,1.121076226234436,1272.0999755859375,51.194378456603715,18205.5,3137500.0,68077504,0.0,246.0,16726400.0,76190000.0
2016-10-06,123.67682647705078,613.02099609375,1.120824933052063,1249.800048828125,51.596500396728516,18268.5,124.21047315755114,613.8189697265625,1.1212018728256226,1265.300048828125,51.70373151478559,18288.119140625,122.99596401449452,611.468994140625,1.114951491355896,1249.800048828125,51.18544152801413,18162.970703125,124.05406165384288,612.469970703125,1.120824933052063,1265.300048828125,51.596500396728516,18280.419921875,3614900.0,56812100,0.0,114.0,16212600.0,78660000.0
2016-10-07,123.15238952636719,617.1209716796875,1.1144545078277588,1248.9000244140625,51.65011978149414,18240.490234375,123.8976501188411,617.9119873046875,1.1201971769332886,1263.5999755859375,51.81096818020957,18319.73046875,121.94707610526736,611.8209838867188,1.110600233078003,1248.9000244140625,51.3105505610042,18149.349609375,123.22598337810685,612.6079711914062,1.1145787239074707,1253.9000244140625,51.69479913473373,18295.349609375,4302000.0,64071400,0.0,169.0,20089000.0,82680000.0
2016-10-08,,619.1079711914062,,,,,,619.8489990234375,,,,,,617.3410034179688,,,,,,617.3410034179688,,,,,,42345900,,,,
2016-10-09,,616.7520141601562,,,,,,619.197998046875,,,,,,616.6069946289062,,,,,,619.1719970703125,,,,,,39243400,,,,
2016-10-10,124.98335266113281,618.9940185546875,1.1196954250335693,,51.86458206176758,18329.0390625,125.93103157856436,621.3179931640625,1.1201971769332886,,52.17734092283249,18399.9609375,123.83325552451474,616.197021484375,1.1150758266448975,,51.7126681800961,18282.94921875,123.83325552451474,616.822021484375,1.1195449829101562,,51.7484130238795,18282.94921875,3343300.0,67481104,0.0,,18196500.0,72110000.0
2016-10-11,123.05120086669922,641.072021484375,1.1140819787979126,1253.0,51.10502624511719,18128.66015625,124.84534963529535,642.0800170898438,1.1143302917480469,1258.9000244140625,51.84671651226357,18312.330078125,122.61876320974629,618.5,1.105600357055664,1253.0,50.836946698839064,18061.9609375,124.15529133666053,619.2379760742188,1.1143302917480469,1258.9000244140625,51.73054745897704,18308.4296875,3607300.0,103590000,0.0,26.0,26497400.0,88610000.0
2016-10-12,122.51753997802734,636.1920166015625,1.1061947345733643,1251.0999755859375,51.033531188964844,18144.19921875,123.54802242599577,641.3369750976562,1.1061947345733643,1254.0,51.176507149669966,18193.9609375,122.37032418852603,635.9650268554688,1.1006003618240356,1251.0999755859375,50.39907557638682,18082.08984375,123.06957812975168,640.8709716796875,1.1061947345733643,1251.699951171875,51.033531188964844,18132.630859375,2264200.0,92370200,0.0,127.0,22177500.0,72230000.0
2016-10-13,122.719970703125,636.7860107421875,1.1011881828308105,1255.0,50.863746643066406,18098.939453125,123.2260022173651,638.8330078125,1.1048502922058105,1259.0,51.20331583973678,18137.69921875,120.8890109874261,635.0289916992188,1.0986005067825317,1255.0,50.327587624168686,17959.94921875,121.83668991524308,636.030029296875,1.1013215780258179,1258.699951171875,50.66715682083906,18088.3203125,3544200.0,61620700,0.0,315.0,25313700.0,83160000.0
2016-10-14,122.83036041259766,640.3779907226562,1.1049723625183105,1253.0999755859375,51.310546875,18138.380859375,124.44049622324968,641.2849731445312,1.1058276891708374,1253.9000244140625,51.596502214586664,18261.109375,122.8119549294803,637.0079956054688,1.098538875579834,1250.5999755859375,51.042467366004395,18138.380859375,123.80564042876652,637.0079956054688,1.1049723625183105,1253.9000244140625,51.042467366004395,18177.349609375,2317400.0,58144600,0.0,311.0,27402500.0,87050000.0
2016-10-15,,638.64599609375,,,,,,642.1019897460938,,,,,,637.3900146484375,,,,,,640.3109741210938,,,,,,39035400,,,,
2016-10-16,,641.6309814453125,,,,,,642.8980102539062,,,,,,638.9010009765625,,,,,,639.0830078125,,,,,,40298100,,,,
2016-10-17,123.29042053222656,639.1929931640625,1.0967799425125122,1254.4000244140625,51.13182067871094,18086.400390625,124.56013234072269,642.3280029296875,1.1012003421783447,1255.0,51.34628288548729,18162.279296875,122.67397011427813,638.6630249023438,1.0965272188186646,1249.9000244140625,50.81905846467373,18063.01953125,122.83038164964364,641.8179931640625,1.0968520641326904,1249.9000244140625,51.256924200799695,18135.849609375,2435100.0,58063600,0.0,41.0,23830000.0,75960000.0
2016-10-18,124.3025131225586,637.9600219726562,1.1015641689300537,1260.800048828125,51.5250129699707,18161.939453125,124.89136233748202,640.7360229492188,1.1029006242752075,1261.699951171875,51.78415797471216,18225.80078125,124.13689182249776,635.9959716796875,1.09719979763031,1260.800048828125,51.30161280908654,18129.44921875,124.23810093940364,639.4110107421875,1.1012003421783447,1260.9000244140625,51.40884393184248,18145.060546875,2271000.0,65546700,0.0,11.0,19149500.0,74600000.0
2016-10-19,125.29618072509766,630.52001953125,1.0976948738098145,1267.9000244140625,51.40884780883789,18202.619140625,126.00464452059117,638.8740234375,1.100473165512085,1271.5,51.68586525639925,18252.19921875,124.5141230644757,628.0130004882812,1.0955997705459595,1262.9000244140625,51.29268217076497,18169.25,124.59692669219939,638.1339721679688,1.0975743532180786,1262.9000244140625,51.3552339478246,18178.2109375,2265900.0,69381696,0.0,219.0,22878400.0,88040000.0
2016-10-20,124.98335266113281,630.8569946289062,1.0975141525268555,1265.5999755859375,51.15864562988281,18162.349609375,125.82062674601596,631.9169921875,1.1029006242752075,1270.5,51.39991825413849,18249.05078125,124.55091501462267,628.2579956054688,1.0916005373001099,1265.5,50.63142102328332,18129.0703125,125.05696056258897,630.6630249023438,1.0975743532180786,1270.0,51.38204582913994,18161.869140625,2539700.0,56957300,0.0,415.0,49455600.0,88830000.0
2016-10-21,124.79015350341797,632.8280029296875,1.0930395126342773,1265.9000244140625,53.31221389770508,18145.7109375,125.30539481273469,634.093994140625,1.093135118484497,1265.9000244140625,54.018159219456585,18168.759765625,123.52044167740696,630.6939697265625,1.0862481594085693,1265.9000244140625,53.16030342555941,18049.76953125,123.95287935614193,630.8250122070312,1.0930275917053223,1265.9000244140625,53.86624533849501,18152.630859375,2205000.0,55951000,0.0,224.0,80032200.0,117810000.0
2016-10-22,,657.2940063476562,,,,,,658.197021484375,,,,,,632.8499755859375,,,,,,633.135986328125,,,,,,78556496,,,,
2016-10-23,,657.0709838867188,,,,,,661.1290283203125,,,,,,653.885986328125,,,,,,657.6209716796875,,,,,,54474600,,,,
2016-10-24,126.46467590332031,653.760986328125,1.0882576704025269,1262.0,54.5096435546875,18223.029296875,127.7803943027373,657.2520141601562,1.0901999473571777,1269.199951171875,54.5096435546875,18275.0390625,125.50780128133003,652.594970703125,1.0860475301742554,1261.800048828125,53.553491063400735,18191.1796875,125.50780128133003,657.1610107421875,1.0884946584701538,1269.199951171875,53.56242557066172,18197.140625,3814200.0,62218200,0.0,42.0,54067000.0,88540000.0
2016-10-25,127.90921020507812,657.5880126953125,1.0875475406646729,1271.9000244140625,54.50070571899414,18169.26953125,128.27723568208714,664.4240112304688,1.0900002717971802,1274.0999755859375,54.84027151523301,18241.689453125,126.37268207769382,653.697998046875,1.0853402614593506,1264.0999755859375,54.33091941205871,18151.69921875,126.53828933056627,654.0020141601562,1.0875475406646729,1264.0999755859375,54.375598763267405,18206.51953125,5209100.0,90378800,0.0,61.0,35137200.0,83190000.0
2016-10-26,133.90811157226562,678.3040161132812,1.0887316465377808,1264.800048828125,54.17901611328125,18199.330078125,134.50617054232634,679.72802734375,1.0948106050491333,1274.0,54.68836828392944,18236.0390625,125.79303299560206,657.677978515625,1.0876659154891968,1264.800048828125,54.0360401251838,18062.30078125,127.36635810977904,657.677978515625,1.0887197256088257,1274.0,54.33986452599294,18103.80078125,13272000.0,88877104,0.0,279.0,29911600.0,86340000.0
2016-10-27,131.85633850097656,688.31298828125,1.091202735900879,1267.9000244140625,53.70540237426758,18169.6796875,134.5429638135565,688.593994140625,1.0942115783691406,1269.4000244140625,54.35773390528361,18253.19921875,130.44862068375613,678.0399780273438,1.0893957614898682,1267.9000244140625,53.69646786686922,18149.19921875,134.1749383337458,678.2139892578125,1.0911074876785278,1269.4000244140625,54.16114065435734,18234.810546875,7857100.0,96105296,0.0,338.0,28479900.0,83530000.0
2016-10-28,131.580322265625,689.6510009765625,1.0900371074676514,1275.5,53.499874114990234,18161.189453125,132.49120434966733,690.4439697265625,1.0952903032302856,1281.5,54.08071594611565,18257.060546875,130.8074602763442,684.1619873046875,1.089751958847046,1262.0,53.240732497069494,18094.970703125,132.2335836865737,688.0,1.0900014638900757,1270.300048828125,53.624977670293255,18193.7890625,4636100.0,81145504,0.0,560.0,33574700.0,107850000.0
2016-10-29,,714.47900390625,,,,,,720.4019775390625,,,,,,690.052001953125,,,,,,690.2890014648438,,,,,,134760992,,,,
2016-10-30,,701.864013671875,,,,,,714.1179809570312,,,,,,696.4749755859375,,,,,,714.1179809570312,,,,,,100665000,,,,
2016-10-31,131.0466766357422,700.9719848632812,1.0984665155410767,1271.5,53.5445442199707,18142.419921875,131.89316058129214,709.2890014648438,1.0984183549880981,1276.5999755859375,53.991344502482406,18193.6796875,130.78905597032204,691.6820068359375,1.0939244031906128,1271.5,53.5445442199707,18130.580078125,131.61713442854963,702.6400146484375,1.0984183549880981,1276.5999755859375,53.7590098554552,18176.599609375,3075900.0,97064400,0.0,58.0,26434700.0,110080000.0
2016-11-01,131.02828979492188,729.7930297851562,1.0973334312438965,1286.4000244140625,53.43732452392578,18037.099609375,132.3991968042673,736.4520263671875,1.1050944328308105,1290.699951171875,53.63391778105557,18177.009765625,130.4762374700255,701.3369750976562,1.0961787700653076,1279.0,52.945844789917665,17940.83984375,131.52512565590953,701.3369750976562,1.0973334312438965,1279.300048828125,53.58923842502145,18158.240234375,3245000.0,130527000,0.0,49.0,24533000.0,101280000.0
2016-11-02,129.5009307861328,740.8289794921875,1.1057054996490479,1306.800048828125,53.10669708251953,17959.640625,131.45149093489186,740.8289794921875,1.1119760274887085,1307.0,53.553497493169154,18044.150390625,129.35371499094734,722.3489990234375,1.10515558719635,1288.300048828125,52.99052802128198,17931.890625,130.6510278623862,730.0659790039062,1.1059499979019165,1288.300048828125,53.45520085741558,18017.720703125,2782100.0,84865200,0.0,30.0,22147000.0,88610000.0
2016-11-03,128.82925415039062,688.7000122070312,1.1097548007965088,1302.0999755859375,52.91010284423828,17930.669921875,129.63891279532552,745.7730102539062,1.1128422021865845,1303.0999755859375,53.294351463081284,18006.9609375,128.2128039164698,678.156005859375,1.1060845851898193,1287.300048828125,52.82074412726776,17904.0703125,129.51010250822668,742.3460083007812,1.1097548007965088,1296.4000244140625,53.19605482912379,17978.75,2280800.0,172808000,0.0,73.0,21600400.0,77860000.0
2016-11-04,128.38766479492188,703.2349853515625,1.1102476119995117,1303.300048828125,52.463294982910156,17888.279296875,129.59297864448124,706.9299926757812,1.1125946044921875,1303.300048828125,52.9726470966226,17986.759765625,127.70681612978227,685.56298828125,1.1084016561508179,1296.699951171875,52.29351208127803,17883.560546875,127.99203803428937,689.1240234375,1.1102476119995117,1300.0,52.40968112387689,17928.349609375,2951500.0,99907696,0.0,11.0,28697000.0,97760000.0
2016-11-05,,703.4180297851562,,,,,,707.510009765625,,,,,,697.739013671875,,,,,,703.5250244140625,,,,,,53752300,,,,
2016-11-06,,711.52197265625,,,,,,714.2579956054688,,,,,,699.5599975585938,,,,,,703.81201171875,,,,,,59902200,,,,
2016-11-07,131.59869384765625,703.1309814453125,1.1101243495941162,1278.300048828125,53.99135208129883,18259.599609375,131.66310601647106,710.7360229492188,1.1112345457077026,1294.5,54.08071419563439,18263.30078125,130.18178056569533,699.9030151367188,1.1033873558044434,1278.300048828125,53.41944818481567,17994.640625,130.19097628726763,710.7360229492188,1.1096316576004028,1292.0,53.41944818481567,17994.640625,3228200.0,65047100,0.0,34.0,31664800.0,93450000.0
2016-11-08,131.83975219726562,709.8480224609375,1.1052166223526,1273.4000244140625,54.03604507446289,18332.740234375,132.86888165259768,712.9869995117188,1.1068068742752075,1289.4000244140625,54.313059159314776,18400.5,130.99604854124675,702.3900146484375,1.1030588150024414,1273.199951171875,53.75009307207703,18200.75,131.58015324881086,703.0889892578125,1.1050456762313843,1284.0999755859375,54.10753137065098,18251.380859375,2823800.0,79660800,0.0,50.0,22935400.0,79820000.0
2016-11-09,134.51919555664062,723.2730102539062,1.1019041538238525,1272.5999755859375,53.76795959472656,18589.689453125,135.22383340120282,740.0460205078125,1.1301988363265991,1318.5999755859375,54.14327371095425,18650.060546875,131.2278345614004,708.6099853515625,1.093398094177246,1270.0,52.90116911907003,18252.55078125,131.28347503366717,709.8250122070312,1.1020498275756836,1272.199951171875,53.61604909186491,18317.259765625,5494400.0,132429000,0.0,108.0,49632500.0,173110000.0
2016-11-10,136.92979431152344,715.5339965820312,1.0920606851577759,1265.5,52.45435333251953,18807.880859375,138.45957507613892,723.0180053710938,1.0955302715301514,1287.5,54.05389914628867,18873.66015625,135.72450520908623,711.2100219726562,1.0866104364395142,1253.300048828125,51.49820101005767,18603.140625,135.83575787645208,722.843994140625,1.0920368432998657,1274.4000244140625,54.04496123178962,18603.140625,6508300.0,68807800,0.0,63.0,57822400.0,164390000.0
2016-11-11,137.69932556152344,716.4110107421875,1.0889687538146973,,52.740318298339844,18847.66015625,137.77349872246484,718.3179931640625,1.0925379991531372,,52.829677012565355,18855.779296875,135.88211848616913,714.4099731445312,1.0856997966766357,,51.83777960410656,18736.9609375,136.40131646567494,715.5549926757812,1.0889687538146973,,52.034372865982405,18781.650390625,3585200.0,63119700,0.0,,38767800.0,107300000.0
2016-11-12,,705.0540161132812,,,,,,717.1480102539062,,,,,,704.0349731445312,,,,,,716.7520141601562,,,,,,64622500,,,,
2016-11-13,,702.031005859375,,,,,,705.2570190429688,,,,,,687.3150024414062,,,,,,705.1959838867188,,,,,,80318096,,,,
2016-11-14,139.06224060058594,705.02099609375,1.0824854373931885,1221.199951171875,51.93607711791992,18868.689453125,139.15494645029574,706.2839965820312,1.0874292850494385,1229.5,52.79393646962344,18934.05078125,137.41192651664778,699.8079833984375,1.0710800886154175,1210.4000244140625,51.18545231568966,18815.75,137.41192651664778,701.9970092773438,1.082602620124817,1227.800048828125,52.740319194886816,18876.76953125,4490900.0,62993000,0.0,216.0,41328400.0,112250000.0
2016-11-15,137.31919860839844,711.6190185546875,1.0750375986099243,1224.0,52.961669921875,18923.060546875,138.56156727019743,715.718017578125,1.0816657543182373,1226.0,53.519447761367175,18925.259765625,136.46622844595058,705.260009765625,1.072369933128357,1222.5,52.466869878066824,18806.060546875,137.62515760369243,705.7940063476562,1.0746910572052002,1224.300048828125,52.47586817681258,18858.2109375,3856600.0,72038496,0.0,20.0,35904100.0,100660000.0
2016-11-16,135.7708740234375,744.197998046875,1.0727311372756958,1223.4000244140625,53.66337966918945,18868.140625,137.59734754913362,747.614990234375,1.0760787725448608,1229.300048828125,53.672374534416036,18909.849609375,135.49272818986887,709.0390014648438,1.067121982574463,1223.0,52.907684011898574,18825.890625,136.56821786788902,711.1669921875,1.0726161003112793,1229.300048828125,53.0246344190682,18909.849609375,3559700.0,141294000,0.0,66.0,27332500.0,87320000.0
2016-11-17,134.74172973632812,740.9769897460938,1.0706638097763062,1216.5,54.55400466918945,18903.8203125,136.40130992315235,755.64501953125,1.0750375986099243,1225.0,54.832893464311375,18904.029296875,134.43577076727675,739.510986328125,1.0666905641555786,1211.0,53.95124933269731,18845.26953125,136.13244460633445,744.8759765625,1.0705492496490479,1224.5999755859375,54.34708850449019,18866.220703125,3656100.0,108579000,0.0,1139.0,32132700.0,89940000.0
2016-11-18,135.68739318847656,751.5850219726562,1.062304139137268,1208.5,54.293121337890625,18867.9296875,135.91917895467,752.8820190429688,1.0639996528625488,1211.9000244140625,55.003835781109096,18915.740234375,133.93509336193733,736.8900146484375,1.057305932044983,1207.199951171875,54.24814014960287,18853.830078125,134.60262335326044,740.7050170898438,1.0624734163284302,1211.9000244140625,54.679965734485755,18905.330078125,2214400.0,87363104,0.0,607.0,27686300.0,109880000.0
2016-11-19,,751.6160278320312,,,,,,756.2369995117188,,,,,,744.4669799804688,,,,,,751.8330078125,,,,,,110608000,,,,
2016-11-20,,731.0260009765625,,,,,,755.47998046875,,,,,,717.9439697265625,,,,,,751.8790283203125,,,,,,154116000,,,,
2016-11-21,136.30859375,739.2479858398438,1.0584250688552856,1209.5999755859375,54.75193786621094,18956.689453125,137.67149535101947,741.7219848632812,1.0650999546051025,1209.5999755859375,54.85089853861996,18960.759765625,135.84502216181875,730.510009765625,1.0585371255874634,1209.5999755859375,54.35609517657484,18883.099609375,136.48475321704203,731.2650146484375,1.0585371255874634,1209.5999755859375,54.428067822634006,18898.6796875,2825900.0,60802400,0.0,19.0,19652600.0,80520000.0
2016-11-22,138.62644958496094,751.3469848632812,1.0638864040374756,1211.0,54.985843658447266,19023.869140625,138.84895488977517,753.8699951171875,1.065870761871338,1211.0999755859375,55.11179236077081,19043.900390625,137.1059353647086,736.5269775390625,1.0587276220321655,1207.5999755859375,54.7069582266865,18962.8203125,137.12446804205516,739.6430053710938,1.0638750791549683,1210.4000244140625,54.859894956123725,18970.390625,3770000.0,129906000,0.0,19.0,23206700.0,85310000.0
2016-11-23,138.8304443359375,744.593994140625,1.0633772611618042,1189.0999755859375,54.33810806274414,19083.1796875,139.82248032117934,752.25,1.0645092725753784,1213.800048828125,54.96785158685445,19083.759765625,138.17216636110345,738.9240112304688,1.0529640913009644,1186.800048828125,54.20316106080918,19000.380859375,138.70991117856744,751.7410278320312,1.0634112358093262,1212.800048828125,54.886884072062436,19015.51953125,2857500.0,76543800,0.0,309.0,21848900.0,77880000.0
2016-11-24,,740.2890014648438,1.0545185804367065,,,,,746.8319702148438,1.0587612390518188,,,,,733.489990234375,1.0522550344467163,,,,,744.6199951171875,1.0546298027038574,,,,,85919296,0.0,,,
2016-11-25,139.10853576660156,741.6489868164062,1.0561892986297607,1178.199951171875,54.455055236816406,19152.140625,139.2105220670825,741.6489868164062,1.0628122091293335,1189.300048828125,54.455055236816406,19152.140625,138.1721263873348,734.5910034179688,1.0541073083877563,1177.0,54.0952023060999,19093.720703125,139.0714562696449,740.4420166015625,1.0564124584197998,1177.0,54.24813902948938,19093.720703125,962300.0,67807600,0.0,14.0,8409600.0,45890000.0
2016-11-26,,735.3820190429688,,,,,,742.2139892578125,,,,,,729.625,,,,,,741.510986328125,,,,,,54962700,,,,
2016-11-27,,732.0349731445312,,,,,,739.0180053710938,,,,,,731.0850219726562,,,,,,735.43701171875,,,,,,52601800,,,,
2016-11-28,138.85824584960938,735.81298828125,1.0612331628799438,1190.5999755859375,54.52702713012695,19097.900390625,139.15492432743412,738.0059814453125,1.0684902667999268,1190.5999755859375,54.89587835233548,19138.720703125,137.51389099231824,732.4840087890625,1.056747317314148,1188.0,54.16717077252833,19072.25,138.14434159962272,732.4840087890625,1.0611205101013184,1188.0,54.28412460352457,19122.140625,4728800.0,61888600,0.0,189914.0,20732600.0,88460000.0
2016-11-29,140.59197998046875,735.60400390625,1.062134861946106,1187.9000244140625,54.95884323120117,19121.599609375,141.02773837190804,737.4710083007812,1.0633999109268188,1194.800048828125,55.246726894942356,19144.400390625,138.24630905484753,734.5590209960938,1.056859016418457,1179.4000244140625,54.44605024067194,19062.220703125,138.91385322270855,736.3289794921875,1.062022089958191,1193.199951171875,54.563004051518035,19064.0703125,3945600.0,68511104,0.0,42124.0,22366700.0,81510000.0
2016-11-30,139.59066772460938,745.6909790039062,1.0648492574691772,1170.800048828125,54.21215057373047,19123.580078125,141.92707237900498,747.9290161132812,1.066699743270874,1193.300048828125,55.03981880231619,19225.2890625,139.59066772460938,736.2650146484375,1.058500051498413,1167.9000244140625,54.1761676843659,19123.380859375,140.54562401903698,736.2839965820312,1.0648492574691772,1187.0999755859375,54.75193509633276,19135.640625,3991000.0,84070800,0.0,7158.0,34655400.0,164570000.0
2016-12-01,141.287353515625,756.7739868164062,1.0592098236083984,1166.9000244140625,53.25852584838867,19191.9296875,141.56549930865106,758.2750244140625,1.0637166500091553,1174.5999755859375,54.11318192164794,19214.30078125,139.43306709156164,746.0460205078125,1.0587612390518188,1160.0,53.02461824172297,19138.7890625,139.7575728746058,746.0460205078125,1.0592098236083984,1172.699951171875,54.077195608031104,19149.19921875,2843900.0,80461904,0.0,1588.0,34542100.0,108800000.0
2016-12-02,141.1575469970703,777.9439697265625,1.0663141012191772,1175.0999755859375,53.30352020263672,19170.419921875,141.38006644981817,781.2960205078125,1.0691757202148438,1177.300048828125,53.50144154461737,19196.140625,140.10987069262023,757.5449829101562,1.0627998113632202,1166.4000244140625,52.898682653969296,19141.1796875,141.34297280081918,757.5449829101562,1.0663254261016846,1172.300048828125,53.150583479720474,19161.25,2105600.0,127605000,0.0,1521.0,25515700.0,84920000.0
2016-12-03,,771.155029296875,,,,,,778.2479858398438,,,,,,764.8560180664062,,,,,,778.2479858398438,,,,,,69547296,,,,
2016-12-04,,773.8720092773438,,,,,,773.8720092773438,,,,,,768.1610107421875,,,,,,771.6380004882812,,,,,,60557900,,,,
2016-12-05,141.07411193847656,758.7000122070312,1.0582010746002197,1174.0,54.176170349121094,19216.240234375,142.54826622314295,773.468017578125,1.0741138458251953,1186.699951171875,54.509035257066174,19274.849609375,140.7866998115761,751.7130126953125,1.054185152053833,1157.0,53.58240974734449,19186.73046875,142.0754282866695,773.3939819335938,1.0570825338363647,1181.800048828125,53.708358445926706,19244.349609375,2855900.0,106363000,0.0,358.0,23552700.0,317800000.0
2016-12-06,141.14828491210938,764.2239990234375,1.0757315158843994,1167.5999755859375,53.933250427246094,19251.779296875,141.51913653078338,765.6220092773438,1.078515887260437,1174.5,54.39206388583956,19255.890625,139.090025890179,758.719970703125,1.07260000705719,1167.0999755859375,53.79830347550732,19184.740234375,139.85027595258546,758.719970703125,1.0758472681045532,1170.9000244140625,54.365075868229226,19219.91015625,3476300.0,116218000,0.0,652.0,19907000.0,284960000.0
2016-12-07,142.9098663330078,768.1320190429688,1.0720411539077759,1175.0,55.21075439453125,19549.619140625,143.06747899485438,771.5430297851562,1.0769003629684448,1178.5,55.21975269168706,19558.419921875,140.06354378564043,759.75,1.0713521242141724,1166.4000244140625,53.79832374341397,19229.830078125,140.6198212720841,764.2109985351562,1.071926236152649,1167.699951171875,53.98724680154803,19241.990234375,2955800.0,96426096,0.0,182.0,30809000.0,385200000.0
2016-12-08,144.06878662109375,770.8099975585938,1.0761945247650146,1169.800048828125,54.88687515258789,19614.810546875,144.6065313946717,774.697998046875,1.0856584310531616,1177.800048828125,55.39967161750109,19664.970703125,142.90985757814556,765.9459838867188,1.0609999895095825,1169.0999755859375,54.73393844496997,19527.830078125,143.33634969066702,768.0759887695312,1.0760092735290527,1173.800048828125,55.14777081694767,19559.939453125,2928400.0,80111904,0.0,322.0,21220800.0,324570000.0
2016-12-09,145.08863830566406,772.7940063476562,1.062134861946106,1159.4000244140625,55.75053787231445,19756.849609375,145.45022357244076,774.5280151367188,1.063151240348816,1168.800048828125,55.768531034426005,19757.740234375,144.0965883331515,769.6489868164062,1.0538407564163208,1156.0,54.99484222285308,19623.189453125,144.30982729892187,769.9439697265625,1.062134861946106,1166.5999755859375,55.03982341220958,19631.349609375,2707900.0,68705296,0.0,365.0,27349400.0,334470000.0
2016-12-10,,774.6500244140625,,,,,,777.0919799804688,,,,,,772.9099731445312,,,,,,773.0230102539062,,,,,,53843100,,,,
2016-12-11,,769.7310180664062,,,,,,774.7979736328125,,,,,,765.4119873046875,,,,,,774.7520141601562,,,,,,57313400,,,,
2016-12-12,145.70982360839844,780.0869750976562,1.0547411441802979,1163.5,55.930458068847656,19796.4296875,146.48862047384577,781.9219970703125,1.062699317932129,1163.9000244140625,56.04741189711327,19824.58984375,143.05819358330504,770.0399780273438,1.0527424812316895,1153.0,55.52562396580692,19747.740234375,144.6343341387338,770.0399780273438,1.0546298027038574,1158.300048828125,55.61558633718386,19770.19921875,4250600.0,76571000,0.0,331.0,20198100.0,333660000.0
2016-12-13,145.24624633789062,780.5560302734375,1.0641694068908691,1156.699951171875,56.65917205810547,19911.2109375,148.4078078107737,788.4600219726562,1.065303087234497,1164.0,57.055011341643656,19953.75,143.59593269602115,777.9619750976562,1.0606703758239746,1155.4000244140625,55.9934421979801,19846.44921875,147.50847784168872,780.64697265625,1.0642826557159424,1163.5,56.227346449197015,19852.2109375,5650400.0,81645600,0.0,637.0,35718900.0,388420000.0
2016-12-14,143.21585083007812,781.4810180664062,1.062925100326538,1161.300048828125,56.389278411865234,19792.529296875,144.97741773825845,782.0339965820312,1.0666667222976685,1164.0,57.08199969423118,19966.4296875,142.94697130537588,776.8389892578125,1.0615001916885376,1142.0,56.2543314149953,19748.669921875,144.8476182202566,780.0050048828125,1.0630381107330322,1159.800048828125,56.677162135466055,19876.130859375,3640200.0,75979000,0.0,487.0,30352700.0,408430000.0
2016-12-15,142.56680297851562,778.0880126953125,1.051414132118225,1127.800048828125,56.299312591552734,19852.240234375,143.9297045105909,781.4349975585938,1.052520751953125,1143.300048828125,56.81210565734126,19951.2890625,141.90852513188196,777.802001953125,1.0403661727905273,1123.9000244140625,56.047411774926374,19811.5,142.7151351274476,780.0700073242188,1.0515247583389282,1139.800048828125,56.40726812333862,19811.5,2889300.0,81580096,0.0,244.0,27669900.0,357350000.0
2016-12-16,143.24362182617188,784.906982421875,1.0418837070465088,1135.300048828125,56.04741668701172,19843.41015625,144.63433660118326,785.031982421875,1.0472300052642822,1140.9000244140625,56.632182446470296,19923.169921875,141.98270653094494,778.9630126953125,1.0403661727905273,1126.9000244140625,55.885481659218414,19821.0,142.66879757956684,778.9630126953125,1.041775107383728,1126.9000244140625,56.632182446470296,19909.009765625,5888300.0,83608200,0.0,146.0,42453100.0,573470000.0
2016-12-17,,790.8289794921875,,,,,,792.5089721679688,,,,,,784.864013671875,,,,,,785.166015625,,,,,,78989800,,,,
2016-12-18,,790.530029296875,,,,,,794.7369995117188,,,,,,788.0260009765625,,,,,,791.0079956054688,,,,,,60524400,,,,
2016-12-19,144.80123901367188,792.7139892578125,1.0449975728988647,1140.5,57.23493957519531,19883.060546875,145.65422332979813,793.6110229492188,1.0481960773468018,1140.699951171875,57.36988657950222,19917.779296875,143.77212349484267,790.3200073242188,1.0413411855697632,1137.9000244140625,56.15537383627472,19832.94921875,143.85556299954484,790.6920166015625,1.0448229312896729,1139.4000244140625,56.28132597515544,19836.66015625,3002800.0,74886400,0.0,249.0,34338200.0,302310000.0
2016-12-20,144.99594116210938,800.8759765625,1.0405826568603516,1131.5,57.162967681884766,19974.619140625,146.38665612209397,801.3369750976562,1.0419923067092896,1133.5,57.39687192231601,19987.630859375,144.5879958436471,791.4970092773438,1.0355182886123657,1126.5,56.70415063418292,19920.419921875,145.5244196375039,792.2470092773438,1.040474534034729,1133.5,57.297911248033465,19920.58984375,2270100.0,99629296,0.0,46.0,26028400.0,284080000.0
2016-12-21,146.0065155029297,834.281005859375,1.039047360420227,1131.0999755859375,57.162967681884766,19941.9609375,146.95220558205432,834.281005859375,1.0451505184173584,1136.0999755859375,57.30690954488354,19986.560546875,145.23698490538627,799.405029296875,1.0385295152664185,1130.0,56.78511814661003,19941.9609375,145.27407855786828,800.6439819335938,1.0393929481506348,1136.0999755859375,57.06400700760222,19968.970703125,2326000.0,155576000,0.0,50.0,17096300.0,256640000.0
2016-12-22,145.9879913330078,864.5399780273438,1.0428615808486938,1128.800048828125,57.171958923339844,19918.880859375,147.40651946083517,875.781982421875,1.0497585535049438,1132.800048828125,57.6667588315475,19933.830078125,144.86614170691246,834.1489868164062,1.0427528619766235,1128.300048828125,57.046010230179114,19882.189453125,146.952214147492,834.1799926757812,1.0427528619766235,1131.199951171875,57.432854605941074,19922.6796875,3958500.0,200027008,0.0,104.0,22176600.0,258290000.0
2016-12-23,146.3124542236328,921.9840087890625,1.0437650680541992,1131.9000244140625,56.89307403564453,19933.810546875,146.73894628564724,925.1170043945312,1.0467915534973145,1132.800048828125,57.162964585165724,19934.150390625,145.10716533228563,864.677001953125,1.0429704189300537,1130.300048828125,56.49723135995855,19899.060546875,146.73894628564724,864.8880004882812,1.0439503192901611,1130.9000244140625,57.08199707712491,19908.609375,2135800.0,275564000,0.0,70.0,12403800.0,158260000.0
2016-12-24,,898.822021484375,,,,,,923.47900390625,,,,,,886.3350219726562,,,,,,922.1799926757812,,,,,,137727008,,,,
2016-12-25,,896.1829833984375,,,,,,899.6519775390625,,,,,,862.4240112304688,,,,,,899.6519775390625,,,,,,143664992,,,,
2016-12-26,,907.6099853515625,1.045478343963623,,,,,913.1840209960938,1.0470107793807983,,,,,896.8980102539062,1.044600248336792,,,,,896.905029296875,1.0455876588821411,,,,,123771000,0.0,,,
2016-12-27,146.0065155029297,933.197998046875,1.0456969738006592,1137.300048828125,56.92906188964844,19945.0390625,146.9336587558133,940.0479736328125,1.0461344718933105,1142.199951171875,57.63977636310777,19980.240234375,145.47805120526934,904.2550048828125,1.0435363054275513,1134.300048828125,56.866087536997085,19939.80078125,146.8687660845948,908.35400390625,1.0455766916275024,1134.300048828125,56.866087536997085,19943.4609375,1858700.0,167308000,0.0,84.0,11763200.0,158540000.0
2016-12-28,144.72706604003906,975.9210205078125,1.046233057975769,1139.4000244140625,56.66816329956055,19833.6796875,145.88599509498147,975.9210205078125,1.048218011856079,1141.199951171875,57.03701450906745,19981.109375,144.64361239629997,934.8309936523438,1.0387451648712158,1138.0,56.52422144784674,19827.310546875,145.67274196297217,934.8309936523438,1.0462440252304077,1141.199951171875,57.03701450906745,19964.310546875,1810400.0,236630000,0.0,1570.0,14653300.0,188350000.0
2016-12-29,144.34693908691406,973.4970092773438,1.0416991710662842,1156.4000244140625,56.58719253540039,19819.779296875,145.32970869718622,979.39697265625,1.0490977764129639,1158.800048828125,56.85708306284392,19878.439453125,143.85555428177798,954.5029907226562,1.041775107383728,1143.5999755859375,56.434252396347695,19788.939453125,144.63435123930495,975.125,1.041775107383728,1143.800048828125,56.551206216582784,19835.4609375,1804000.0,199320000,0.0,950.0,10250600.0,172040000.0
2016-12-30,144.33763122558594,961.2379760742188,1.0575296878814697,1150.0,55.90346908569336,19762.599609375,145.36676063395353,972.5349731445312,1.0590976476669312,1162.0,56.668162956669505,19852.55078125,143.67010120793765,934.8330078125,1.0509997606277466,1150.0,55.804508419768084,19718.669921875,145.08862902121717,972.5349731445312,1.0569037199020386,1162.0,56.64117150024343,19833.169921875,2027700.0,187474000,0.0,16.0,25579900.0,271910000.0
2016-12-31,,963.7429809570312,,,,,,963.7429809570312,,,,,,947.2360229492188,,,,,,960.6270141601562,,,,,,99135104,,,,
2017-01-01,,998.3250122070312,,,,,,1003.0800170898438,,,,,,958.698974609375,,,,,,963.6580200195312,,,,,,147775008,,,,
2017-01-02,,1021.75,1.052698016166687,,,,,1031.3900146484375,1.0540739297866821,,,,,996.7020263671875,1.0465724468231201,,,,,998.6170043945312,1.0530749559402466,,,,,222184992,0.0,,,
2017-01-03,145.5336456298828,1043.8399658203125,1.0460032224655151,1160.4000244140625,56.299312591552734,19881.759765625,145.6912582506678,1044.0799560546875,1.0492078065872192,1160.800048828125,56.53321681572955,19938.529296875,143.90187895550875,1021.5999755859375,1.0347682237625122,1146.5,55.89447505755009,19775.9296875,144.9124614842902,1021.5999755859375,1.0459157228469849,1155.199951171875,56.488235630139144,19872.859375,3426100.0,185168000,0.0,52.0,20694100.0,339180000.0
2017-01-04,147.0634765625,1154.72998046875,1.0419923067092896,1163.800048828125,56.04741668701172,19942.16015625,147.62903458308418,1159.4200439453125,1.0478885173797607,1165.0,56.45225425649498,19956.140625,146.31249269766045,1044.4000244140625,1.0391337871551514,1156.300048828125,55.885481659218414,19878.830078125,146.31249269766045,1044.4000244140625,1.0418403148651123,1156.300048828125,56.209351714805024,19890.939453125,3189800.0,344945984,0.0,36.0,21340000.0,280010000.0
2017-01-05,147.1468963623047,1013.3800048828125,1.0500892400741577,1179.699951171875,56.04741668701172,19899.2890625,148.06475903166933,1191.0999755859375,1.060895323753357,1183.300048828125,56.37128674259833,19948.599609375,145.93232694564372,910.4169921875,1.048657774925232,1171.5,55.80451414532176,19811.119140625,146.86875058637406,1156.72998046875,1.0498688220977783,1172.0,55.94845601093305,19924.560546875,2796000.0,510199008,0.0,500.0,24876000.0,269920000.0
2017-01-06,147.50848388671875,902.2009887695312,1.0605915784835815,1171.9000244140625,56.53321838378906,19963.80078125,148.02768179796638,1046.81005859375,1.060895323753357,1176.5,56.8121072331363,19999.630859375,146.38663442720855,883.9439697265625,1.0539628267288208,1171.9000244140625,55.81350909884652,19834.080078125,147.3972170863928,1014.239990234375,1.0605578422546387,1176.5,56.04741332951113,19906.9609375,2426000.0,351876000,0.0,16.0,19922900.0,277700000.0
2017-01-07,,908.5850219726562,,,,,,908.5850219726562,,,,,,823.5560302734375,,,,,,903.4869995117188,,,,,,279550016,,,,
2017-01-08,,911.198974609375,,,,,,942.7239990234375,,,,,,887.2490234375,,,,,,908.1749877929688,,,,,,158715008,,,,
2017-01-09,146.7853240966797,902.8280029296875,1.0531858205795288,1183.5,56.353294372558594,19887.380859375,147.63829417721058,913.6859741210938,1.0560777187347412,1183.5999755859375,56.74913708243749,19943.779296875,146.64624412285687,879.8070068359375,1.0513478517532349,1173.0,56.26333199222875,19887.380859375,147.41577470734393,913.2440185546875,1.0534077882766724,1173.9000244140625,56.46124991532337,19931.41015625,2839400.0,141876992,0.0,62.0,20382700.0,287510000.0
2017-01-10,147.4806671142578,907.6790161132812,1.0588620901107788,1184.199951171875,56.335296630859375,19855.529296875,148.28727712470084,914.8729858398438,1.0625863075256348,1188.9000244140625,56.740134173125746,19957.119140625,147.0170955409767,901.0599975585938,1.0561892986297607,1182.300048828125,56.02941975801862,19836.029296875,147.3786808022527,902.4400024414062,1.0587612390518188,1184.300048828125,56.434257300285,19876.349609375,2988300.0,115808000,0.0,8.0,18593000.0,299410000.0
2017-01-11,147.78662109375,777.7570190429688,1.0552419424057007,1195.5999755859375,56.848087310791016,19954.279296875,148.06476688443234,919.447998046875,1.056747317314148,1197.0,56.88407363121877,19973.419921875,146.74822523209062,762.7650146484375,1.0456969738006592,1176.5,56.16436438188574,19833.16015625,147.91642057645743,908.114990234375,1.0554089546203613,1187.5,56.32629939196622,19887.380859375,2416500.0,310928992,0.0,20.0,21517300.0,336150000.0
2017-01-12,146.7574920654297,804.833984375,1.0597710609436035,1198.9000244140625,56.32630920410156,19891.0,147.56411627583333,826.2459716796875,1.0686043500900269,1204.300048828125,57.03702371305749,19929.2890625,145.2555245966023,755.7559814453125,1.0575296878814697,1192.300048828125,55.732548540987175,19770.470703125,147.55483578962702,775.177978515625,1.0596587657928467,1192.699951171875,56.73114679982614,19926.2109375,3020500.0,222326000,0.0,110.0,20968200.0,306290000.0
2017-01-13,147.2581329345703,823.9840087890625,1.0616837739944458,1195.300048828125,56.40727615356445,19885.73046875,147.9534902249291,829.0009765625,1.0667804479599,1196.0,56.56021289271305,19952.029296875,146.80382774525364,780.0029907226562,1.0600003004074097,1187.699951171875,56.0924009459165,19849.380859375,147.17469345502653,803.7369995117188,1.0617965459823608,1195.699951171875,56.33530350089807,19912.5390625,2435400.0,168968000,0.0,65.0,19422300.0,263780000.0
2017-01-14,,818.4119873046875,,,,,,835.0850219726562,,,,,,812.4559936523438,,,,,,825.1420288085938,,,,,,93063296,,,,
2017-01-15,,821.7979736328125,,,,,,823.3070068359375,,,,,,812.8709716796875,,,,,,818.1420288085938,,,,,,71013600,,,,
2017-01-16,,831.5339965820312,1.0628687143325806,,,,,834.530029296875,1.0633434057235718,,,,,820.27099609375,1.058133840560913,,,,,821.7830200195312,1.0626879930496216,,,,,82755200,0.0,,,
2017-01-17,146.1826934814453,907.93798828125,1.0602991580963135,1212.0,56.254329681396484,19826.76953125,147.45287537154914,910.5609741210938,1.071799874305725,1214.5999755859375,56.40726983525888,19882.990234375,145.77474813502465,830.7960205078125,1.0601418018341064,1200.800048828125,55.804510948151744,19775.349609375,146.67407833588337,830.9459838867188,1.0603891611099243,1205.5,56.38927667410774,19848.8203125,2758800.0,155095008,0.0,79.0,20664000.0,341900000.0
2017-01-18,146.7853240966797,886.6179809570312,1.0696789026260376,1211.300048828125,56.22734832763672,19804.720703125,147.4621346986182,917.4990234375,1.0714668035507202,1214.699951171875,56.40727652865416,19828.19921875,145.32970242374944,858.3040161132812,1.0659617185592651,1203.0999755859375,55.88548508888809,19739.0,146.07141984288853,909.3729858398438,1.0697818994522095,1213.5999755859375,56.3802850678023,19822.73046875,2087000.0,225676992,0.0,114.0,19670100.0,279760000.0
2017-01-19,147.41575622558594,899.072998046875,1.062778353691101,1200.9000244140625,56.04741668701172,19732.400390625,148.2223662137165,904.614013671875,1.0676802396774292,1204.0,56.659170473820915,19824.140625,146.4051736190874,884.3380126953125,1.058974266052246,1195.800048828125,55.95745430794645,19677.939453125,147.29522309280088,888.3350219726562,1.0629477500915527,1200.5,55.99344063231047,19813.55078125,3144000.0,105625000,0.0,26.0,18451700.0,301750000.0
2017-01-20,147.90716552734375,895.0260009765625,1.0659730434417725,1204.300048828125,56.44325637817383,19827.25,148.62106981026926,899.3980102539062,1.0695186853408813,1212.0999755859375,56.5152255912151,19843.939453125,146.70187644044037,887.0079956054688,1.0626766681671143,1202.800048828125,56.11038804334358,19759.140625,148.1667645125742,898.1719970703125,1.0661321878433228,1202.800048828125,56.38027859797639,19795.060546875,3384500.0,86728400,0.0,38.0,30213500.0,435260000.0
2017-01-21,,921.7890014648438,,,,,,927.3670043945312,,,,,,895.5349731445312,,,,,,895.5490112304688,,,,,,111158000,,,,
2017-01-22,,924.6729736328125,,,,,,937.5250244140625,,,,,,897.5640258789062,,,,,,922.2050170898438,,,,,,116573000,,,,
2017-01-23,146.34030151367188,921.0120239257812,1.0713750123977661,1215.0,56.641170501708984,19799.849609375,147.8793628546697,928.2659912109375,1.0756157636642456,1215.0,56.785112350014245,19833.98046875,145.83036984682505,916.7379760742188,1.070835828781128,1210.0,56.29031246095518,19732.359375,147.36016484736552,925.4990234375,1.0711455345153809,1212.0,56.40726628515457,19794.7890625,3931200.0,73588600,0.0,16.0,23097600.0,326690000.0
2017-01-24,148.8528289794922,892.68701171875,1.0760787725448608,1210.300048828125,57.14496612548828,19912.7109375,149.2051337408973,924.14501953125,1.077284336090088,1219.0,57.34288744497891,19949.240234375,146.34026492938438,892.2860107421875,1.0727771520614624,1207.699951171875,56.623174803865425,19786.7109375,147.02635592299416,910.677001953125,1.0757546424865723,1219.0,56.85708244178057,19794.6796875,3927500.0,111349000,0.0,24.0,24672900.0,374460000.0
2017-01-25,155.1667022705078,901.5419921875,1.0728693008422852,1197.300048828125,57.288917541503906,20068.509765625,156.36271089521108,903.2520141601562,1.076878309249878,1202.800048828125,57.66676365257459,20082.0,151.346876425783,891.68701171875,1.0712143182754517,1194.9000244140625,57.082001323749274,19994.48046875,151.6713680904761,891.9240112304688,1.0727887153625488,1202.0,57.531820083697106,19994.48046875,7480000.0,120831000,0.0,403.0,23672700.0,372240000.0
2017-01-26,156.79847717285156,917.5859985351562,1.0751993656158447,1189.5,57.819705963134766,20100.91015625,157.6143678393222,919.3259887695312,1.076658010482788,1199.699951171875,58.06261196061261,20125.580078125,155.06472365368612,902.2239990234375,1.0670650005340576,1185.5999755859375,57.171969219959294,20067.529296875,155.06472365368612,902.39501953125,1.0755001306533813,1199.699951171875,57.68476581308067,20076.25,5436800.0,131958000,0.0,19.0,43554600.0,356730000.0
2017-01-27,155.48190307617188,919.75,1.068296194076538,1188.0999755859375,59.17814636230469,20093.779296875,157.4289093456291,923.2230224609375,1.0724780559539795,1188.300048828125,59.29510361565924,20115.970703125,154.84217204057646,915.8460083007812,1.0660525560379028,1187.9000244140625,58.3774696350264,20072.640625,156.88189828365802,918.3590087890625,1.0682847499847412,1187.9000244140625,58.827288329618185,20103.359375,4883200.0,125594000,0.0,234352.0,44818000.0,343130000.0
2017-01-28,,921.5900268554688,,,,,,923.9110107421875,,,,,,919.8109741210938,,,,,,919.8109741210938,,,,,,68979600,,,,
2017-01-29,,919.4959716796875,,,,,,923.4180297851562,,,,,,919.1480102539062,,,,,,922.0670166015625,,,,,,60851700,,,,
2017-01-30,153.5071258544922,920.3820190429688,1.0713980197906494,1193.199951171875,58.5933952331543,19971.130859375,153.8965243501551,923.0479736328125,1.0740330219268799,1198.5,59.18715935199547,20028.619140625,151.88462504902134,919.4739990234375,1.0620898008346558,1187.0999755859375,58.29652003742399,19870.390625,153.8316175273358,920.1510009765625,1.071914792060852,1191.699951171875,59.09719696348052,20028.619140625,5456300.0,78227296,0.0,50503.0,31651400.0,317280000.0
2017-01-31,151.5137481689453,970.4030151367188,1.0708587169647217,1208.5999755859375,58.161563873291016,19864.08984375,153.071356184931,972.0189819335938,1.0810343027114868,1214.699951171875,58.61138260879413,19918.169921875,151.3283223484212,920.958984375,1.0686043500900269,1193.5,57.81070580869372,19784.76953125,152.9415566958558,920.958984375,1.0707095861434937,1194.9000244140625,58.35048691855962,19913.16015625,5350700.0,164582000,0.0,3212.0,25270500.0,373750000.0
2017-02-01,152.023681640625,989.0230102539062,1.0803803205490112,1205.5999755859375,57.19894790649414,19890.939453125,153.72962184559515,989.114013671875,1.0808473825454712,1211.9000244140625,58.13457163214335,19967.73046875,151.2356042099277,970.7420043945312,1.0739407539367676,1197.9000244140625,57.09998724276374,19845.990234375,152.2832806219429,970.9409790039062,1.080263614654541,1211.9000244140625,57.90066398480887,19923.810546875,3138000.0,150110000,0.0,1145.0,39671500.0,426670000.0
2017-02-02,150.43824768066406,1011.7999877929688,1.0767391920089722,1216.699951171875,56.83009719848633,19884.91015625,152.02366874725675,1013.52001953125,1.0826611518859863,1224.199951171875,57.04601170078836,19922.75,149.10317338158032,983.2210083007812,1.076843500137329,1208.9000244140625,56.452251109263514,19831.08984375,151.3283113604688,990.0009765625,1.076843500137329,1209.699951171875,56.90206984320187,19858.33984375,3791700.0,145820992,0.0,1512.0,45827000.0,347220000.0
2017-02-03,150.56805419921875,1029.9100341796875,1.0761713981628418,1218.5,57.288917541503906,20071.4609375,151.64354373636186,1033.8699951171875,1.079715371131897,1220.5999755859375,57.30691070372319,20081.48046875,150.48461470420324,1008.7899780273438,1.0728923082351685,1206.199951171875,56.74013810527238,19964.2109375,151.11507945418066,1011.4600219726562,1.0763335227966309,1214.9000244140625,57.1269825133751,19964.2109375,2981700.0,201278000,0.0,865.0,30301800.0,344220000.0
2017-02-04,,1042.9000244140625,,,,,,1045.9000244140625,,,,,,1015.1599731445312,,,,,,1031.3299560546875,,,,,,155064000,,,,
2017-02-05,,1027.3399658203125,,,,,,1043.6300048828125,,,,,,1022.3699951171875,,,,,,1043.52001953125,,,,,,114208000,,,,
2017-02-06,152.03292846679688,1038.1500244140625,1.0782949924468994,1230.0,57.252925872802734,20052.419921875,152.12564843983125,1044.6400146484375,1.0788882970809937,1235.4000244140625,57.26192416899483,20094.94921875,150.54950792781835,1028.1600341796875,1.0706638097763062,1218.5,56.80310715484314,20002.810546875,150.5865874287831,1028.4000244140625,1.0783414840698242,1221.9000244140625,57.12697718086916,20025.609375,3110500.0,111762000,0.0,908.0,19796400.0,281720000.0
2017-02-07,154.3693389892578,1061.3499755859375,1.0743216276168823,1234.199951171875,57.064002990722656,20090.2890625,155.2223090145516,1061.9300537109375,1.0743446350097656,1236.199951171875,57.37887472141639,20155.349609375,152.8580910834979,1040.1400146484375,1.0656777620315552,1228.5,56.88407481667861,20068.6796875,152.97862422358884,1040.1400146484375,1.0743216276168823,1234.199951171875,57.34289183208316,20107.619140625,4243200.0,146007008,0.0,1177.0,20277200.0,279670000.0
2017-02-08,153.18174743652344,1063.0699462890625,1.0678056478500366,1237.5999755859375,56.983028411865234,20054.33984375,154.5189742085782,1078.969970703125,1.0707440376281738,1243.9000244140625,57.40585905361482,20068.279296875,153.06953779115025,1037.489990234375,1.0642147064208984,1231.0,56.875072893574895,20015.330078125,154.29454064905698,1062.3199462890625,1.067896842956543,1232.0999755859375,57.189944585190084,20049.2890625,3041600.0,201855008,0.0,288.0,18096400.0,280410000.0
2017-02-09,153.6212615966797,994.3829956054688,1.0692213773727417,1235.0999755859375,57.630775451660156,20172.400390625,154.37870527677475,1088.989990234375,1.0710078477859497,1243.5,57.972642090850556,20206.359375,153.41553439112602,953.343994140625,1.0657345056533813,1226.9000244140625,56.96504563044681,20061.73046875,153.9859572303838,1064.699951171875,1.0692099332809448,1239.4000244140625,57.144973814936385,20061.73046875,3451100.0,407220000,0.0,885.0,22644400.0,325310000.0
2017-02-10,155.44471740722656,988.6740112304688,1.0658594369888306,1234.4000244140625,57.57679748535156,20269.369140625,155.65044458319,998.905029296875,1.066894292831421,1234.4000244140625,57.8466914690398,20298.2109375,153.79891426829246,946.6909790039062,1.0609854459762573,1221.5,57.55880432431604,20204.759765625,154.5283054307907,995.6320190429688,1.0656890869140625,1227.5999755859375,57.80170685052872,20211.23046875,2689700.0,190452000,0.0,391.0,18170700.0,312230000.0
2017-02-11,,1004.4500122070312,,,,,,1009.2899780273438,,,,,,982.8300170898438,,,,,,988.8980102539062,,,,,,102261000,,,,
2017-02-12,,999.1810302734375,,,,,,1004.760009765625,,,,,,996.9210205078125,,,,,,1003.52001953125,,,,,,67530000,,,,
2017-02-13,157.12796020507812,990.6420288085938,1.061954379081726,1224.4000244140625,58.224544525146484,20412.16015625,158.10049143430265,1002.0999755859375,1.0658026933670044,1231.0999755859375,58.350493235627525,20441.48046875,155.5569679761744,976.0020141601562,1.0593445301055908,1219.0,57.69375479067073,20322.94921875,155.6504712647848,998.885009765625,1.061931848526001,1230.5,57.79271547229011,20338.5390625,3765000.0,100607000,0.0,398.0,22920100.0,314620000.0
2017-02-14,157.56744384765625,1004.5499877929688,1.059849739074707,1223.9000244140625,58.44175338745117,20504.41015625,157.8479822097451,1011.510009765625,1.0633207559585571,1233.5,58.57751848307745,20504.41015625,156.37049348693265,986.4710083007812,1.056178092956543,1222.0999755859375,57.943950338588024,20374.01953125,156.81934630501053,991.7349853515625,1.0599170923233032,1225.9000244140625,58.29694234933619,20374.220703125,2580300.0,137946000,0.0,159.0,23108400.0,356580000.0
2017-02-15,158.3155517578125,1007.47998046875,1.0578316450119019,1231.699951171875,58.40555953979492,20611.859375,158.92337302483088,1008.8400268554688,1.0587948560714722,1231.699951171875,58.441764032242986,20620.44921875,157.4271921103338,1001.5800170898438,1.0522106885910034,1217.300048828125,58.070680068926855,20496.029296875,157.4926429801355,1006.2100219726562,1.0578652620315552,1225.5,58.3784078967841,20504.26953125,4033200.0,89759400,0.0,175.0,17005200.0,384380000.0
2017-02-16,159.72755432128906,1027.43994140625,1.0607378482818604,1240.0,58.39651107788086,20619.76953125,159.72755432128906,1033.3699951171875,1.0674750804901123,1240.699951171875,59.04817818030617,20639.869140625,157.80121290893038,1007.6500244140625,1.0600519180297852,1233.199951171875,58.324108992845794,20556.830078125,158.726985161421,1007.6500244140625,1.0601868629455566,1234.5,58.595632348655414,20627.310546875,3070100.0,122277000,0.0,87.0,20546300.0,354120000.0
2017-02-17,161.50430297851562,1046.2099609375,1.0672245025634766,1237.5999755859375,58.48701095581055,20624.05078125,162.00926062948975,1053.1700439453125,1.0676915645599365,1241.199951171875,58.550367079983786,20624.05078125,159.3441675176854,1025.6400146484375,1.0625863075256348,1234.800048828125,58.19738197311865,20532.609375,159.35352783357564,1026.1199951171875,1.06670081615448,1240.699951171875,58.35124585963943,20564.130859375,4982900.0,136474000,0.0,301.0,21248800.0,340620000.0
2017-02-18,,1054.4200439453125,,,,,,1061.0999755859375,,,,,,1046.9599609375,,,,,,1049.2099609375,,,,,,99073504,,,,
2017-02-19,,1047.8699951171875,,,,,,1056.81005859375,,,,,,1043.4599609375,,,,,,1054.760009765625,,,,,,77423296,,,,
2017-02-20,,1079.97998046875,1.062665343284607,,,,,1080.489990234375,1.063151240348816,,,,,1041.68994140625,1.0605241060256958,,,,,1048.68994140625,1.0626766681671143,,,,,109478000,0.0,,,
2017-02-21,164.16941833496094,1115.300048828125,1.0609403848648071,1237.5,58.36935043334961,20743.0,164.7398412489392,1117.25,1.061255693435669,1237.5,58.78569170563997,20757.640625,162.411390809498,1076.9300537109375,1.0526647567749023,1228.0999755859375,58.333145943763455,20663.369140625,162.6358244091669,1079.280029296875,1.061030387878418,1237.300048828125,58.477963902108094,20663.4296875,4231700.0,186868992,0.0,119.0,20655900.0,336880000.0
2017-02-22,163.98236083984375,1117.43994140625,1.0542073249816895,1232.0,58.2516975402832,20775.599609375,164.34705643985546,1125.3900146484375,1.0556206703186035,1238.5999755859375,58.278849184186356,20781.58984375,162.7199453104632,1100.550048828125,1.0496814250946045,1231.800048828125,57.97112134621578,20692.390625,163.62701128693902,1114.800048828125,1.0542184114456177,1236.0999755859375,58.22454589638004,20715.41015625,2832100.0,136100000,0.0,36.0,19292700.0,310530000.0
2017-02-23,165.38504028320312,1166.719970703125,1.0554089546203613,1250.199951171875,58.48701095581055,20810.3203125,165.51595628804722,1176.6199951171875,1.0595015287399292,1250.300048828125,58.58657156598272,20840.69921875,164.30029951805244,1116.9599609375,1.0538963079452515,1236.0999755859375,58.09782136294647,20746.41015625,164.5527854805283,1117.27001953125,1.0551751852035522,1236.0999755859375,58.305988525815835,20817.2109375,3502600.0,189454000,0.0,112.0,20273100.0,302110000.0
2017-02-24,165.92739868164062,1173.6800537109375,1.0584474802017212,1256.9000244140625,58.48701095581055,20821.759765625,167.19916018060474,1200.3900146484375,1.0618078708648682,1258.800048828125,58.64992769015596,20821.759765625,164.67434354452442,1131.9599609375,1.0566245317459106,1250.0,58.052564029122884,20733.94921875,165.28216475123463,1172.7099609375,1.0584698915481567,1250.0,58.40554913598802,20751.91015625,4197200.0,330759008,0.0,1264.0,21796800.0,292540000.0
2017-02-25,,1143.8399658203125,,,,,,1174.8499755859375,,,,,,1124.5899658203125,,,,,,1170.4100341796875,,,,,,139960992,,,,
2017-02-26,,1165.199951171875,,,,,,1167.469970703125,,,,,,1130.199951171875,,,,,,1144.27001953125,,,,,,116486000,,,,
2017-02-27,167.7882843017578,1179.969970703125,1.055275321006775,1257.4000244140625,58.1340446472168,20837.439453125,168.20909898834736,1181.97998046875,1.0614584684371948,1263.0999755859375,58.4146208728114,20851.330078125,166.03027144774194,1163.3800048828125,1.0552864074707031,1250.4000244140625,57.97112786019047,20774.759765625,166.45107186555734,1163.780029296875,1.0552864074707031,1254.699951171875,58.4146208728114,20808.7109375,2892600.0,131570000,0.0,544.0,15871500.0,256540000.0
2017-02-28,168.536376953125,1179.969970703125,1.0584250688552856,1252.5999755859375,57.90776062011719,20812.240234375,170.12607530123591,1193.25,1.062699317932129,1257.300048828125,58.10687842591873,20841.240234375,168.01271295786717,1171.8199462890625,1.0576637983322144,1247.199951171875,57.708639361665156,20781.2109375,168.6392405428202,1180.719970703125,1.0582793951034546,1253.5999755859375,57.9982718524365,20833.880859375,4785100.0,184956000,0.0,721.0,23239800.0,339210000.0
2017-03-01,171.97763061523438,1222.5,1.0569148063659668,1248.9000244140625,58.77666473388672,21115.55078125,172.80988543135604,1222.5,1.05880606174469,1248.9000244140625,58.82191518149991,21169.109375,170.02323655820788,1179.68994140625,1.0515247583389282,1236.9000244140625,57.943975015233825,20957.2890625,170.05128896907243,1180.0400390625,1.0569260120391846,1247.800048828125,58.043535667406424,20957.2890625,5461800.0,229056992,0.0,138.0,26937500.0,392820000.0
2017-03-02,171.11732482910156,1251.010009765625,1.0535852909088135,1231.9000244140625,57.934913635253906,21002.970703125,173.66084807324944,1262.1300048828125,1.0545185804367065,1247.5999755859375,58.604679467108085,21129.19921875,171.09861846544283,1215.6199951171875,1.050045132637024,1230.699951171875,57.8172507637902,20996.609375,172.06178929663398,1224.6800537109375,1.053629755973816,1247.199951171875,58.55037618231742,21128.91015625,4909000.0,368275008,0.0,79.0,24539600.0,319910000.0
2017-03-03,170.35986328125,1274.989990234375,1.0509721040725708,1225.5,58.15213394165039,21005.7109375,171.66903760265498,1280.31005859375,1.057373046875,1235.199951171875,58.17928558416803,21039.9609375,169.67723084443367,1250.7099609375,1.05035400390625,1222.9000244140625,57.581925280227516,20953.859375,171.1173211711017,1250.7099609375,1.0508506298065186,1231.699951171875,57.91681165031338,21008.75,3917500.0,315739008,0.0,121.0,18135900.0,254420000.0
2017-03-04,,1255.1500244140625,,,,,,1279.4000244140625,,,,,,1230.510009765625,,,,,,1277.4300537109375,,,,,,183270000,,,,
2017-03-05,,1267.1199951171875,,,,,,1267.2900390625,,,,,,1238.06005859375,,,,,,1254.2900390625,,,,,,134127000,,,,
2017-03-06,169.19094848632812,1272.8299560546875,1.062044620513916,1224.5,58.170230865478516,20954.33984375,170.47207027006107,1276.0,1.0638071298599243,1235.199951171875,58.4327082435483,20986.4296875,168.72338933269043,1264.5999755859375,1.057820439338684,1224.5,57.75389303386997,20912.109375,169.6304552322494,1267.469970703125,1.0618754625320435,1235.199951171875,57.89870754372739,20955.7109375,4244000.0,153656992,0.0,29.0,18750300.0,266620000.0
2017-03-07,170.2102508544922,1223.5400390625,1.0579211711883545,1215.0999755859375,58.287899017333984,20924.759765625,170.9770405033187,1275.550048828125,1.060400366783142,1225.4000244140625,58.63183133114286,20970.5390625,168.90107656636846,1204.800048828125,1.0560777187347412,1213.699951171875,58.09783061454744,20901.259765625,168.91978292915175,1273.2099609375,1.0581226348876953,1224.300048828125,58.09783061454744,20934.890625,2452000.0,291256000,0.0,53.0,18521000.0,274630000.0
2017-03-08,169.94842529296875,1150.0,1.0570154190063477,1208.5,58.8218879699707,20855.73046875,170.83678493040125,1232.1600341796875,1.0575296878814697,1212.199951171875,58.903349786473576,20951.439453125,169.7146456900247,1148.0799560546875,1.0537296533584595,1206.699951171875,58.15212226953305,20835.580078125,170.56559260047237,1223.22998046875,1.0568925142288208,1212.199951171875,58.16117511698879,20940.439453125,2321700.0,332603008,0.0,24.0,21510900.0,296780000.0
2017-03-09,168.8543243408203,1188.489990234375,1.0547411441802979,1202.4000244140625,58.58657455444336,20858.189453125,170.74325310110453,1197.4599609375,1.0614020824432373,1205.5999755859375,59.01196174970545,20900.5703125,167.92855205383268,1141.22998046875,1.052565097808838,1202.300048828125,58.360301684382684,20777.16015625,169.65851240966364,1150.3499755859375,1.0544073581695557,1204.5,59.00291580671902,20864.3203125,3100500.0,212283008,0.0,37.0,19846800.0,275960000.0
2017-03-10,167.1056365966797,1116.719970703125,1.0578428506851196,1200.699951171875,58.7675895690918,20902.98046875,170.1634774190369,1270.469970703125,1.0669056177139282,1203.300048828125,59.06627141220469,20940.2890625,166.3762454674969,1077.25,1.058133840560913,1196.199951171875,58.60467282787567,20827.66015625,170.0980122893235,1189.3599853515625,1.058133840560913,1196.199951171875,58.930506310307926,20919.009765625,4595600.0,563795968,0.0,3.0,19538200.0,315430000.0
2017-03-11,,1175.8299560546875,,,,,,1193.8299560546875,,,,,,1116.3199462890625,,,,,,1116.3199462890625,,,,,,283320000,,,,
2017-03-12,,1221.3800048828125,,,,,,1226.97998046875,,,,,,1175.3599853515625,,,,,,1176.6199951171875,,,,,,227176000,,,,
2017-03-13,167.43296813964844,1231.9200439453125,1.0690041780471802,1202.4000244140625,58.56846618652344,20881.48046875,167.56388415722483,1237.3699951171875,1.0715816020965576,1210.0,59.002913115556524,20926.060546875,165.58143752856068,1217.030029296875,1.0656890869140625,1202.300048828125,58.441753937492884,20845.7109375,165.66559476797926,1221.780029296875,1.068798542022705,1206.199951171875,58.83999638033158,20899.279296875,3499000.0,380276992,0.0,35.0,20100000.0,289260000.0
2017-03-14,167.13368225097656,1240.0,1.0651443004608154,1201.9000244140625,58.29695510864258,20837.369140625,168.03140205688354,1244.81005859375,1.0662117004394531,1205.9000244140625,58.42366738421373,20874.0,166.17987190136742,1220.719970703125,1.0627444982528687,1196.800048828125,58.061629351738524,20786.310546875,166.95600749895948,1232.1600341796875,1.065200924873352,1203.0999755859375,58.40556168467435,20848.599609375,2346700.0,245306000,0.0,22.0,14280200.0,246820000.0
2017-03-15,167.1150360107422,1249.6099853515625,1.0612443685531616,1200.0999755859375,58.60466766357422,20950.099609375,167.61064768194345,1251.6099853515625,1.0641003847122192,1221.199951171875,58.75853154302528,20977.470703125,166.42304317322714,1239.75,1.0610530376434326,1197.699951171875,58.1521219673304,20859.599609375,167.3862141016957,1240.1600341796875,1.0612443685531616,1198.199951171875,58.42365214719642,20874.779296875,3569000.0,297804992,0.0,36.0,24833800.0,306590000.0
2017-03-16,166.62875366210938,1187.81005859375,1.0737909078598022,1226.5,58.505126953125,20934.55078125,168.32131572051728,1257.97998046875,1.0745755434036255,1231.4000244140625,58.61374044306618,21000.109375,166.11443567698618,1152.43994140625,1.0707095861434937,1222.199951171875,58.197399089577495,20893.5,168.15300125380864,1251.3299560546875,1.0737909078598022,1222.199951171875,58.604687592579,20969.26953125,3100700.0,638568000,0.0,47.0,20674300.0,264360000.0
2017-03-17,168.41482543945312,1100.22998046875,1.077470064163208,1229.800048828125,58.713294982910156,20914.619140625,168.67665744356444,1180.1600341796875,1.078299641609192,1230.9000244140625,59.04817445782756,20980.509765625,166.61003955171364,1099.5699462890625,1.0729843378067017,1227.0999755859375,58.54132536802763,20911.0703125,166.7409555537693,1180.1600341796875,1.077052354812622,1227.0999755859375,58.749499475796,20965.369140625,5037400.0,706598976,0.0,26.0,49219700.0,535280000.0
2017-03-18,,973.8179931640625,,,,,,1114.0699462890625,,,,,,957.655029296875,,,,,,1099.68994140625,,,,,,621302016,,,,
2017-03-19,,1036.739990234375,,,,,,1069.9100341796875,,,,,,976.72998046875,,,,,,976.72998046875,,,,,,406648000,,,,
2017-03-20,167.75086975097656,1054.22998046875,1.0742985010147095,1233.5999755859375,58.7675895690918,20905.859375,168.4615545157988,1063.030029296875,1.0777000188827515,1234.4000244140625,58.99386243715309,20955.44921875,167.51709017808827,1036.6800537109375,1.0742292404174805,1229.300048828125,58.5775211885563,20885.69921875,168.41481001623936,1037.239990234375,1.0742292404174805,1229.300048828125,58.74949077797886,20916.26953125,2062200.0,286529984,0.0,23.0,14598100.0,253610000.0
2017-03-21,164.54344177246094,1120.5400390625,1.073767900466919,1246.0999755859375,58.11592483520508,20668.009765625,168.55509347482138,1122.4300537109375,1.0818997621536255,1246.0999755859375,59.28349370785846,20970.0390625,164.11328102541555,1055.3599853515625,1.0736756324768066,1226.4000244140625,58.04351585737381,20653.259765625,168.31196782487592,1055.3599853515625,1.0736756324768066,1226.4000244140625,59.002917550387565,20956.330078125,3239600.0,337391008,0.0,11.0,26640500.0,369320000.0
2017-03-22,165.4972686767578,1049.1400146484375,1.081244707107544,1249.300048828125,58.85810089111328,20661.30078125,165.60949259989297,1120.6500244140625,1.0820754766464233,1249.5,58.957661511499104,20686.2109375,164.11329728748245,1014.2100219726562,1.0776559114456177,1247.699951171875,58.03447119236731,20578.94921875,164.54345807715268,1120.6500244140625,1.0811277627944946,1247.9000244140625,58.03447119236731,20640.419921875,2505700.0,380840992,0.0,3.0,20680000.0,325090000.0
2017-03-23,165.7590789794922,1038.5899658203125,1.0790164470672607,1246.9000244140625,58.713294982910156,20656.580078125,166.3108096682183,1058.010009765625,1.0804970264434814,1247.5,59.04817445782756,20757.890625,165.13255137685235,1028.9300537109375,1.077052354812622,1244.800048828125,58.622780298045065,20618.619140625,165.83389016218004,1050.050048828125,1.0789697170257568,1246.4000244140625,58.776651119135146,20645.0703125,2006400.0,248540000,0.0,16.0,19269200.0,280050000.0
2017-03-24,164.41253662109375,937.52001953125,1.0783880949020386,1248.199951171875,58.81285095214844,20596.720703125,166.01158121794302,1040.469970703125,1.08119797706604,1248.300048828125,59.238238172925605,20718.330078125,163.4306593715891,934.3579711914062,1.0761598348617554,1247.5999755859375,58.61372970970358,20529.669921875,165.37570750589842,1038.449951171875,1.078399658203125,1248.0,59.15678324936202,20674.44921875,2386800.0,491038016,0.0,3.0,22617100.0,292980000.0
2017-03-25,,972.7789916992188,,,,,,975.760986328125,,,,,,903.7130126953125,,,,,,936.5399780273438,,,,,,435803008,,,,
2017-03-26,,966.7249755859375,,,,,,1007.9600219726562,,,,,,954.1859741210938,,,,,,974.0150146484375,,,,,,303668000,,,,
2017-03-27,164.6743621826172,1045.77001953125,1.0849517583847046,1255.4000244140625,58.921451568603516,20550.98046875,164.99229902614945,1046.4000244140625,1.0904886722564697,1257.699951171875,59.03006502769051,20578.4609375,162.47682815190163,971.9840087890625,1.0839051008224487,1253.800048828125,58.24263298623412,20412.80078125,163.05659701584577,972.0549926757812,1.0845986604690552,1255.800048828125,58.49605748547074,20488.349609375,2750700.0,372535008,0.0,72.0,18614700.0,269380000.0
2017-03-28,165.8526153564453,1047.1500244140625,1.0860947370529175,1255.300048828125,59.093414306640625,20701.5,166.1518458523981,1064.6500244140625,1.0874292850494385,1255.9000244140625,59.25633102374768,20735.609375,163.64573515728745,1027.72998046875,1.0846928358078003,1255.300048828125,58.514156402548636,20520.099609375,164.85203172675696,1044.5799560546875,1.0862716436386108,1255.9000244140625,58.79473250772787,20542.140625,2412600.0,326332000,0.0,19.0,20080400.0,299670000.0
2017-03-29,166.10511779785156,1039.969970703125,1.0817711353302002,1253.4000244140625,59.256317138671875,20659.3203125,166.44176105713197,1055.1300048828125,1.0826494693756104,1253.4000244140625,59.283468767611005,20684.73046875,165.48793611104128,1015.8800048828125,1.0740907192230225,1252.0999755859375,58.7856658860694,20625.029296875,165.89003025110495,1046.0799560546875,1.0817476511001587,1252.199951171875,58.93953662555326,20675.75,1640600.0,298457984,0.0,190678.0,13618400.0,238320000.0
2017-03-30,166.432373046875,1026.4300537109375,1.0759629011154175,1245.0,59.47355270385742,20728.490234375,166.90929257495495,1049.2900390625,1.0769003629684448,1253.5999755859375,59.717931239121576,20753.779296875,165.72168818165605,1020.0399780273438,1.0721906423568726,1241.0999755859375,59.156772107495655,20643.599609375,165.74974059286373,1042.2099609375,1.0759977102279663,1253.0999755859375,59.21107537964364,20662.7890625,1737200.0,352968992,0.0,51328.0,15122800.0,270900000.0
2017-03-31,165.38504028320312,1071.7900390625,1.0687072277069092,1247.300048828125,59.60932922363281,20663.220703125,166.61938914762248,1074.9200439453125,1.0700910091400146,1248.800048828125,59.908011088337325,20722.58984375,165.33828150959286,1026.6400146484375,1.0672245025634766,1238.699951171875,59.23823837864227,20660.6796875,166.4697810483538,1026.6400146484375,1.0687528848648071,1242.0999755859375,59.41926082935732,20700.33984375,2032700.0,447287008,0.0,8223.0,21040300.0,303770000.0
2017-04-01,,1080.5,,,,,,1091.719970703125,,,,,,1061.0899658203125,,,,,,1071.7099609375,,,,,,289633984,,,,
2017-04-02,,1102.1700439453125,,,,,,1107.5899658203125,,,,,,1075.449951171875,,,,,,1080.6099853515625,,,,,,514187008,,,,
2017-04-03,165.18865966796875,1143.81005859375,1.0668829679489136,1250.800048828125,59.328739166259766,20650.2109375,166.1985892523163,1151.739990234375,1.068376064300537,1252.4000244140625,59.68172423088566,20692.33984375,164.11327921537776,1102.949951171875,1.064373254776001,1243.5999755859375,59.00290573655912,20517.8203125,165.59076799976913,1102.949951171875,1.0668145418167114,1247.5,59.56405793914449,20665.169921875,2934800.0,580444032,0.0,1160.0,20400900.0,285670000.0
2017-04-04,167.1056365966797,1133.25,1.067008137702942,1255.0,59.491668701171875,20689.240234375,167.18979381879166,1156.43994140625,1.067463755607605,1260.300048828125,59.56407077480845,20701.2890625,165.291504819922,1120.52001953125,1.0636826753616333,1253.0,59.08437337362721,20605.30078125,165.40372871817746,1145.52001953125,1.0670194625854492,1253.0999755859375,59.18393399334033,20634.939453125,2326500.0,436310016,0.0,724.0,12997400.0,237390000.0
2017-04-05,165.59075927734375,1124.780029296875,1.0680338144302368,1245.4000244140625,59.33781051635742,20648.150390625,168.48961760365455,1135.0899658203125,1.0689127445220947,1255.4000244140625,60.05283379852601,20887.5,165.41308450768213,1113.6300048828125,1.065405249595642,1243.0,59.229203930150696,20639.55078125,167.38618479868575,1134.1400146484375,1.0679539442062378,1255.4000244140625,60.00758335604046,20745.060546875,2567200.0,414784000,0.0,907.0,21448600.0,284980000.0
2017-04-06,165.86195373535156,1182.6800537109375,1.0672472715377808,1250.300048828125,59.491668701171875,20662.94921875,166.65681011973004,1188.3699951171875,1.0683988332748413,1257.5,59.79034365501094,20746.4609375,165.6281741245079,1125.81005859375,1.0631964206695557,1249.0,59.26539582096938,20612.169921875,166.03962852259676,1125.81005859375,1.0673270225524902,1256.0999755859375,59.37400238407439,20653.76953125,2343600.0,511222016,0.0,169.0,18103500.0,251720000.0
2017-04-07,167.2459259033203,1176.9000244140625,1.0644639730453491,1254.300048828125,59.446407318115234,20656.099609375,167.47034517973103,1186.5799560546875,1.0660412311553955,1269.0999755859375,59.69983182185029,20726.0703125,165.75907685322971,1163.3900146484375,1.0611655712127686,1249.5,59.22918730138517,20606.94921875,166.81576517557656,1178.93994140625,1.064305305480957,1249.5,59.60027120891154,20647.810546875,2806900.0,317022016,0.0,445.0,14108500.0,219730000.0
2017-04-08,,1175.949951171875,,,,,,1184.97998046875,,,,,,1162.5799560546875,,,,,,1172.6500244140625,,,,,,209312000,,,,
2017-04-09,,1187.8699951171875,,,,,,1197.2099609375,,,,,,1171.8599853515625,,,,,,1176.5699462890625,,,,,,242343008,,,,
2017-04-10,166.03961181640625,1187.1300048828125,1.0582010746002197,1251.0999755859375,59.310638427734375,20658.01953125,168.29325046269372,1190.3399658203125,1.060782790184021,1255.199951171875,59.57311576277117,20750.330078125,165.96480063621044,1179.0400390625,1.0570378303527832,1246.800048828125,59.15677454677123,20614.859375,167.3861845223834,1187.300048828125,1.0584250688552856,1252.699951171875,59.38304739711681,20668.220703125,2309300.0,215883008,0.0,182.0,17952700.0,230480000.0
2017-04-11,166.9840850830078,1205.010009765625,1.0597598552703857,1271.199951171875,59.265403747558594,20651.30078125,167.01213749107765,1208.0699462890625,1.0629477500915527,1273.5,59.38306317509242,20660.029296875,165.4785440185752,1187.4599609375,1.0579211711883545,1254.5,58.69519159379177,20512.560546875,165.98350163260577,1187.4599609375,1.0597823858261108,1254.5,59.37401032518944,20644.3203125,2266300.0,216182000,0.0,401.0,18791500.0,255120000.0
2017-04-12,164.6276092529297,1200.3699951171875,1.0611318349838257,1275.300048828125,59.039127349853516,20591.859375,166.68486703012138,1207.1400146484375,1.0623831748962402,1285.0999755859375,59.292551889758194,20642.5390625,164.52474565063133,1196.760009765625,1.0596587657928467,1272.0,58.93051387333687,20553.029296875,166.68486703012138,1204.81005859375,1.0609629154205322,1275.0,59.211090056045514,20637.94921875,2922700.0,288702016,0.0,492.0,17108500.0,267670000.0
2017-04-13,164.2254638671875,1169.280029296875,1.0670650005340576,1285.9000244140625,58.785701751708984,20453.25,165.40372200401796,1205.8900146484375,1.0678056478500366,1287.5999755859375,59.60933849362222,20612.26953125,164.16935905472363,1156.43994140625,1.0611768960952759,1282.0,58.785701751708984,20453.25,164.33768776088752,1201.02001953125,1.0671560764312744,1285.300048828125,59.093436513130925,20561.689453125,2024100.0,351968992,0.0,915.0,17896500.0,235810000.0
2017-04-14,,1167.5400390625,1.0616387128829956,,,,,1190.800048828125,1.063151240348816,,,,,1159.7900390625,1.0607041120529175,,,,,1170.3299560546875,1.0617965459823608,,,,,254827008,0.0,,,
2017-04-15,,1172.52001953125,,,,,,1188.0,,,,,,1164.9599609375,,,,,,1167.300048828125,,,,,,203559008,,,,
2017-04-16,,1182.93994140625,,,,,,1187.219970703125,,,,,,1172.6099853515625,,,,,,1172.6099853515625,,,,,,183231008,,,,
2017-04-17,167.4049072265625,1193.9100341796875,1.0610530376434326,1289.4000244140625,59.265403747558594,20636.919921875,167.46101204999286,1194.9000244140625,1.0669853687286377,1294.800048828125,59.27444969216035,20644.41015625,164.25354837906585,1172.6500244140625,1.0609742403030396,1284.300048828125,58.84000957103453,20484.75,164.43122316577865,1183.25,1.0611205101013184,1291.800048828125,58.86716121544224,20484.75,2450200.0,253206000,0.0,73.0,16689300.0,229240000.0
2017-04-18,166.31080627441406,1211.6700439453125,1.0644525289535522,1291.699951171875,59.18392562866211,20523.279296875,168.29325263447805,1217.5699462890625,1.0708587169647217,1291.699951171875,59.47355459817498,20600.119140625,165.6281595971081,1193.77001953125,1.063795804977417,1278.5999755859375,58.975758475264996,20462.279296875,167.00278472980116,1193.77001953125,1.0643846988677979,1283.9000244140625,59.12962235478449,20561.390625,2960200.0,270524000,0.0,394.0,15155600.0,263180000.0
2017-04-19,166.82513427734375,1210.2900390625,1.0728693008422852,1281.4000244140625,58.867156982421875,20404.490234375,168.22781202385318,1215.510009765625,1.0736525058746338,1288.0,59.50977117329975,20546.689453125,166.6007149699188,1205.0799560546875,1.070159673690796,1274.0,58.731391864844696,20379.55078125,166.8905994211933,1212.1300048828125,1.0728347301483154,1288.0,59.41926339668187,20503.51953125,2124500.0,288060992,0.0,194.0,26992800.0,294790000.0
2017-04-20,167.666748046875,1229.0799560546875,1.0715012550354004,1281.9000244140625,59.28349685668945,20578.7109375,168.15301365674694,1240.7900390625,1.077818512916565,1281.9000244140625,59.50976974545544,20629.779296875,166.7783883354686,1208.4100341796875,1.0710651874542236,1276.199951171875,58.95766334444238,20406.6796875,167.14308397567862,1211.0799560546875,1.0714898109436035,1279.699951171875,59.247292365850825,20406.6796875,2335200.0,315108000,0.0,127.0,22299500.0,312440000.0
2017-04-21,168.67665100097656,1222.050048828125,1.0714898109436035,1287.4000244140625,60.098079681396484,20547.759765625,169.1909546737681,1235.93994140625,1.0737563371658325,1287.4000244140625,60.36960300041653,20601.400390625,167.77893111490175,1215.56005859375,1.0687072277069092,1279.199951171875,59.238238574581885,20505.330078125,167.77893111490175,1229.4200439453125,1.071329116821289,1279.800048828125,59.437359818376855,20578.099609375,3146600.0,272167008,0.0,474.0,32522600.0,369600000.0
2017-04-22,,1231.7099609375,,,,,,1235.56005859375,,,,,,1208.469970703125,,,,,,1222.7099609375,,,,,,249320000,,,,
2017-04-23,,1207.2099609375,,,,,,1232.199951171875,,,,,,1203.93994140625,,,,,,1231.9200439453125,,,,,,258951008,,,,
2017-04-24,170.24765014648438,1250.1500244140625,1.087393879890442,1275.800048828125,61.12083435058594,20763.890625,170.62170606011506,1250.93994140625,1.0877995491027832,1276.4000244140625,61.23850067741529,20792.19921875,169.8268497288272,1209.6300048828125,1.0821690559387207,1265.0,60.73164468823683,20723.58984375,169.9577657314044,1209.6300048828125,1.0875357389450073,1275.0,61.07558391398308,20723.58984375,3141900.0,235806000,0.0,605.0,29770000.0,342400000.0
2017-04-25,171.60357666015625,1265.489990234375,1.0864840745925903,1265.5999755859375,61.473812103271484,20996.119140625,171.9215277682306,1267.5799560546875,1.0940918922424316,1276.9000244140625,61.58242556755501,21026.970703125,170.6871646009149,1249.969970703125,1.085198998451233,1262.0999755859375,61.184183103815435,20909.380859375,170.6871646009149,1250.449951171875,1.086767554283142,1275.5999755859375,61.45571331187425,20915.509765625,3735400.0,242556000,0.0,356.0,30242700.0,348180000.0
2017-04-26,169.9203643798828,1281.0799560546875,1.0928245782852173,1262.0999755859375,61.39236831665039,20975.08984375,171.12666079245435,1294.8299560546875,1.0950744152069092,1266.0,61.82680844196387,21070.900390625,168.42416928839552,1265.9300537109375,1.0860711336135864,1262.0999755859375,61.202299898663085,20972.26953125,170.48142683761014,1265.989990234375,1.0928484201431274,1266.0,61.618641229297374,21009.94921875,4471600.0,329631008,0.0,1156.0,26190800.0,328550000.0
2017-04-27,171.33241271972656,1317.72998046875,1.090893268585205,1263.699951171875,61.79060363769531,20981.330078125,171.8373704314894,1319.699951171875,1.0930753946304321,1267.199951171875,61.89016427118523,21005.80078125,170.74328349868998,1281.300048828125,1.085257887840271,1262.199951171875,61.1660950975237,20935.80078125,170.74328349868998,1281.8800048828125,1.0909289121627808,1266.699951171875,61.68199705956177,20991.119140625,3129100.0,449196992,0.0,206.0,34971000.0,305690000.0
2017-04-28,172.8379364013672,1316.47998046875,1.0864251852035522,1266.0999755859375,61.96254348754883,20940.509765625,172.9314396805446,1331.280029296875,1.0948106050491333,1267.199951171875,62.578005787351245,20987.759765625,171.14537437236928,1292.3699951171875,1.0858235359191895,1264.699951171875,61.265626293284804,20926.75,171.51941602662785,1317.739990234375,1.0866730213165283,1265.9000244140625,62.36983867575072,20987.390625,2181600.0,527488992,0.0,85.0,39548800.0,329990000.0
2017-04-29,,1321.7900390625,,,,,,1327.199951171875,,,,,,1315.2099609375,,,,,,1317.8399658203125,,,,,,422705984,,,,
2017-04-30,,1347.8900146484375,,,,,,1347.9100341796875,,,,,,1314.9200439453125,,,,,,1321.8699951171875,,,,,,413115008,,,,
2017-05-01,170.55624389648438,1421.5999755859375,1.0907504558563232,1253.300048828125,62.822391510009766,20913.4609375,172.5199982381363,1434.3199462890625,1.0925379991531372,1269.300048828125,62.949103741728855,20976.619140625,170.004527466636,1348.300048828125,1.0885419845581055,1253.300048828125,61.998755098536904,20898.380859375,172.27685832284598,1348.300048828125,1.0906076431274414,1268.699951171875,62.16167181150413,20962.73046875,3516700.0,713624000,0.0,34.0,31954400.0,288160000.0
2017-05-02,171.53811645507812,1452.8199462890625,1.090893268585205,1255.0999755859375,62.72285461425781,20949.890625,171.9776232314518,1473.9000244140625,1.0925379991531372,1256.199951171875,63.0939386030015,20960.919921875,170.6871553119909,1415.68994140625,1.0889095067977905,1251.199951171875,62.568983784484736,20904.060546875,170.69650135895293,1421.030029296875,1.0909645557403564,1256.199951171875,63.0939386030015,20941.189453125,1979800.0,477337984,0.0,90.0,23906100.0,338810000.0
2017-05-03,171.4913787841797,1490.0899658203125,1.0935654640197754,1246.4000244140625,62.523704528808594,20957.900390625,171.82802201029781,1492.77001953125,1.0939722061157227,1255.800048828125,62.79522775768328,20972.740234375,170.42534427960152,1447.489990234375,1.0905719995498657,1238.699951171875,62.18881828403518,20874.1796875,171.54748361040342,1453.780029296875,1.0935654640197754,1255.0999755859375,62.79522775768328,20915.0,2983200.0,583795968,0.0,195.0,28928000.0,310920000.0
2017-05-04,171.192138671875,1537.6700439453125,1.0888975858688354,1226.5,62.27936553955078,20951.470703125,172.29557157569516,1608.9100341796875,1.0968520641326904,1239.800048828125,62.52374419640971,20990.7890625,170.35986956705395,1490.719970703125,1.0876303911209106,1224.199951171875,62.12550158837445,20847.94921875,171.43526432811294,1490.719970703125,1.0888738632202148,1239.800048828125,62.47848684356842,20987.830078125,2289300.0,933548992,0.0,72.0,21749400.0,274720000.0
2017-05-05,173.00625610351562,1555.449951171875,1.098152995109558,1224.800048828125,62.45132064819336,21006.939453125,173.06237519525064,1618.030029296875,1.0999890565872192,1233.699951171875,62.47847229145312,21006.939453125,171.2762955642211,1530.31005859375,1.0953261852264404,1224.800048828125,61.98972199687463,20905.0,171.2762955642211,1540.8699951171875,1.098140835762024,1227.0,62.360812868893845,20929.0390625,2636900.0,946035968,0.0,16.0,19128800.0,260960000.0
2017-05-06,,1578.800048828125,,,,,,1578.800048828125,,,,,,1542.5,,,,,,1556.81005859375,,,,,,582529984,,,,
2017-05-07,,1596.7099609375,,,,,,1596.719970703125,,,,,,1559.760009765625,,,,,,1579.469970703125,,,,,,1080029952,,,,
2017-05-08,173.95071411132812,1723.3499755859375,1.0965152978897095,1225.300048828125,62.397010803222656,21012.279296875,174.2967033241775,1723.3499755859375,1.0996261835098267,1234.0,62.49657142157774,21017.890625,172.99688942841226,1596.9200439453125,1.0919533967971802,1224.0,61.92635935185312,20971.05078125,173.35223895648886,1596.9200439453125,1.0966956615447998,1224.0,62.42416244362855,20991.259765625,1963400.0,1340320000,0.0,43.0,18566100.0,276150000.0
2017-05-09,174.78297424316406,1755.3599853515625,1.0927767753601074,1214.300048828125,62.4875373840332,20975.779296875,175.06351260195115,1833.489990234375,1.093400478363037,1226.199951171875,62.704757477971725,21046.849609375,173.97877189132035,1716.300048828125,1.087263822555542,1214.0,62.16170379047427,20938.0390625,174.03487670932304,1723.8900146484375,1.0927289724349976,1226.0999755859375,62.32462058725374,21022.279296875,3004000.0,1167920000,0.0,55.0,22858400.0,273000000.0
2017-05-10,172.6063232421875,1787.1300048828125,1.0886842012405396,1217.300048828125,62.73189163208008,20943.109375,174.93374897728881,1788.43994140625,1.0900371074676514,1220.199951171875,62.958164514210274,20976.279296875,167.8949374428745,1719.0999755859375,1.0859414339065552,1217.300048828125,62.378906488381,20884.150390625,174.4531928018419,1756.52001953125,1.0886961221694946,1219.800048828125,62.44226261916544,20958.490234375,7060100.0,915723008,0.0,23.0,17977800.0,283340000.0
2017-05-11,173.3224639892578,1848.5699462890625,1.087074637413025,1222.699951171875,61.96254348754883,20919.419921875,173.68995150839987,1873.9300537109375,1.0892000198364258,1222.699951171875,62.206921981529554,20933.359375,171.65462938176307,1755.3499755859375,1.0839990377426147,1218.300048828125,61.654815790296595,20798.900390625,172.3424876862067,1780.3699951171875,1.0866730213165283,1218.5,61.87203574749217,20925.720703125,2883800.0,799489984,0.0,13.0,28789400.0,287680000.0
2017-05-12,172.67225646972656,1724.239990234375,1.0864958763122559,1226.199951171875,61.890174865722656,20896.609375,173.36011463882576,1856.1500244140625,1.0933741331100464,1229.5,62.09834901828321,20916.099609375,172.0880493434784,1694.010009765625,1.0857645273208618,1226.0999755859375,61.582446967931546,20869.740234375,173.1057102065597,1845.760009765625,1.0866022109985352,1228.0,62.09834901828321,20893.189453125,3479200.0,740984000,0.0,29.0,18714100.0,288500000.0
2017-05-13,,1804.9100341796875,,,,,,1812.989990234375,,,,,,1651.0799560546875,,,,,,1723.1199951171875,,,,,,579635008,,,,
2017-05-14,,1808.9100341796875,,,,,,1831.4200439453125,,,,,,1776.6199951171875,,,,,,1800.8599853515625,,,,,,437196000,,,,
2017-05-15,171.86190795898438,1738.4300537109375,1.0927289724349976,1228.5999755859375,61.935420989990234,20981.939453125,173.48262561056083,1812.800048828125,1.099000096321106,1232.699951171875,61.980678333956234,21000.830078125,171.75825690994145,1708.5400390625,1.0923231840133667,1227.5,61.157041629823205,20923.630859375,172.71938351215692,1808.43994140625,1.0928006172180176,1227.5,61.672943586650085,20923.630859375,3365000.0,731529024,0.0,13.0,31530300.0,313170000.0
2017-05-16,172.15403747558594,1734.449951171875,1.0981770753860474,1235.0,63.182491302490234,20979.75,172.57805932991323,1785.93994140625,1.108930230140686,1237.300048828125,63.20979857106836,21033.529296875,171.5321310876346,1686.5400390625,1.0979599952697754,1230.4000244140625,62.04464214586749,20932.880859375,172.18230464067386,1741.699951171875,1.0980684757232666,1230.4000244140625,62.10836142084316,20984.48046875,2156100.0,959044992,0.0,20.0,34956000.0,311580000.0
2017-05-17,168.4603271484375,1839.0899658203125,1.1093976497650146,1257.5,61.4256706237793,20606.9296875,172.15405227692358,1864.050048828125,1.1150261163711548,1259.199951171875,62.900319134896556,20846.169921875,168.36609367137007,1661.9100341796875,1.1083157062530518,1240.699951171875,61.38015386570783,20601.080078125,172.15405227692358,1726.72998046875,1.109570026397705,1241.0,62.7091612517844,20846.169921875,2535700.0,1064729984,0.0,26.0,30548800.0,423200000.0
2017-05-18,167.15997314453125,1888.6500244140625,1.115635633468628,1251.699951171875,61.63501739501953,20663.01953125,168.196483838155,1904.47998046875,1.11720609664917,1260.0,62.017333076585636,20759.19921875,165.34138501063882,1807.1199951171875,1.1104941368103027,1245.800048828125,61.11615841435676,20553.44921875,168.17763426790475,1818.699951171875,1.1154240369796753,1254.800048828125,61.35283300313226,20579.650390625,3118100.0,894321024,0.0,43.0,25201300.0,422590000.0
2017-05-19,170.3260040283203,1987.7099609375,1.1113580465316772,1252.699951171875,61.616825103759766,20804.83984375,170.94791036726357,2004.52001953125,1.1198208332061768,1252.699951171875,61.990036108780686,20857.130859375,166.5663275878156,1890.25,1.1100751161575317,1252.699951171875,61.38015047564782,20687.939453125,167.47090555536255,1897.3699951171875,1.111086368560791,1252.699951171875,61.44386976649928,20698.279296875,4038900.0,1157289984,0.0,14.0,26961100.0,365180000.0
2017-05-20,,2084.72998046875,,,,,,2084.72998046875,,,,,,1974.9200439453125,,,,,,1984.239990234375,,,,,,961336000,,,,
2017-05-21,,2041.199951171875,,,,,,2119.080078125,,,,,,2037.5,,,,,,2067.030029296875,,,,,,1147859968,,,,
2017-05-22,173.06805419921875,2173.39990234375,1.120485782623291,1260.699951171875,62.30864334106445,20894.830078125,174.6228202293866,2303.89990234375,1.1263290643692017,1260.699951171875,62.3541601044954,20914.259765625,171.98444115413963,2017.8699951171875,1.116233468055725,1251.699951171875,61.44388039494073,20860.16015625,173.1717052678966,2043.18994140625,1.1202348470687866,1251.699951171875,61.79888892607641,20867.76953125,2946800.0,1942220032,0.0,14.0,16237600.0,276120000.0
2017-05-23,172.8984375,2320.419921875,1.123885989189148,1254.800048828125,62.51799774169922,20937.91015625,173.8124474755401,2320.820068359375,1.1266716718673706,1261.5999755859375,62.58171703033484,20961.140625,172.3047983011625,2178.5,1.1196328401565552,1250.5999755859375,62.24491110761421,20896.220703125,173.3789936650539,2191.56005859375,1.1237092018127441,1261.5,62.55440975590266,20908.669921875,2123800.0,1378749952,0.0,20.0,15425800.0,244950000.0
2017-05-24,174.5568389892578,2443.639892578125,1.11793053150177,1252.4000244140625,62.59991455078125,21012.419921875,174.69817480808638,2523.719970703125,1.1202473640441895,1257.800048828125,62.70004584559985,21022.8203125,172.87016924653534,2321.3701171875,1.1169440746307373,1249.699951171875,62.308625405367394,20933.580078125,172.87016924653534,2321.3701171875,1.1180930137634277,1251.9000244140625,62.69094805143892,20949.2109375,2424700.0,1725379968,0.0,14.0,14593900.0,283180000.0
2017-05-25,176.2718048095703,2304.97998046875,1.1230907440185547,1255.800048828125,63.373653411865234,21082.94921875,176.60159320670152,2763.7099609375,1.1250998973846436,1258.300048828125,63.61032105212927,21112.3203125,174.87722418475695,2285.300048828125,1.119557499885559,1255.800048828125,62.72735588059545,21051.41015625,174.91492332489202,2446.239990234375,1.12311589717865,1257.0999755859375,62.78197042144398,21062.9609375,2363300.0,2406700032,0.0,11.0,21854100.0,268970000.0
2017-05-26,175.8195037841797,2202.419921875,1.121076226234436,1267.5999755859375,63.68316650390625,21080.279296875,176.7806305785501,2573.7900390625,1.123204231262207,1267.5999755859375,63.919841168709254,21092.8203125,175.51798254904958,2071.989990234375,1.1163455247879028,1267.5999755859375,63.2826412165293,21050.490234375,175.95142202042587,2320.889892578125,1.1210637092590332,1267.5999755859375,63.53752536433103,21070.150390625,1735800.0,1763480064,0.0,271457.0,19827900.0,208000000.0
2017-05-27,,2038.8699951171875,,,,,,2260.199951171875,,,,,,1855.8299560546875,,,,,,2196.27001953125,,,,,,1700480000,,,,
2017-05-28,,2155.800048828125,,,,,,2267.340087890625,,,,,,2054.080078125,,,,,,2054.080078125,,,,,,1147139968,,,,
2017-05-29,,2255.610107421875,1.1176055669784546,,,,,2307.050048828125,1.11906898021698,,,,,2107.169921875,1.1162956953048706,,,,,2159.429931640625,1.1175181865692139,,,,,994625024,0.0,,,
2017-05-30,176.09275817871094,2175.469970703125,1.1129041910171509,1262.0999755859375,64.0927505493164,21029.470703125,176.60158151276823,2301.9599609375,1.1201595067977905,1270.0,64.0927505493164,21063.619140625,175.4425846455207,2124.570068359375,1.1110740900039673,1258.4000244140625,63.51016557434349,21009.599609375,175.97967514380292,2255.360107421875,1.1129412651062012,1267.4000244140625,63.528375044277794,21045.490234375,2231600.0,1443970048,0.0,129819.0,17072800.0,242810000.0
2017-05-31,176.79945373535156,2286.409912109375,1.117168664932251,1272.0,63.57389831542969,21008.650390625,177.3930785207682,2311.080078125,1.125226378440857,1273.199951171875,64.393151014315,21051.69921875,175.941978138852,2145.570068359375,1.1165823936462402,1258.5,63.54659104961341,20942.5703125,176.55445249177612,2187.18994140625,1.1173683404922485,1262.4000244140625,64.20199320872166,21048.4609375,5186700.0,1544829952,0.0,2712.0,30436400.0,371580000.0
2017-06-01,176.50733947753906,2407.8798828125,1.1243535280227661,1267.0,63.81061553955078,21144.1796875,177.0632794723647,2448.389892578125,1.1257203817367554,1269.199951171875,64.2748602035698,21144.1796875,173.8783785223358,2288.330078125,1.1203100681304932,1260.800048828125,63.218932253233845,20994.220703125,176.59214095918912,2288.330078125,1.123822808265686,1268.0,63.9380541618487,21030.55078125,2870200.0,1653180032,0.0,825.0,21603600.0,276730000.0
2017-06-02,179.24937438964844,2488.550048828125,1.1215791702270508,1276.800048828125,65.32164764404297,21206.2890625,180.63452292080044,2488.550048828125,1.1281461715698242,1279.0,65.41267418943073,21225.0390625,176.81829766921854,2373.320068359375,1.1206239461898804,1259.0,63.938019152579976,21129.560546875,176.97849743394372,2404.030029296875,1.1213276386260986,1265.199951171875,64.12007918823576,21142.08984375,3034300.0,1317030016,0.0,1732.0,34770300.0,329700000.0
2017-06-03,,2515.35009765625,,,,,,2581.909912109375,,,,,,2423.570068359375,,,,,,2493.719970703125,,,,,,1514950016,,,,
2017-06-04,,2511.81005859375,,,,,,2585.889892578125,,,,,,2452.5400390625,,,,,,2547.7900390625,,,,,,1355120000,,,,
2017-06-05,178.0432586669922,2686.81005859375,1.128082513809204,1279.300048828125,65.79498291015625,21184.0390625,179.72994276081067,2686.81005859375,1.1279042959213257,1282.0,66.3502538068232,21224.41015625,177.911340445521,2510.219970703125,1.1236207485198975,1277.0,65.36715055257226,21168.689453125,179.09861881676943,2512.39990234375,1.127548336982727,1279.199951171875,65.51279856574106,21195.029296875,2522100.0,1369309952,0.0,433.0,33316800.0,269790000.0
2017-06-06,175.9702606201172,2863.199951171875,1.1256824731826782,1294.4000244140625,66.0134506225586,21136.23046875,177.9584660140244,2999.909912109375,1.1279042959213257,1295.199951171875,66.10448410686605,21180.470703125,175.91372629068044,2690.840087890625,1.1241259574890137,1279.4000244140625,65.78588080154954,21118.4609375,177.53444416524027,2690.840087890625,1.125821828842163,1279.4000244140625,65.81319501376966,21145.48046875,2725000.0,2089609984,0.0,942.0,31511100.0,283550000.0
2017-06-07,177.2423095703125,2732.159912109375,1.1271415948867798,1290.0999755859375,65.89512634277344,21173.689453125,177.6568993730661,2869.3798828125,1.1279934644699097,1293.0999755859375,66.24103002056052,21189.83984375,175.63100957290706,2700.56005859375,1.120523452758789,1284.300048828125,65.49460117752886,21113.310546875,176.06446331952097,2869.3798828125,1.127052664756775,1291.5999755859375,66.12269619668407,21171.5703125,2383500.0,1517709952,0.0,641.0,22301800.0,273400000.0
2017-06-08,178.96669006347656,2805.6201171875,1.125517725944519,1276.300048828125,65.49459075927734,21182.529296875,180.04089980455214,2815.300048828125,1.1270145177841187,1287.5999755859375,66.01344966586326,21265.689453125,176.8654160698813,2670.949951171875,1.1196452379226685,1268.0999755859375,65.0849678653494,21138.16015625,177.24233555219064,2720.489990234375,1.12546706199646,1285.4000244140625,66.00435187346821,21169.759765625,2340300.0,1281170048,0.0,319.0,24588300.0,330330000.0
2017-06-09,179.0609130859375,2823.81005859375,1.1184805631637573,1268.5,64.01085662841797,21271.970703125,179.9655054127171,2901.7099609375,1.1217050552368164,1277.9000244140625,65.61295055471032,21305.349609375,178.32593811080724,2795.6201171875,1.1167818307876587,1264.5999755859375,62.436069976996684,21159.44921875,179.03264592366384,2807.43994140625,1.1193194389343262,1277.9000244140625,65.57653853992167,21208.9609375,3344900.0,1348950016,0.0,467.0,49187400.0,397200000.0
2017-06-10,,2947.7099609375,,,,,,2950.989990234375,,,,,,2746.550048828125,,,,,,2828.139892578125,,,,,,2018889984,,,,
2017-06-11,,2958.110107421875,,,,,,2996.60009765625,,,,,,2840.530029296875,,,,,,2942.409912109375,,,,,,1752400000,,,,
2017-06-12,179.0326385498047,2659.6298828125,1.1201971769332886,1266.0999755859375,63.51927947998047,21235.669921875,179.53204423341361,2997.260009765625,1.1230995655059814,1269.300048828125,63.66492748097127,21277.080078125,177.19520118765803,2518.56005859375,1.1194071769714355,1263.199951171875,62.01731745793767,21186.150390625,179.3153245389057,2953.219970703125,1.1202348470687866,1266.4000244140625,63.03683263023654,21259.94921875,2730100.0,2569530112,0.0,255.0,47761700.0,528080000.0
2017-06-13,180.0597381591797,2717.02001953125,1.1196202039718628,1265.800048828125,64.31124877929688,21328.470703125,180.50260957242025,2789.0400390625,1.1225234270095825,1266.9000244140625,64.46599462924654,21332.76953125,178.42018511085,2650.3798828125,1.1185808181762695,1259.699951171875,63.68315369494864,21256.830078125,179.07977624397162,2680.909912109375,1.1199086904525757,1264.0999755859375,63.73776824319405,21256.830078125,1882700.0,1781200000,0.0,150.0,25258600.0,323510000.0
2017-06-14,181.27528381347656,2506.3701171875,1.1208877563476562,1272.800048828125,63.96533966064453,21374.560546875,182.2175609691711,2786.830078125,1.1295095682144165,1278.0,64.72087333900865,21391.970703125,179.80533375107444,2412.93994140625,1.1198583841323853,1256.800048828125,63.200708187274834,21294.08984375,180.02205347104183,2716.8798828125,1.121076226234436,1269.4000244140625,64.54792495044074,21342.7109375,2210000.0,1696560000,0.0,336.0,25510700.0,295090000.0
2017-06-15,184.16806030273438,2464.580078125,1.1215791702270508,1252.199951171875,63.628543853759766,21359.900390625,184.26229376597556,2534.7099609375,1.1228384971618652,1264.199951171875,63.91072830041158,21367.279296875,180.3235679262217,2212.9599609375,1.1133625507354736,1250.300048828125,62.62723770752499,21261.869140625,180.38010225296327,2499.580078125,1.1216169595718384,1263.199951171875,63.0550632752325,21291.689453125,2894100.0,2026259968,0.0,743.0,26068700.0,317200000.0
2017-06-16,185.10092163085938,2518.56005859375,1.1146905422210693,1254.0,63.71957015991211,21384.279296875,186.52375492040912,2539.919921875,1.1199712753295898,1255.300048828125,63.74687743594238,21384.419921875,184.50728243827527,2385.14990234375,1.113908290863037,1251.300048828125,63.009553203597065,21308.009765625,184.6957349885853,2469.570068359375,1.114740252494812,1252.800048828125,63.473797730757674,21335.9296875,6939100.0,1195190016,0.0,34.0,48345100.0,603260000.0
2017-06-17,,2655.8798828125,,,,,,2685.18994140625,,,,,,2484.9599609375,,,,,,2514.010009765625,,,,,,1534509952,,,,
2017-06-18,,2548.2900390625,,,,,,2662.10009765625,,,,,,2516.330078125,,,,,,2655.35009765625,,,,,,1178659968,,,,
2017-06-19,187.5885467529297,2589.60009765625,1.120824933052063,1244.199951171875,64.51152038574219,21528.990234375,187.95603428591036,2662.85009765625,1.1213276386260986,1252.199951171875,64.57523968254814,21528.990234375,185.6286084510298,2549.030029296875,1.1159842014312744,1241.9000244140625,64.03817108528439,21436.080078125,186.45781698822066,2549.030029296875,1.1203352212905884,1252.0999755859375,64.174714419835,21444.75,2726400.0,1446840064,0.0,108.0,23798300.0,289400000.0
2017-06-20,186.88182067871094,2721.7900390625,1.1144545078277588,1241.0,63.63761520385742,21467.140625,189.6238505155279,2763.449951171875,1.1165997982025146,1245.5,64.5114823063253,21535.029296875,186.86297111069632,2589.820068359375,1.1120872497558594,1240.5,63.60120320647813,21464.240234375,187.27757533897199,2591.260009765625,1.114466905593872,1242.199951171875,64.46596557338158,21521.25,3077400.0,1854189952,0.0,75.0,21512200.0,310200000.0
2017-06-21,187.67332458496094,2689.10009765625,1.1136974096298218,1243.4000244140625,63.96533966064453,21410.029296875,188.18216226062236,2772.010009765625,1.1154489517211914,1245.0,64.28394305276359,21492.619140625,186.15625790872292,2660.39990234375,1.112866997718811,1240.0,63.66495269318168,21390.0,188.0596616390729,2709.429931640625,1.1136353015899658,1244.0999755859375,63.91072511108432,21466.390625,3151100.0,1626579968,0.0,205.0,19891100.0,292500000.0
2017-06-22,187.927734375,2705.409912109375,1.1167196035385132,1247.5999755859375,63.95623779296875,21397.2890625,188.8417442502319,2723.739990234375,1.117817997932434,1252.699951171875,64.25662474130326,21456.470703125,187.68273314369668,2642.360107421875,1.114715337753296,1246.300048828125,63.455581304275846,21394.810546875,187.74869943766495,2691.030029296875,1.1168441772460938,1251.0,64.21111493452833,21407.98046875,3339300.0,1097939968,0.0,156.0,22965700.0,270680000.0
2017-06-23,190.55670166015625,2744.909912109375,1.1149640083312988,1256.199951171875,64.82101440429688,21394.759765625,190.66978469380226,2765.169921875,1.120862603187561,1273.5999755859375,64.85742642444741,21421.7890625,187.2116149434564,2706.3701171875,1.1146284341812134,1249.800048828125,63.646752797752534,21333.890625,187.75813740905315,2707.340087890625,1.114976406097412,1250.0,63.80149867473023,21380.919921875,4310100.0,961318976,0.0,269.0,27617300.0,368400000.0
2017-06-24,,2608.719970703125,,,,,,2757.93994140625,,,,,,2583.18994140625,,,,,,2738.52001953125,,,,,,982750016,,,,
2017-06-25,,2589.409912109375,,,,,,2682.260009765625,,,,,,2552.1201171875,,,,,,2607.25,,,,,,1161100032,,,,
2017-06-26,188.43655395507812,2478.449951171875,1.1198835372924805,1246.300048828125,64.2020034790039,21409.55078125,192.59199905344366,2615.25,1.12186861038208,1260.199951171875,65.27613342384036,21506.2109375,188.39886920069662,2376.2900390625,1.1172560453414917,1241.5999755859375,64.12008166845018,21381.25,191.06551488588335,2590.570068359375,1.1199712753295898,1260.199951171875,64.99394903875908,21434.6796875,3077600.0,1663280000,0.0,194.0,19607000.0,241880000.0
2017-06-27,187.40948486328125,2552.449951171875,1.118355631828308,1246.4000244140625,63.000450134277344,21310.66015625,189.3223061547922,2552.449951171875,1.1330161094665527,1251.800048828125,63.8834224553795,21440.599609375,187.40948486328125,2332.989990234375,1.1180554628372192,1245.9000244140625,62.97314285752279,21310.66015625,188.26696044306394,2478.449951171875,1.118067979812622,1251.5999755859375,63.819703161324824,21411.189453125,2296900.0,1489789952,0.0,111.0,25215100.0,292170000.0
2017-06-28,188.0973358154297,2574.7900390625,1.1339154243469238,1248.0,63.537532806396484,21454.609375,189.3505659886103,2603.97998046875,1.1387965679168701,1248.5,63.57393788689218,21478.75,187.7958146428935,2484.419921875,1.129726529121399,1248.0,62.61814826399627,21372.359375,187.9842671729794,2553.030029296875,1.1336840391159058,1248.5,63.000464113154635,21372.359375,2096800.0,1183869952,0.0,370.0,25806200.0,271510000.0
2017-06-29,186.06207275390625,2539.320068359375,1.1382650136947632,1244.199951171875,62.345062255859375,21287.029296875,188.2292989339831,2588.830078125,1.1435105800628662,1250.699951171875,63.255342066056876,21487.380859375,185.11036352619317,2510.47998046875,1.13779878616333,1238.0999755859375,61.980948942803614,21197.080078125,188.09738069364792,2567.56005859375,1.13779878616333,1248.199951171875,63.15521073134445,21487.380859375,2428900.0,949979008,0.0,540.0,28918700.0,336750000.0
2017-06-30,186.33529663085938,2480.840087890625,1.144164800643921,1240.699951171875,62.74556350708008,21349.630859375,187.92774723124526,2559.25,1.1445000171661377,1243.699951171875,63.155186486463734,21426.119140625,185.99607629954636,2478.429931640625,1.1392894983291626,1239.0999755859375,62.57260818717619,21325.080078125,187.04200445626086,2539.239990234375,1.1440469026565552,1243.699951171875,62.60902019899181,21348.599609375,2225600.0,860273024,0.0,43.0,24161100.0,313260000.0
2017-07-01,,2434.550048828125,,,,,,2515.27001953125,,,,,,2419.22998046875,,,,,,2492.60009765625,,,,,,779913984,,,,
2017-07-02,,2506.469970703125,,,,,,2514.280029296875,,,,,,2394.840087890625,,,,,,2436.39990234375,,,,,,803747008,,,,
2017-07-03,187.12680053710938,2564.06005859375,1.1423088312149048,1217.9000244140625,62.053749084472656,21479.26953125,187.92774180062227,2595.0,1.1425960063934326,1236.0,63.35544898929268,21562.75,186.3352912462541,2480.469970703125,1.1356925964355469,1217.9000244140625,61.917205776577745,21391.7109375,186.6368268111554,2498.56005859375,1.1425045728683472,1236.0,63.109676590986744,21392.30078125,1511200.0,964112000,0.0,33.0,16165500.0,186810000.0
2017-07-04,,2601.639892578125,1.1371389627456665,,,,,2631.590087890625,1.1379153728485107,,,,,2559.35009765625,1.1337867975234985,,,,,2561.0,1.1375269889831543,,,,,985516032,0.0,,,
2017-07-05,190.1609344482422,2601.989990234375,1.1360150575637817,1220.4000244140625,62.882118225097656,21478.169921875,190.47188760875036,2622.64990234375,1.1368803977966309,1225.0,63.20981944601826,21505.359375,187.3812199490419,2538.550048828125,1.1315033435821533,1217.0999755859375,62.0992771912187,21404.759765625,187.7958241630528,2602.8701171875,1.1359893083572388,1222.5,62.13568920964126,21492.830078125,2716700.0,941566016,0.0,40.0,21176300.0,273690000.0
2017-07-06,189.85000610351562,2608.56005859375,1.1346874237060547,1222.199951171875,62.41786193847656,21320.0390625,190.80171527680656,2616.719970703125,1.1409013271331787,1225.0999755859375,62.60901979060078,21433.099609375,189.1904149395574,2581.68994140625,1.1330673694610596,1222.199951171875,62.00823896176483,21305.380859375,190.00077390613723,2608.10009765625,1.1344943046569824,1225.0999755859375,62.144775324081344,21423.9296875,2737400.0,761956992,0.0,5.0,21117600.0,320450000.0
2017-07-07,190.68861389160156,2518.659912109375,1.1424784660339355,1208.5999755859375,63.228023529052734,21414.33984375,191.54608951126264,2916.139892578125,1.1438244581222534,1220.4000244140625,63.57392729520262,21425.8203125,189.64268572579712,2498.8701171875,1.1382910013198853,1208.5999755859375,62.536209051870394,21350.720703125,190.5661276445126,2608.590087890625,1.142126202583313,1219.0999755859375,62.536209051870394,21354.66015625,3090400.0,917411968,0.0,116.0,16878300.0,242240000.0
2017-07-08,,2571.340087890625,,,,,,2571.340087890625,,,,,,2492.31005859375,,,,,,2520.27001953125,,,,,,733329984,,,,
2017-07-09,,2518.43994140625,,,,,,2635.489990234375,,,,,,2517.590087890625,,,,,,2572.610107421875,,,,,,527856000,,,,
2017-07-10,192.1868438720703,2372.56005859375,1.140380859375,1212.0999755859375,63.70134735107422,21408.51953125,192.7710510738063,2537.159912109375,1.1417349576950073,1212.0999755859375,63.947119702010994,21446.390625,190.51900937723443,2321.1298828125,1.1383039951324463,1209.5999755859375,62.991323675843965,21371.109375,190.64151000134328,2525.25,1.1406410932540894,1211.4000244140625,63.22799823425405,21381.23046875,2701900.0,1111200000,0.0,28.0,15014500.0,270340000.0
2017-07-11,194.363525390625,2337.7900390625,,1213.5999755859375,63.71045684814453,21409.0703125,194.7310129297833,2413.469970703125,,1214.9000244140625,64.33855189186625,21441.619140625,192.22455208423722,2296.81005859375,,1208.699951171875,63.49199172441217,21279.30078125,192.22455208423722,2385.889892578125,,1208.699951171875,63.71956158722369,21410.169921875,2815800.0,1329760000,,12.0,17460000.0,247570000.0
2017-07-12,194.52371215820312,2398.840087890625,1.1473942995071411,1218.0999755859375,64.76637268066406,21532.140625,196.56845200613816,2423.7099609375,1.149100422859192,1219.4000244140625,64.88470648785686,21580.7890625,194.41064349244007,2275.139892578125,1.1394842863082886,1217.9000244140625,64.22020649725755,21467.9296875,195.00426836570549,2332.77001953125,1.1473942995071411,1218.300048828125,64.34764504188975,21467.9296875,2817400.0,1117410048,0.0,7.0,17750900.0,267870000.0
2017-07-13,194.3258056640625,2357.89990234375,1.1418914794921875,1216.300048828125,65.33075714111328,21553.08984375,195.05136306943834,2425.219970703125,1.1455278396606445,1221.4000244140625,65.57653649705969,21568.720703125,193.4966115787836,2340.830078125,1.137255311012268,1216.300048828125,64.91202940141063,21512.359375,194.86291052178439,2402.699951171875,1.1419044733047485,1221.4000244140625,65.08498473004836,21537.189453125,1943600.0,835769984,0.0,7.0,20269800.0,232270000.0
2017-07-14,196.47418212890625,2233.340087890625,1.140393853187561,1226.5999755859375,66.2501449584961,21637.740234375,196.68148422973474,2363.25,1.1466838121414185,1227.5,66.69617999626142,21681.529296875,194.80636210588605,2183.219970703125,1.139237642288208,1214.800048828125,65.50371600055166,21521.720703125,194.8628964282926,2360.590087890625,1.140393853187561,1214.9000244140625,65.75859316498901,21532.76953125,3229000.0,882502976,0.0,23.0,25868100.0,235590000.0
2017-07-15,,1998.8599853515625,,,,,,2231.139892578125,,,,,,1990.4100341796875,,,,,,2230.1201171875,,,,,,993608000,,,,
2017-07-16,,1929.8199462890625,,,,,,2058.77001953125,,,,,,1843.030029296875,,,,,,1991.97998046875,,,,,,1182870016,,,,
2017-07-17,196.9359130859375,2228.409912109375,1.1475391387939453,1232.800048828125,66.76898956298828,21629.720703125,197.61435374537368,2230.489990234375,1.1487255096435547,1233.4000244140625,66.86001610987037,21661.810546875,196.52130886317013,1932.6199951171875,1.1436283588409424,1229.9000244140625,66.19551606723877,21617.66015625,196.68149424414707,1932.6199951171875,1.1475127935409546,1229.9000244140625,66.26834008269658,21633.970703125,2416000.0,1201760000,0.0,7.0,21803900.0,244780000.0
2017-07-18,196.21978759765625,2318.8798828125,1.1474337577819824,1241.0999755859375,66.7234878540039,21574.73046875,197.1149479630291,2387.610107421875,1.1584800481796265,1241.199951171875,66.8054096726689,21589.939453125,195.55076453334163,2164.77001953125,1.1472363471984863,1236.199951171875,66.14090954944879,21471.140625,197.0395640700072,2233.52001953125,1.1473416090011597,1236.199951171875,66.53232305402317,21589.939453125,1942300.0,1512450048,0.0,29.0,26435300.0,251110000.0
2017-07-19,198.70742797851562,2273.429931640625,1.1549744606018066,1241.199951171875,67.23323822021484,21640.75,198.75453033787238,2397.169921875,1.1553213596343994,1241.199951171875,67.3970887928873,21640.75,196.92652457894152,2260.22998046875,1.1510659456253052,1240.0999755859375,66.86002032611836,21565.83984375,197.34111448494025,2323.080078125,1.154961109161377,1240.4000244140625,66.90553707486991,21569.25,2258400.0,1245100032,0.0,3.0,22416200.0,253040000.0
2017-07-20,198.1420440673828,2817.60009765625,1.1528440713882446,1244.800048828125,67.56094360351562,21611.779296875,199.05605408133425,2900.699951171875,1.1649987697601318,1244.800048828125,67.63376762813388,21661.91015625,197.8028237077925,2269.889892578125,1.1480133533477783,1236.5999755859375,66.70527867645416,21576.9609375,198.91471825567524,2269.889892578125,1.1528840065002441,1236.5999755859375,67.5245315912065,21641.5390625,2235100.0,2249260032,0.0,5.0,42361000.0,313950000.0
2017-07-21,199.89466857910156,2667.760009765625,1.1628718376159668,1254.300048828125,67.1695327758789,21580.0703125,199.9512029060798,2838.409912109375,1.1675150394439697,1254.300048828125,67.62467257763045,21592.609375,197.3222560555376,2621.85009765625,1.1620204448699951,1250.5,66.60515692154938,21503.779296875,197.86877851300682,2838.409912109375,1.1628042459487915,1250.699951171875,66.8600340993491,21591.720703125,2098400.0,1489449984,0.0,16.0,46717100.0,362830000.0
2017-07-22,,2810.1201171875,,,,,,2862.419921875,,,,,,2657.7099609375,,,,,,2668.6298828125,,,,,,1177129984,,,,
2017-07-23,,2730.39990234375,,,,,,2832.179931640625,,,,,,2653.93994140625,,,,,,2808.10009765625,,,,,,1072840000,,,,
2017-07-24,199.93234252929688,2754.860107421875,1.1681697368621826,1253.9000244140625,66.99656677246094,21513.169921875,200.3657963093769,2777.260009765625,1.1681697368621826,1256.0,67.13311008024444,21577.779296875,199.19736756229747,2699.18994140625,1.1631693840026855,1253.9000244140625,66.56873431568383,21496.130859375,199.76273955753106,2732.699951171875,1.1681560277938843,1256.0,66.93284748814612,21577.779296875,2392700.0,866473984,0.0,8.0,21394800.0,284080000.0
2017-07-25,200.1962127685547,2576.47998046875,1.1638869047164917,1251.699951171875,67.53364562988281,21613.4296875,201.6473132760869,2768.080078125,1.1706860065460205,1253.5999755859375,67.6428747369698,21670.619140625,199.71564221256006,2480.9599609375,1.1631559133529663,1249.199951171875,66.90555048460382,21577.369140625,200.9123382377512,2757.5,1.1638869047164917,1252.699951171875,67.17863714208569,21638.560546875,2889000.0,1460089984,0.0,18.0,22018700.0,304300000.0
2017-07-26,219.97457885742188,2529.449951171875,1.1644561290740967,1249.0,67.40618896484375,21711.009765625,220.4739845536945,2610.760009765625,1.1655012369155884,1249.0,67.70657587365805,21742.69921875,210.1466359303134,2450.800048828125,1.1615750789642334,1244.800048828125,67.18771691949475,21683.2890625,210.58007533032014,2577.77001953125,1.1643340587615967,1244.800048828125,67.67016386609988,21690.380859375,14140000.0,937404032,0.0,7.0,16252200.0,278240000.0
2017-07-27,227.08877563476562,2671.780029296875,1.1728004217147827,1259.5999755859375,66.59605407714844,21796.55078125,228.67179422322428,2693.320068359375,1.1774957180023193,1259.5999755859375,67.74300129029646,21798.470703125,223.03698132667668,2529.340087890625,1.1654876470565796,1259.5999755859375,65.83141565683472,21687.849609375,223.44216794648915,2538.7099609375,1.1730343103408813,1259.5999755859375,67.1422204088687,21717.419921875,10860600.0,789104000,0.0,220309.0,36844200.0,407320000.0
2017-07-28,227.34320068359375,2809.010009765625,1.1688660383224487,1268.4000244140625,66.48681640625,21830.310546875,228.0310589429929,2897.449951171875,1.1763322353363037,1270.0,66.73258881880268,21841.1796875,224.78020581300217,2679.72998046875,1.1672561168670654,1256.9000244140625,66.03167665013784,21756.119140625,226.91917886281368,2679.72998046875,1.1690027713775635,1258.4000244140625,66.15001048656964,21787.509765625,4602400.0,1380099968,0.0,64180.0,18306700.0,285630000.0
2017-07-29,,2726.449951171875,,,,,,2808.760009765625,,,,,,2692.800048828125,,,,,,2807.02001953125,,,,,,803745984,,,,
2017-07-30,,2757.179931640625,,,,,,2758.530029296875,,,,,,2644.85009765625,,,,,,2724.389892578125,,,,,,705942976,,,,
2017-07-31,228.4645233154297,2875.340087890625,1.1747292280197144,1266.5999755859375,66.17732238769531,21891.119140625,232.26189906639374,2889.6201171875,1.1824663877487183,1270.800048828125,66.85093427415315,21929.80078125,227.8614665166614,2720.610107421875,1.1723741292953491,1265.800048828125,65.91334742218959,21861.7109375,227.8897336808218,2763.239990234375,1.1746878623962402,1268.9000244140625,66.7234956891221,21863.390625,5777300.0,860574976,0.0,7780.0,23600100.0,307610000.0
2017-08-01,225.61886596679688,2718.260009765625,1.182410478591919,1272.5999755859375,66.06810760498047,21963.919921875,229.90623030949592,2921.35009765625,1.1837540864944458,1273.300048828125,66.83273928091688,21990.9609375,225.3550294882932,2685.610107421875,1.1791062355041504,1262.0,65.98617881405384,21940.810546875,229.33144061461087,2871.300048828125,1.1823545694351196,1268.4000244140625,66.54145003129108,21961.419921875,5018400.0,1324669952,0.0,1061.0,22132300.0,328410000.0
2017-08-02,224.21484375,2710.669921875,1.1811256408691406,1271.800048828125,65.77679443359375,22016.240234375,227.61646481815845,2762.530029296875,1.186760425567627,1272.0999755859375,66.04987409930712,22036.099609375,224.14889182642224,2668.590087890625,1.1794956922531128,1262.9000244140625,65.0303655688343,21967.4609375,225.26077195594368,2727.1298828125,1.180930256843567,1268.5,66.04077630520003,22004.359375,5119900.0,1094950016,0.0,393.0,26499200.0,336820000.0
2017-08-03,224.4975128173828,2804.72998046875,1.1851149797439575,1267.800048828125,65.67664337158203,22026.099609375,225.7601606454661,2813.31005859375,1.18948495388031,1269.800048828125,65.94062516373334,22044.849609375,222.41507415810514,2685.139892578125,1.1833997964859009,1256.5999755859375,65.40355684318304,21991.3203125,223.37620079915692,2709.56005859375,1.1851431131362915,1265.9000244140625,65.71305537169383,22007.580078125,5112700.0,804796992,0.0,878.0,18214400.0,278730000.0
2017-08-04,223.9886932373047,2895.889892578125,1.1884952783584595,1258.300048828125,66.15909576416016,22092.810546875,225.89208260563996,2899.330078125,1.1891002655029297,1269.5999755859375,66.48679684775122,22092.810546875,222.7354629830994,2743.719970703125,1.1736950874328613,1253.9000244140625,65.7585706742423,22024.640625,224.80846970408268,2806.929931640625,1.1887779235839844,1269.0,65.90421868689589,22058.390625,5590500.0,1002120000,0.0,521.0,22579000.0,253640000.0
2017-08-05,,3252.909912109375,,,,,,3290.010009765625,,,,,,2874.830078125,,,,,,2897.6298828125,,,,,,1945699968,,,,
2017-08-06,,3213.93994140625,,,,,,3293.2900390625,,,,,,3155.60009765625,,,,,,3257.610107421875,,,,,,1105030016,,,,
2017-08-07,226.3632354736328,3378.93994140625,1.1778424978256226,1258.199951171875,65.90425872802734,22118.419921875,227.4939651768072,3397.679931640625,1.1812511682510376,1259.0999755859375,66.35939862677769,22121.150390625,223.51756883587902,3180.889892578125,1.177773118019104,1255.300048828125,65.77682011196794,22081.970703125,223.8850563488609,3212.780029296875,1.177773118019104,1258.699951171875,66.26837203600437,22100.19921875,3674700.0,1482279936,0.0,260.0,18705700.0,213010000.0
2017-08-08,225.6753692626953,3419.93994140625,1.1800941228866577,1256.4000244140625,66.25924682617188,22085.33984375,226.63649594677528,3484.85009765625,1.1824523210525513,1264.0999755859375,66.56873852817684,22179.109375,225.13826440517755,3345.830078125,1.1718658208847046,1251.4000244140625,65.31255529581539,22057.2890625,226.06170633094413,3370.219970703125,1.18002450466156,1256.9000244140625,65.62204699782035,22095.140625,4871500.0,1752760064,0.0,555.0,22044600.0,262000000.0
2017-08-09,222.10177612304688,3342.469970703125,1.1754610538482666,1273.0,65.96796417236328,22048.69921875,226.2630439809247,3422.760009765625,1.1760278940200806,1277.800048828125,66.00437618999707,22057.189453125,221.90272582374476,3247.669921875,1.169235110282898,1260.199951171875,65.58564840453178,21996.689453125,225.60899264140707,3420.39990234375,1.1753367185592651,1260.199951171875,65.76770154781852,22022.33984375,5680400.0,1468960000,0.0,574.0,22213400.0,277800000.0
2017-08-10,220.74632263183594,3381.280029296875,1.1761523485183716,1283.699951171875,65.0030517578125,21844.009765625,223.85542454520564,3453.449951171875,1.1764705181121826,1287.4000244140625,65.71306854007697,21988.19921875,219.82686111547966,3319.469970703125,1.1704667806625366,1274.9000244140625,64.94843027425964,21843.939453125,221.83639871555005,3341.840087890625,1.1764705181121826,1276.5999755859375,65.44908669502577,21988.19921875,6817700.0,1515110016,0.0,608.0,24734500.0,303310000.0
2017-08-11,222.64208984375,3650.6201171875,1.177024483680725,1287.699951171875,65.99526977539062,21858.3203125,223.13498595364857,3679.719970703125,1.1831799745559692,1291.0999755859375,66.17732291405956,21911.08984375,218.90737271454256,3372.1201171875,1.1749224662780762,1282.0,64.88472757281671,21842.740234375,220.63253802671323,3373.820068359375,1.1769968271255493,1286.300048828125,65.18512150201433,21883.3203125,3461700.0,2021190016,0.0,139.0,21443700.0,237790000.0
2017-08-12,,3884.7099609375,,,,,,3949.919921875,,,,,,3613.699951171875,,,,,,3650.6298828125,,,,,,2219589888,,,,
2017-08-13,,4073.260009765625,,,,,,4208.39013671875,,,,,,3857.800048828125,,,,,,3880.0400390625,,,,,,3159089920,,,,
2017-08-14,224.79380798339844,4325.1298828125,1.182550311088562,1284.199951171875,66.98747253417969,21993.7109375,225.10661578501558,4325.1298828125,1.1839994192123413,1288.4000244140625,67.10581332708753,22019.23046875,223.43832197348712,3989.159912109375,1.1773293018341064,1278.800048828125,66.4048941448682,21945.640625,223.7132057886133,4066.10009765625,1.1826341152191162,1288.4000244140625,66.50502545661382,21945.640625,2953500.0,2463089920,0.0,338.0,20096600.0,235030000.0
2017-08-15,226.7085723876953,4181.93017578125,1.1775789260864258,1273.699951171875,67.0057601928711,21998.990234375,227.1540852303672,4455.97021484375,1.1792453527450562,1280.5,67.34435352367521,22038.919921875,223.71321375383081,3906.179931640625,1.1689002513885498,1267.4000244140625,66.84103665992691,21971.48046875,224.8507019688522,4326.990234375,1.1777037382125854,1280.5,67.34435352367521,22029.91015625,2851100.0,3258050048,0.0,188.0,19181400.0,269070000.0
2017-08-16,225.2108917236328,4376.6298828125,1.1741223335266113,1276.9000244140625,67.39927673339844,22024.869140625,227.74177550576596,4381.22998046875,1.1757513284683228,1282.5999755859375,67.81108214026055,22085.7109375,225.04027717065824,3994.419921875,1.1683608293533325,1269.4000244140625,66.96001158178049,22002.470703125,227.21095538927167,4200.33984375,1.1739845275878906,1271.300048828125,67.11558189264993,22031.9296875,3012700.0,2272039936,0.0,110.0,18150400.0,264920000.0
2017-08-17,223.31509399414062,4331.68994140625,1.1774264574050903,1286.4000244140625,66.25537109375,21750.73046875,225.22037658982399,4484.7001953125,1.1790227890014648,1288.5,67.60061245194441,21984.740234375,222.99281242304704,4243.7099609375,1.1666978597640991,1283.199951171875,66.25537109375,21750.3203125,225.01183805234854,4384.43994140625,1.1774264574050903,1283.800048828125,67.33522408356264,21984.740234375,2810900.0,2553359872,0.0,43.0,22977500.0,311030000.0
2017-08-18,223.4857177734375,4160.6201171875,1.1715501546859741,1285.699951171875,66.33772277832031,21674.509765625,224.89807528699083,4370.1298828125,1.176816701889038,1300.699951171875,66.65801664551995,21793.349609375,222.3482440726103,4015.39990234375,1.1712207794189453,1284.300048828125,65.82525259080089,21641.630859375,222.75583290937024,4324.33984375,1.1717286109924316,1288.5999755859375,66.13639320982836,21724.880859375,2939500.0,2941710080,0.0,358.0,18761500.0,309070000.0
2017-08-19,,4193.7001953125,,,,,,4243.259765625,,,,,,3970.550048828125,,,,,,4137.75,,,,,,2975820032,,,,
2017-08-20,,4087.659912109375,,,,,,4196.2900390625,,,,,,4069.8798828125,,,,,,4189.31005859375,,,,,,2109769984,,,,
2017-08-21,223.40040588378906,4001.739990234375,1.1756268739700317,1290.800048828125,66.02659606933594,21703.75,224.59476561650257,4109.14013671875,1.1824663877487183,1290.800048828125,66.32859048569605,21718.740234375,222.13971533177914,3988.60009765625,1.1731857061386108,1284.699951171875,65.61478359742192,21600.33984375,223.48572762452824,4090.47998046875,1.175723671913147,1285.199951171875,66.31943723559553,21671.359375,2545400.0,2800890112,0.0,18.0,17734800.0,277880000.0
2017-08-22,227.2583465576172,4100.52001953125,1.1811953783035278,1285.0999755859375,66.95086669921875,21899.890625,227.39105158289595,4128.759765625,1.1825922727584839,1288.4000244140625,67.02407174109922,21912.830078125,223.80800143660682,3674.580078125,1.1746463775634766,1283.199951171875,66.20960717691004,21738.130859375,223.85539918786986,3998.35009765625,1.1811814308166504,1287.199951171875,66.20960717691004,21739.779296875,2915700.0,3764239872,0.0,100.0,14343700.0,244980000.0
2017-08-23,225.68484497070312,4151.52001953125,1.176221489906311,1288.9000244140625,66.54820251464844,21812.08984375,226.88867848639487,4255.77978515625,1.1818654537200928,1289.4000244140625,66.94170838524586,21866.66015625,224.83174326073294,4078.409912109375,1.1743566989898682,1286.9000244140625,66.37432571683864,21808.390625,226.88867848639487,4089.010009765625,1.1760832071304321,1289.4000244140625,66.76783158743606,21850.26953125,2518300.0,2369819904,0.0,250.0,13766500.0,234810000.0
2017-08-24,226.3009490966797,4334.68017578125,1.1816558837890625,1286.5,66.52073669433594,21783.400390625,226.45260163367726,4376.39013671875,1.1818934679031372,1288.699951171875,66.67630696610813,21870.109375,224.27244996875442,4130.259765625,1.1785225868225098,1284.0,65.95335413731382,21765.8203125,226.09241058657662,4137.60009765625,1.1816420555114746,1288.699951171875,66.56648896033195,21839.900390625,2553100.0,2037750016,0.0,550.0,17098300.0,228480000.0
2017-08-25,223.59945678710938,4371.60009765625,1.1802195310592651,1292.5,66.63970947265625,21813.669921875,226.63272475607255,4455.7001953125,1.188424825668335,1292.699951171875,67.12472684180239,21906.859375,223.3245729793219,4307.35009765625,1.1774818897247314,1280.300048828125,66.32856888938585,21812.810546875,226.5474174843898,4332.81982421875,1.1798295974731445,1285.4000244140625,66.67631547925545,21819.080078125,2270300.0,1727970048,0.0,280.0,12794300.0,217570000.0
2017-08-26,,4352.39990234375,,,,,,4379.27978515625,,,,,,4269.52001953125,,,,,,4372.06005859375,,,,,,1511609984,,,,
2017-08-27,,4382.8798828125,,,,,,4416.58984375,,,,,,4317.2900390625,,,,,,4345.10009765625,,,,,,1537459968,,,,
2017-08-28,224.82225036621094,4382.66015625,1.1951857805252075,1309.699951171875,66.64887237548828,21808.400390625,225.17298216465406,4403.93017578125,1.197604775428772,1311.300048828125,66.88680098003003,21861.490234375,222.38616208973042,4224.64013671875,1.1917815208435059,1293.5,66.39263727405385,21767.939453125,223.9122771562951,4384.4501953125,1.1951429843902588,1293.5,66.8593482165739,21832.5,2395000.0,1959330048,0.0,145.0,14569700.0,218740000.0
2017-08-29,227.9597930908203,4579.02001953125,1.1963869333267212,1313.0999755859375,66.85018920898438,21865.369140625,228.60435621666204,4625.68017578125,1.2066947221755981,1323.800048828125,66.95085397705968,21879.220703125,223.7795631462009,4352.1298828125,1.196300983428955,1313.0999755859375,65.93506003148633,21673.580078125,224.85069156481984,4389.2099609375,1.1965157985687256,1318.800048828125,66.11808307423333,21718.0,3535500.0,2486080000,0.0,1178.0,11478400.0,227340000.0
2017-08-30,227.93138122558594,4565.2998046875,1.1970456838607788,1308.0999755859375,67.72870635986328,21892.4296875,228.86031648939863,4626.52001953125,1.1986095905303955,1312.5,67.91172938633787,21914.259765625,226.54744486361798,4471.41015625,1.189668893814087,1304.9000244140625,66.64885374714898,21839.470703125,228.4337656156719,4570.35986328125,1.1970313787460327,1308.199951171875,66.81357726372848,21859.759765625,2801100.0,1937849984,0.0,1178.0,16897800.0,242840000.0
2017-08-31,227.1730499267578,4703.39013671875,1.1893434524536133,1316.199951171875,68.42422485351562,21948.099609375,228.53802423001054,4736.0498046875,1.1908164024353027,1322.300048828125,68.59810168054773,21985.759765625,225.98817840848477,4549.39990234375,1.1824384927749634,1301.699951171875,67.53655516543195,21910.5,228.44322872304323,4555.58984375,1.1890040636062622,1306.5999755859375,67.74703102584434,21936.009765625,3075800.0,1944930048,0.0,373.0,27652800.0,376790000.0
2017-09-01,227.80813598632812,4892.009765625,1.1910432577133179,1324.5,67.6646499633789,21987.560546875,229.89350693517443,4892.009765625,1.1978631019592285,1327.699951171875,68.39674907670276,22038.970703125,226.70857176218178,4678.52978515625,1.1851149797439575,1316.9000244140625,67.39010843220673,21974.91015625,227.17304659749277,4701.759765625,1.191085934638977,1320.199951171875,68.36929631996178,21981.76953125,3270700.0,2599079936,0.0,313.0,21736200.0,256240000.0
2017-09-02,,4578.77001953125,,,,,,4975.0400390625,,,,,,4469.240234375,,,,,,4901.419921875,,,,,,2722139904,,,,
2017-09-03,,4582.9599609375,,,,,,4714.080078125,,,,,,4417.58984375,,,,,,4585.27001953125,,,,,,1933190016,,,,
2017-09-04,,4236.31005859375,1.1882835626602173,,,,,4591.6298828125,1.1923214197158813,,,,,4108.39990234375,1.1879446506500244,,,,,4591.6298828125,1.1882553100585938,,,,,2987330048,0.0,,,
2017-09-05,224.65164184570312,4376.52978515625,1.1893434524536133,1339.199951171875,67.36266326904297,21753.310546875,227.83657709345857,4427.83984375,1.193816065788269,1339.199951171875,67.61889833668494,21921.08984375,223.9217569341565,3998.110107421875,1.187042236328125,1328.5999755859375,66.78613436684854,21709.630859375,227.77970557428213,4228.2900390625,1.18944251537323,1335.199951171875,67.11557446675825,21912.369140625,3866600.0,2697969920,0.0,39.0,21556000.0,332840000.0
2017-09-06,222.3956298828125,4597.1201171875,1.1924067735671997,1333.9000244140625,67.17046356201172,21807.640625,225.4668219272761,4617.25,1.1949286460876465,1340.300048828125,67.75614550735791,21849.240234375,222.13021983173377,4376.58984375,1.1903769969940186,1332.5999755859375,67.12470432364299,21794.0703125,225.15401412484124,4376.58984375,1.1923640966415405,1340.0,67.48160404090459,21815.759765625,4252700.0,2172100096,0.0,20.0,16535800.0,318760000.0
2017-09-07,223.99757385253906,4599.8798828125,1.1927765607833862,1345.0999755859375,68.03070831298828,21784.779296875,224.21558614781839,4655.0400390625,1.205690860748291,1349.0,68.26864388417465,21850.009765625,222.0828175541272,4491.330078125,1.1915684938430786,1336.4000244140625,67.35351459086968,21745.7109375,222.51885660844854,4589.14013671875,1.1927480697631836,1336.4000244140625,67.42672660998586,21820.380859375,2994500.0,1844620032,0.0,26.0,17471200.0,333810000.0
2017-09-08,226.33889770507812,4228.75,1.2029062509536743,1346.0,67.70126342773438,21797.7890625,226.9171155895418,4661.0,1.2093360424041748,1355.800048828125,68.12222203521301,21846.630859375,222.95491214080948,4075.179931640625,1.2018941640853882,1345.5999755859375,67.57313891235381,21731.119140625,223.4667702770699,4605.16015625,1.2028627395629883,1351.0,68.02155726148095,21764.4296875,3404200.0,2700890112,0.0,37.0,14703800.0,289400000.0
2017-09-09,,4226.06005859375,,,,,,4308.81982421875,,,,,,4114.10986328125,,,,,,4229.81005859375,,,,,,1386230016,,,,
2017-09-10,,4122.93994140625,,,,,,4245.43994140625,,,,,,3951.0400390625,,,,,,4229.33984375,,,,,,1679090048,,,,
2017-09-11,228.05458068847656,4161.27001953125,1.2017642259597778,1331.0,68.41505432128906,22057.369140625,229.2489404005879,4261.669921875,1.2029350996017456,1331.0,68.57977784061173,22067.099609375,226.84127344653976,4099.39990234375,1.1962437629699707,1327.300048828125,68.00324203204188,21927.7890625,227.02137622622405,4122.47021484375,1.2015330791473389,1331.0,68.00324203204188,21927.7890625,3628100.0,1557330048,0.0,9.0,17910400.0,312770000.0
2017-09-12,228.04510498046875,4130.81005859375,1.1959433555603027,1328.0,68.34183502197266,22118.859375,229.11623342077186,4344.64990234375,1.1977481842041016,1328.0,68.85430503543982,22134.5703125,226.50002795082983,4085.219970703125,1.1927480697631836,1325.199951171875,68.0581472619291,22087.08984375,228.05457874530074,4168.8798828125,1.1958575248718262,1327.0,68.41504701871948,22090.560546875,2702700.0,1864530048,0.0,15.0,14394900.0,364580000.0
2017-09-13,229.32476806640625,3882.590087890625,1.1974613666534424,1323.4000244140625,68.82688903808594,22158.1796875,230.79401165383916,4131.97998046875,1.1996002197265625,1323.4000244140625,68.8451955379891,22158.1796875,224.73694898141798,3789.919921875,1.188565969467163,1323.4000244140625,68.22290719707806,22095.7890625,227.49533336983046,4131.97998046875,1.1971603631973267,1323.4000244140625,68.57065389451387,22103.470703125,4529100.0,2219409920,0.0,16.0,13380800.0,291890000.0
2017-09-14,232.4528350830078,3154.949951171875,1.1890605688095093,1324.699951171875,68.42422485351562,22203.48046875,232.81304066101262,3920.60009765625,1.1910008192062378,1329.300048828125,69.08311916449678,22216.439453125,229.86507967915415,3153.860107421875,1.1845674514770508,1319.5999755859375,68.19544249452959,22135.259765625,230.3390282970493,3875.3701171875,1.1890465021133423,1319.5999755859375,68.63470769581153,22144.9609375,4995200.0,2716310016,0.0,316.0,15733900.0,297780000.0
2017-09-15,236.02639770507812,3637.52001953125,1.1921650171279907,1320.4000244140625,68.91838073730469,22268.33984375,236.92689713288706,3733.449951171875,1.198552131652832,1321.199951171875,68.99159275205768,22275.01953125,233.3817709382216,2946.6201171875,1.1902352571487427,1319.800048828125,67.78362243616115,22214.51953125,234.4718469091856,3166.300048828125,1.1922788619995117,1320.5999755859375,68.47912261255068,22252.439453125,9033300.0,4148069888,0.0,15.0,38578400.0,527540000.0
2017-09-16,,3625.0400390625,,,,,,3808.840087890625,,,,,,3487.7900390625,,,,,,3637.75,,,,,,1818400000,,,,
2017-09-17,,3582.8798828125,,,,,,3664.81005859375,,,,,,3445.639892578125,,,,,,3606.280029296875,,,,,,1239149952,,,,
2017-09-18,239.8938446044922,4065.199951171875,1.193716287612915,1306.300048828125,68.7811050415039,22331.349609375,240.56684357146995,4079.22998046875,1.1968880891799927,1310.4000244140625,69.52235736250512,22355.619140625,235.94111469496033,3591.090087890625,1.1916821002960205,1306.0,68.6712870383671,22283.349609375,236.94588349440178,3591.090087890625,1.1937447786331177,1309.800048828125,68.8451637978635,22297.919921875,5193000.0,1943209984,0.0,129.0,23307000.0,302740000.0
2017-09-19,239.30615234375,3924.969970703125,1.1959290504455566,1306.199951171875,69.0373306274414,22370.80078125,241.8749458585747,4094.070068359375,1.2005378007888794,1310.300048828125,69.28441237336463,22386.009765625,238.51939587006788,3868.8701171875,1.196000576019287,1305.0999755859375,68.64382489735638,22340.7109375,239.89384402568126,4073.7900390625,1.1961722373962402,1307.9000244140625,68.82684789567878,22349.69921875,4124700.0,1563980032,0.0,20.0,16093300.0,295570000.0
2017-09-20,242.14981079101562,3905.949951171875,1.199256420135498,1312.0,68.57978057861328,22412.58984375,243.31572022838185,4031.389892578125,1.2019230127334595,1312.0,69.13800991738918,22413.259765625,239.10705459445973,3857.72998046875,1.198667049407959,1298.699951171875,68.00324474702563,22314.6796875,240.0644255030271,3916.360107421875,1.1992852687835693,1312.0,68.95497989867829,22351.380859375,3853200.0,1213830016,0.0,12.0,21587900.0,334560000.0
2017-09-21,242.69960021972656,3631.0400390625,1.1872113943099976,1290.5999755859375,67.91173553466797,22359.23046875,243.60008517735724,3916.419921875,1.1953572034835815,1304.0999755859375,68.8543174719217,22419.509765625,241.16399696445507,3613.6298828125,1.1866196393966675,1290.300048828125,67.82022401314576,22356.55078125,242.78490749397412,3901.469970703125,1.187295913696289,1299.0999755859375,68.73535319213099,22414.01953125,2809400.0,1411480064,0.0,336.0,19186100.0,287390000.0
2017-09-22,243.08827209472656,3630.699951171875,1.194557547569275,1293.300048828125,68.09479522705078,22349.58984375,245.7897562347952,3758.27001953125,1.2002496719360352,1295.699951171875,68.18630678844264,22364.310546875,242.78493801869152,3553.530029296875,1.1940582990646362,1293.300048828125,67.58231791586411,22299.580078125,242.9555525886376,3628.02001953125,1.1944862604141235,1295.0,67.71043549818963,22334.0703125,3475600.0,1194829952,0.0,209.0,14111400.0,297140000.0
2017-09-23,,3792.39990234375,,,,,,3819.2099609375,,,,,,3594.580078125,,,,,,3629.919921875,,,,,,928113984,,,,
2017-09-24,,3682.840087890625,,,,,,3796.14990234375,,,,,,3666.89990234375,,,,,,3796.14990234375,,,,,,768014976,,,,
2017-09-25,241.0692138671875,3926.070068359375,1.1927196979522705,1306.800048828125,67.04237365722656,22296.08984375,243.5811355681173,3950.25,1.1938873529434204,1309.199951171875,67.94834969827652,22359.880859375,238.39613692014862,3681.580078125,1.185185194015503,1291.0,66.73122606843339,22219.109375,243.5811355681173,3681.580078125,1.1926769018173218,1293.0999755859375,67.80192566075445,22320.470703125,3479200.0,1374210048,0.0,51.0,24149200.0,332430000.0
2017-09-26,240.4815216064453,3892.35009765625,1.185564637184143,1297.0,67.04237365722656,22284.3203125,243.11668918235418,3969.889892578125,1.186380386352539,1305.5999755859375,67.54569057697324,22369.349609375,240.3298545800775,3869.89990234375,1.1765259504318237,1297.0,66.79528483937868,22279.51953125,241.33463778194152,3928.409912109375,1.185564637184143,1304.5,67.41757303508264,22322.029296875,2173600.0,1043740032,0.0,39.0,18019600.0,285990000.0
2017-09-27,241.9792022705078,4200.669921875,1.1786059141159058,1283.4000244140625,67.58230590820312,22340.7109375,245.28735432661952,4210.0498046875,1.1795234680175781,1283.4000244140625,67.87514704175739,22371.099609375,240.73745922083438,3884.820068359375,1.1719207763671875,1283.4000244140625,66.96001762666491,22254.9296875,241.96972850521945,3892.93994140625,1.1781338453292847,1283.4000244140625,67.3077712728054,22330.9296875,3840100.0,1686880000,0.0,19488.0,19565100.0,342900000.0
2017-09-28,241.0218505859375,4174.72998046875,1.1749638319015503,1285.5,67.6006088256836,22381.19921875,242.47213229822793,4279.31005859375,1.1802752017974854,1288.0,67.69212036596898,22394.740234375,238.08336316963803,4109.7001953125,1.172195553779602,1277.0,67.08813163269606,22288.970703125,240.87018354659295,4197.1298828125,1.175046682357788,1283.0999755859375,67.29861445904714,22306.830078125,2586100.0,1712320000,0.0,5226.0,10883800.0,263010000.0
2017-09-29,240.96495056152344,4163.06982421875,1.178175449371338,1281.5,68.16797637939453,22405.08984375,241.96023103806147,4214.6298828125,1.1831939220428467,1289.4000244140625,68.21373563498422,22405.630859375,239.42934728137507,4039.2900390625,1.1773293018341064,1281.5,67.60974697423453,22332.9609375,240.62370699524195,4171.6201171875,1.1780644655227661,1284.199951171875,67.6646594773186,22358.470703125,2531100.0,1367049984,0.0,492.0,17079100.0,274790000.0
2017-09-30,,4338.7099609375,,,,,,4358.43017578125,,,,,,4160.85986328125,,,,,,4166.10986328125,,,,,,1207449984,,,,
2017-10-01,,4403.740234375,,,,,,4403.740234375,,,,,,4269.81005859375,,,,,,4341.0498046875,,,,,,1208210048,,,,
2017-10-02,242.65220642089844,4409.31982421875,1.1807351112365723,1272.699951171875,68.27780151367188,22557.599609375,242.65220642089844,4470.22998046875,1.1807630062103271,1276.0999755859375,68.64385465086131,22559.380859375,240.32037297380694,4377.4599609375,1.17311692237854,1270.4000244140625,67.99411364874442,22416.0,241.3820131962157,4395.81005859375,1.1807630062103271,1275.0,68.36931305249851,22423.470703125,2685100.0,1431730048,0.0,136.0,15304800.0,268530000.0
2017-10-03,242.14981079101562,4317.47998046875,1.173378348350525,1271.5,67.95748138427734,22641.669921875,244.80392568719523,4432.47021484375,1.177163004875183,1273.300048828125,68.52485689495022,22646.3203125,241.41992594021966,4258.89013671875,1.169741153717041,1268.5999755859375,67.89342263365685,22562.900390625,242.6521951202776,4408.4599609375,1.1733232736587524,1269.699951171875,68.33268064308874,22564.44921875,3163400.0,1288019968,0.0,192.0,12190400.0,238830000.0
2017-10-04,242.4342041015625,4229.35986328125,1.1747568845748901,1273.699951171875,68.35102081298828,22661.640625,243.73283321574903,4352.31005859375,1.1786754131317139,1280.800048828125,68.37847357937015,22685.939453125,240.83226984147754,4210.419921875,1.1747430562973022,1270.0,67.45419088050683,22632.80078125,242.77544770228647,4319.3701171875,1.1747844219207764,1273.800048828125,67.80193755781649,22645.669921875,3031000.0,1116770048,0.0,218.0,13317700.0,235730000.0
2017-10-05,245.40115356445312,4328.41015625,1.175723671913147,1269.9000244140625,69.52237701416016,22775.390625,245.49592015539585,4362.64013671875,1.177994966506958,1277.800048828125,69.65964781141284,22777.0390625,241.50528049717798,4164.0498046875,1.1703845262527466,1267.5999755859375,68.5980944266671,22655.140625,241.97922916201486,4229.8798828125,1.1756960153579712,1277.800048828125,68.83603000977956,22669.080078125,3940200.0,1161769984,0.0,36.0,21195300.0,246400000.0
2017-10-06,245.1072235107422,4370.81005859375,1.1712344884872437,1271.5999755859375,69.54981994628906,22773.669921875,245.41055753044768,4413.27001953125,1.1738742589950562,1272.0,69.57727270548256,22773.669921875,243.6664303084275,4320.52978515625,1.1671334505081177,1260.5,69.12886134759786,22730.849609375,244.5574559116097,4324.4599609375,1.1713991165161133,1267.5999755859375,69.24782563139696,22762.029296875,2736400.0,1069939968,0.0,46.0,13959800.0,221450000.0
2017-10-07,,4426.89013671875,,,,,,4443.8798828125,,,,,,4321.0498046875,,,,,,4369.35009765625,,,,,,906928000,,,,
2017-10-08,,4610.47998046875,,,,,,4624.14013671875,,,,,,4405.64013671875,,,,,,4429.669921875,,,,,,1313869952,,,,
2017-10-09,244.92718505859375,4772.02001953125,1.1742464303970337,1281.800048828125,69.81521606445312,22761.0703125,245.50538849764092,4878.7099609375,1.1750881671905518,1284.0,70.05315164054846,22803.369140625,243.7138488044715,4564.25,1.1720993518829346,1279.0,69.42171018093809,22739.380859375,245.50538849764092,4614.52001953125,1.1742877960205078,1280.5999755859375,69.5223749638291,22779.73046875,2146100.0,1968739968,0.0,19.0,11386500.0,310770000.0
2017-10-10,247.3347930908203,4781.990234375,1.1741636991500854,1290.5999755859375,69.81521606445312,22830.6796875,247.45802434707218,4922.169921875,1.1817677021026611,1293.0,70.12635667929254,22850.509765625,243.79915528233963,4765.10009765625,1.1741912364959717,1281.699951171875,69.6779452712488,22770.990234375,246.20679318324164,4776.2099609375,1.1741912364959717,1282.5999755859375,69.85182207476646,22784.759765625,2740700.0,1597139968,0.0,18.0,13944500.0,319270000.0
2017-10-11,247.8182373046875,4826.47998046875,1.1814883947372437,1285.800048828125,69.93416595458984,22872.890625,248.01728760976914,4873.72998046875,1.1858035326004028,1292.0,69.97077195736205,22872.890625,245.52431343567582,4751.6298828125,1.179634690284729,1284.9000244140625,69.50405414936778,22821.66015625,247.70449427321228,4789.25,1.181404709815979,1287.300048828125,69.8792604413721,22827.650390625,2890300.0,1222279936,0.0,21.0,15388900.0,316000000.0
2017-10-12,248.26376342773438,5446.91015625,1.1865493059158325,1293.300048828125,70.57479858398438,22841.009765625,249.27802039192616,5446.91015625,1.1880717277526855,1294.5,70.73036894323846,22884.8203125,246.4532762730407,4822.0,1.1831799745559692,1289.300048828125,69.88845137116176,22821.130859375,247.35379019966467,4829.580078125,1.1865352392196655,1291.5,69.99826245680705,22854.849609375,2577900.0,2791610112,0.0,14.0,16876500.0,291790000.0
2017-10-13,247.1547088623047,5647.2099609375,1.1831799745559692,1301.5,70.91337585449219,22871.720703125,250.04581270445146,5840.2998046875,1.1874369382858276,1301.699951171875,71.26112949785659,22905.330078125,247.1547088623047,5436.85009765625,1.1806235313415527,1291.699951171875,70.7303527656881,22855.9296875,249.20217030375937,5464.16015625,1.1831378936767578,1293.300048828125,71.00488739889423,22876.4296875,2243900.0,3615480064,0.0,74.0,15335700.0,259560000.0
2017-10-14,,5831.7900390625,,,,,,5837.7001953125,,,,,,5591.64013671875,,,,,,5643.52978515625,,,,,,1669030016,,,,
2017-10-15,,5678.18994140625,,,,,,5852.47998046875,,,,,,5478.60986328125,,,,,,5835.9599609375,,,,,,1976039936,,,,
2017-10-16,246.21630859375,5725.58984375,1.181404709815979,1299.9000244140625,71.05979919433594,22956.9609375,248.34907738811356,5776.22998046875,1.182102918624878,1303.800048828125,71.2062162675258,22960.119140625,246.1594370734359,5544.2099609375,1.1781060695648193,1291.9000244140625,70.78525758201552,22887.119140625,247.87512876714388,5687.56982421875,1.1815024614334106,1302.0,70.84931636063918,22892.919921875,1818900.0,2008070016,0.0,173.0,12380100.0,247180000.0
2017-10-17,245.14517211914062,5605.509765625,1.1794538497924805,1283.0,71.00487518310547,22997.439453125,245.5527609773285,5800.35009765625,1.1795096397399902,1295.0999755859375,71.03233492539684,23002.19921875,242.9081485860403,5472.72021484375,1.1738604307174683,1283.0,70.69373458929097,22948.23046875,243.12614643098735,5741.580078125,1.1795096397399902,1295.0999755859375,70.8950641414684,22952.41015625,2515900.0,1821570048,0.0,571.0,16824000.0,273090000.0
2017-10-18,246.49118041992188,5590.68994140625,1.1771907806396484,1279.9000244140625,71.02318572998047,23157.599609375,247.14523176081573,5603.81982421875,1.1779812574386597,1279.9000244140625,71.24281480766699,23172.9296875,243.28728345786794,5151.43994140625,1.1732269525527954,1279.9000244140625,70.80355665229395,23086.75,245.0029749673069,5603.81982421875,1.1772878170013428,1279.9000244140625,71.07809125393148,23087.130859375,2051700.0,2399269888,0.0,163.0,13300700.0,271870000.0
2017-10-19,245.54330444335938,5708.52001953125,1.1795234680175781,1286.9000244140625,71.29774475097656,23163.0390625,245.60017596246715,5744.35009765625,1.1857191324234009,1286.9000244140625,71.31604426947496,23167.240234375,242.69012454883287,5531.06005859375,1.1769968271255493,1285.0999755859375,70.78526746852677,23052.669921875,245.48643292425157,5583.740234375,1.179356575012207,1286.4000244140625,70.98659708143016,23107.470703125,2589200.0,1780540032,0.0,134.0,15092800.0,350400000.0
2017-10-20,250.9557647705078,6011.4501953125,1.184805989265442,1277.4000244140625,72.12134552001953,23328.630859375,251.031583812677,6060.10986328125,1.1858035326004028,1279.5999755859375,72.26776957479606,23328.83984375,245.92243333237212,5627.22998046875,1.1764997243881226,1277.4000244140625,71.58142252726826,23201.779296875,246.79448249117877,5708.10986328125,1.18519926071167,1279.5999755859375,71.672934070562,23205.1796875,3955900.0,2354429952,0.0,304.0,22866400.0,474380000.0
2017-10-21,,6031.60009765625,,,,,,6194.8798828125,,,,,,5965.06982421875,,,,,,5996.7900390625,,,,,,2207099904,,,,
2017-10-22,,6008.419921875,,,,,,6076.259765625,,,,,,5792.33984375,,,,,,6036.66015625,,,,,,2034630016,,,,
2017-10-23,248.6523895263672,5930.31982421875,1.175364375114441,1277.699951171875,72.13961029052734,23273.9609375,252.12169659730645,6075.58984375,1.1778993606567383,1280.800048828125,72.60632098593368,23368.369140625,248.48177498046664,5732.47021484375,1.1734058856964111,1271.5,72.07555154908653,23273.9609375,251.31597822718638,6006.0,1.1754748821258545,1274.699951171875,72.28602727872958,23348.94921875,3302400.0,2401840128,0.0,115.0,20627200.0,456830000.0
2017-10-24,252.140625,5526.64013671875,1.1759172677993774,1275.0,72.16710662841797,23441.759765625,253.28757237491752,5935.52001953125,1.1777175664901733,1275.5,72.4782472799513,23485.25,249.5244197845459,5504.18017578125,1.174384355545044,1273.699951171875,71.80105346399732,23343.23046875,249.5244197845459,5935.52001953125,1.175530195236206,1275.5,72.20371264304838,23346.779296875,4401600.0,2735699968,0.0,111.0,17517200.0,406850000.0
2017-10-25,244.95562744140625,5750.7998046875,1.1759034395217896,1275.4000244140625,71.95661163330078,23329.4609375,252.14067608442087,5754.330078125,1.1817537546157837,1275.4000244140625,72.38672350519,23451.509765625,241.23985738152297,5397.8798828125,1.1753782033920288,1269.9000244140625,71.38923595709136,23251.109375,250.98424024753402,5524.60009765625,1.1759862899780273,1269.9000244140625,71.91085935915478,23431.08984375,7895300.0,1966989952,0.0,105.0,20410800.0,399560000.0
2017-10-26,245.76129150390625,5904.830078125,1.182075023651123,1266.300048828125,72.07559204101562,23400.859375,247.81824111311343,5976.7998046875,1.1835579872131348,1273.5,72.67957380221928,23459.83984375,243.90342113036596,5721.22021484375,1.1692214012145996,1264.699951171875,72.06643879227347,23380.890625,246.18785680601954,5747.9501953125,1.1822147369384766,1273.5,72.47824422119037,23380.890625,3419100.0,1905040000,0.0,39.0,32120700.0,370600000.0
2017-10-27,243.0977020263672,5780.89990234375,1.163724422454834,1268.5,76.69700622558594,23434.189453125,245.9793175454899,5988.39013671875,1.1644154787063599,1268.5,78.88416531646718,23449.400390625,242.4721008817172,5728.81982421875,1.157594919204712,1267.0999755859375,76.51398310625336,23353.16015625,244.80393430227357,5899.740234375,1.1639004945755005,1268.4000244140625,77.20948352710919,23419.16015625,2899200.0,1710130048,0.0,567.0,71066700.0,518870000.0
2017-10-28,,5753.08984375,,,,,,5876.72021484375,,,,,,5689.18994140625,,,,,,5787.81982421875,,,,,,1403920000,,,,
2017-10-29,,6153.85009765625,,,,,,6255.7099609375,,,,,,5724.580078125,,,,,,5754.43994140625,,,,,,2859040000,,,,
2017-10-30,245.7423858642578,6130.52978515625,1.1604562997817993,1274.0999755859375,76.77018737792969,23348.740234375,246.84195025206122,6214.990234375,1.1642799377441406,1274.0999755859375,77.17284645671461,23428.75,242.02663002001424,6040.85009765625,1.1598103046417236,1267.9000244140625,76.05638772508851,23327.869140625,242.14037307262646,6114.85009765625,1.160725712776184,1270.0,76.59631059720316,23405.75,3025900.0,1772150016,0.0,222.0,31756700.0,436900000.0
2017-10-31,244.53854370117188,6468.39990234375,1.1652703285217285,1267.0,76.1204605102539,23377.240234375,246.38692598768975,6470.43017578125,1.1658952236175537,1274.5999755859375,77.20031343526804,23406.349609375,244.05510684541517,6103.330078125,1.1625608205795288,1266.0999755859375,76.05640173427354,23334.390625,245.8276700798185,6132.02001953125,1.164985179901123,1273.0999755859375,77.20031343526804,23369.220703125,2742800.0,2311379968,0.0,235.0,27086600.0,388050000.0
2017-11-01,245.0314483642578,6767.31005859375,1.165175199508667,1274.0999755859375,76.1204605102539,23435.009765625,245.8940383655864,6767.31005859375,1.165745735168457,1274.800048828125,76.65123721516727,23517.7109375,242.8891912416719,6377.8798828125,1.160833477973938,1270.300048828125,75.84591890926205,23388.91015625,244.8323980339603,6440.97021484375,1.1651616096496582,1272.199951171875,76.57802519065172,23442.900390625,2929500.0,2870320128,0.0,78.0,22307400.0,361260000.0
2017-11-02,248.94627380371094,7078.5,1.1628718376159668,1274.9000244140625,76.91664123535156,23516.259765625,249.52447727446093,7367.330078125,1.168729543685913,1274.9000244140625,77.29184071912583,23531.380859375,244.55750465380567,6758.72021484375,1.1628854274749756,1274.9000244140625,76.06557047717534,23350.98046875,244.85135050410977,6777.77001953125,1.162912368774414,1274.9000244140625,76.2760463631773,23463.240234375,2529900.0,4653770240,0.0,70.0,23992900.0,348040000.0
2017-11-03,248.11209106445312,7207.759765625,1.1661807298660278,1266.5,76.99897766113281,23539.189453125,250.04580944408988,7461.2900390625,1.1686748266220093,1267.9000244140625,77.36503077236397,23557.060546875,246.5290900189483,7002.93994140625,1.1605236530303955,1265.300048828125,76.32178394357871,23481.5703125,248.7471949139142,7087.52978515625,1.1663167476654053,1265.300048828125,76.94407213810696,23549.58984375,2610800.0,3369860096,0.0,75.0,17633500.0,312250000.0
2017-11-04,,7379.9501953125,,,,,,7492.85986328125,,,,,,7031.27978515625,,,,,,7164.47998046875,,,,,,2483800064,,,,
2017-11-05,,7407.41015625,,,,,,7617.47998046875,,,,,,7333.18994140625,,,,,,7404.52001953125,,,,,,2380410112,,,,
2017-11-06,250.3112030029297,7022.759765625,1.1614941358566284,1279.4000244140625,77.30097961425781,23548.419921875,251.98897051542954,7445.77001953125,1.1626555919647217,1280.5,77.51145546117311,23574.859375,248.85143331753372,7007.31005859375,1.1582788228988647,1269.0,76.94407971567703,23520.75,248.93674058825152,7403.22021484375,1.1615345478057861,1269.0,77.05389077254308,23533.9609375,2911600.0,3111899904,0.0,128.0,19860900.0,325190000.0
2017-11-07,252.26388549804688,7144.3798828125,1.1612648963928223,1273.699951171875,77.1179428100586,23557.23046875,253.3539614883657,7253.31982421875,1.1617100238800049,1276.800048828125,77.69447873575201,23602.119140625,250.31121958772917,7023.10009765625,1.1555883884429932,1270.4000244140625,76.80680220028576,23484.189453125,250.31121958772917,7023.10009765625,1.1611839532852173,1276.800048828125,77.57550745870037,23574.029296875,3205400.0,2326340096,0.0,11.0,17939700.0,285080000.0
2017-11-08,251.7331085205078,7459.68994140625,1.1601063013076782,1281.5999755859375,77.38333892822266,23563.359375,253.67628653504582,7776.419921875,1.1609547138214111,1284.9000244140625,77.42909819044282,23575.0,251.46769841714362,7114.02001953125,1.1581177711486816,1274.699951171875,76.71529838386044,23510.560546875,252.2734169576344,7141.3798828125,1.1602543592453003,1275.9000244140625,76.99898626035264,23542.599609375,2841800.0,4602200064,0.0,15.0,18034200.0,264670000.0
2017-11-09,250.35121154785156,7143.580078125,1.15968918800354,1285.5999755859375,76.95323944091797,23461.939453125,254.21082062135505,7446.830078125,1.1652567386627197,1286.9000244140625,77.11796303690876,23516.740234375,247.35880029933284,7101.52001953125,1.1586410999298096,1279.699951171875,75.86424003920287,23310.01953125,252.55262251318783,7446.830078125,1.1595547199249268,1279.699951171875,76.97154594151932,23492.08984375,3215900.0,3226249984,0.0,18.0,21178400.0,305440000.0
2017-11-10,248.58822631835938,6618.14013671875,1.164686679840088,1272.4000244140625,76.75189971923828,23422.2109375,250.16065892930743,7312.0,1.1675150394439697,1283.5,76.96237555610297,23452.19921875,247.39698508536267,6436.8701171875,1.1623986959457397,1272.4000244140625,76.16621750430986,23392.9609375,249.78897770475425,7173.72998046875,1.164523959159851,1283.5,76.67868769690155,23432.7109375,1740600.0,5208249856,0.0,10.0,19397800.0,351280000.0
2017-11-11,,6357.60009765625,,,,,,6873.14990234375,,,,,,6204.22021484375,,,,,,6618.60986328125,,,,,,4908680192,,,,
2017-11-12,,5950.06982421875,,,,,,6625.0498046875,,,,,,5519.009765625,,,,,,6295.4501953125,,,,,,8957349888,,,,
2017-11-13,250.08438110351562,6559.490234375,1.1661127805709839,1277.300048828125,76.80679321289062,23439.69921875,250.9801675709985,6811.18994140625,1.1675150394439697,1277.300048828125,76.8159464597195,23461.6796875,248.2450829130991,5844.2900390625,1.163873314857483,1277.0,76.37668137639484,23343.33984375,249.36963651000053,5938.25,1.1661127805709839,1277.300048828125,76.55971140356412,23367.470703125,2604100.0,6263249920,0.0,3.0,14196900.0,491260000.0
2017-11-14,249.45545959472656,6635.75,1.1664936542510986,1281.5,76.91664123535156,23409.470703125,250.06535999792337,6764.97998046875,1.177412509918213,1281.5,76.9623935235812,23414.080078125,247.96879282582594,6461.75,1.166330337524414,1276.9000244140625,75.93745289911736,23271.5703125,249.68416861054553,6561.47998046875,1.1664936542510986,1276.9000244140625,76.41331719163495,23388.400390625,2358200.0,3197110016,0.0,4.0,18801300.0,561330000.0
2017-11-15,250.50372314453125,7315.5400390625,1.1792869567871094,1276.5,76.31879425048828,23271.279296875,252.32394324360098,7342.25,1.1859441995620728,1284.699951171875,76.97179824969065,23344.990234375,247.92112028742847,6634.759765625,1.1786059141159058,1275.9000244140625,76.05207312118942,23242.75,249.13143999667938,6634.759765625,1.1791757345199585,1281.4000244140625,76.76945759870904,23334.58984375,2510500.0,4200880128,0.0,13.0,19383100.0,404300000.0
2017-11-16,251.30419921875,7871.68994140625,,1277.4000244140625,76.52114868164062,23458.359375,252.58120601079096,7967.3798828125,,1277.5,76.72348938761492,23492.189453125,250.96110670637879,7176.580078125,,1277.4000244140625,76.28202513544171,23365.33984375,251.36137645697343,7323.240234375,,1277.5,76.42917754718351,23365.33984375,2710200.0,5123809792,,43.0,20962800.0,402020000.0
2017-11-17,249.93194580078125,7708.990234375,1.1777453422546387,1295.800048828125,75.78536987304688,23358.240234375,251.3423567842644,8004.58984375,1.1821727752685547,1295.800048828125,76.44757324452247,23433.76953125,249.71274694762815,7561.08984375,1.177467942237854,1288.300048828125,75.63821044963117,23356.009765625,250.4656195377269,7853.56982421875,1.1777315139770508,1288.300048828125,76.44757324452247,23433.76953125,1724800.0,4651670016,0.0,1.0,22079000.0,386000000.0
2017-11-18,,7790.14990234375,,,,,,7884.990234375,,,,,,7463.43994140625,,,,,,7697.2099609375,,,,,,3667190016,,,,
2017-11-19,,8036.490234375,,,,,,8101.91015625,,,,,,7694.10009765625,,,,,,7766.02978515625,,,,,,3149319936,,,,
2017-11-20,252.1904754638672,8200.6396484375,1.1731857061386108,1274.5999755859375,75.90494537353516,23430.330078125,253.13392897747076,8336.8603515625,1.1807490587234497,1275.9000244140625,75.96012665882492,23456.880859375,250.40838367904686,7949.35986328125,1.1725940704345703,1274.5999755859375,75.64742335291788,23360.580078125,250.63709263191302,8039.06982421875,1.1732131242752075,1274.5999755859375,75.78538358309108,23370.7109375,2447400.0,3488450048,0.0,1.0,16315000.0,315330000.0
2017-11-21,254.43954467773438,8071.259765625,1.1741223335266113,1281.0999755859375,76.99939727783203,23590.830078125,254.44908391254134,8348.66015625,1.1756683588027954,1281.0999755859375,77.10975981444216,23617.80078125,252.26672220315083,7762.7099609375,1.1715501546859741,1281.0999755859375,76.09806346615169,23500.150390625,253.7248000600025,8205.740234375,1.1738742589950562,1281.0999755859375,76.09806346615169,23500.150390625,2267100.0,4277609984,0.0,4.0,21237500.0,329650000.0
2017-11-22,252.68601989746094,8253.5498046875,1.173722743988037,1291.5999755859375,76.43834686279297,23526.1796875,254.9065092743362,8302.259765625,1.179815649986267,1291.5999755859375,77.16493046957352,23605.76953125,252.09516905030185,8075.47021484375,1.1735574007034302,1282.9000244140625,76.37396639216406,23507.609375,254.44906228797248,8077.9501953125,1.174094796180725,1284.699951171875,77.10054999894462,23597.240234375,1471400.0,3633530112,0.0,4.0,20553100.0,268760000.0
2017-11-23,,8038.77001953125,1.1814744472503662,,,,,8267.400390625,1.185499906539917,,,,,8038.77001953125,1.1814465522766113,,,,,8232.3798828125,1.181516408920288,,,,,4225179904,0.0,,,
2017-11-24,253.38174438476562,8253.6904296875,1.1853959560394287,1286.699951171875,76.57633972167969,23557.990234375,254.03931177991564,8374.16015625,1.1943720579147339,1286.699951171875,76.73269135755785,23599.1796875,252.09519821673152,7940.93017578125,1.183726191520691,1286.699951171875,76.13486843672882,23551.58984375,252.79089346924738,8074.02001953125,1.1850868463516235,1286.699951171875,76.34640836881837,23552.75,788900.0,5058610176,0.0,0.0,7425600.0,118610000.0
2017-11-25,,8790.919921875,,,,,,8790.919921875,,,,,,8191.14990234375,,,,,,8241.7099609375,,,,,,4342060032,,,,
2017-11-26,,9330.5498046875,,,,,,9522.9296875,,,,,,8775.58984375,,,,,,8789.0400390625,,,,,,5475579904,,,,
2017-11-27,253.09584045410156,9818.349609375,1.1926485300064087,1293.800048828125,77.13734436035156,23580.779296875,254.29662080930524,9818.349609375,1.1960434913635254,1293.800048828125,77.23851467968701,23638.919921875,252.276280523622,9352.7197265625,1.1908164024353027,1293.800048828125,76.6131013496794,23545.01953125,252.90525932477465,9352.7197265625,1.1928761005401611,1293.800048828125,76.62229354820411,23552.859375,1772200.0,5653320192,0.0,1.0,18265200.0,296320000.0
2017-11-28,255.39251708984375,10058.7998046875,1.1904903650283813,1294.699951171875,78.06625366210938,23836.7109375,255.41159555793288,10125.7001953125,1.192099690437317,1294.699951171875,78.231804438945,23849.609375,252.7622768832675,9736.2998046875,1.1867464780807495,1294.699951171875,77.27528961911078,23617.109375,254.4490635764111,9823.4296875,1.1904053688049316,1294.699951171875,77.3212786748214,23625.189453125,2262100.0,6348819968,0.0,275442.0,21926000.0,319240000.0
2017-11-29,256.6409912109375,9888.6103515625,1.184805989265442,1282.0999755859375,76.64990997314453,23940.6796875,257.00313318721186,11517.400390625,1.1884952783584595,1296.199951171875,78.10307776087437,23959.759765625,253.63906921856207,9601.0302734375,1.1820051670074463,1281.0999755859375,76.50275756082702,23872.58984375,256.8125520459875,10077.400390625,1.1849744319915771,1293.4000244140625,77.9099362726745,23883.259765625,3029100.0,11568799744,0.0,47244.0,27381100.0,401410000.0
2017-11-30,263.7884216308594,10233.599609375,1.18519926071167,1273.199951171875,77.41328430175781,24272.349609375,264.0171597020609,10801.0,1.1929757595062256,1284.5,77.73518678449203,24327.8203125,256.7648686499101,9202.0498046875,1.1815024614334106,1269.699951171875,76.6499105448825,24013.80078125,257.222315709278,9906.7900390625,1.1850025653839111,1283.0999755859375,76.80626919388013,24013.80078125,4820300.0,8310689792,0.0,3049.0,33054600.0,488200000.0
2017-12-01,258.62322998046875,10975.599609375,1.1898245811462402,1278.800048828125,77.49605560302734,24231.58984375,265.627733940472,11046.7001953125,1.1939870119094849,1288.5999755859375,78.00190030694705,24322.060546875,257.87989664694004,9694.650390625,1.185213327407837,1271.0,76.53954045071819,23921.900390625,264.4650813846413,10198.599609375,1.18990957736969,1274.0999755859375,76.8890335379871,24305.400390625,4592500.0,6783119872,0.0,823.0,29532100.0,417910000.0
2017-12-02,,11074.599609375,,,,,,11320.2001953125,,,,,,10905.099609375,,,,,,10978.2998046875,,,,,,5138500096,,,,
2017-12-03,,11323.2001953125,,,,,,11858.7001953125,,,,,,10862.0,,,,,,11082.7001953125,,,,,,6608309760,,,,
2017-12-04,264.9034423828125,11657.2001953125,1.1859863996505737,1274.300048828125,74.5713119506836,24290.05078125,268.58198108370016,11657.2001953125,1.1878741979599,1276.0999755859375,77.65238959753086,24534.0390625,263.026045172427,11081.7998046875,1.1831238269805908,1270.300048828125,74.22181192578176,24288.189453125,263.1785275291579,11315.400390625,1.1857051849365234,1272.5,77.64319038188988,24424.109375,5523000.0,6132409856,0.0,850.0,39094900.0,424250000.0
2017-12-05,262.587646484375,11916.7001953125,1.1867746114730835,1261.5999755859375,75.0403823852539,24180.640625,266.3043126193196,12032.0,1.187930703163147,1275.800048828125,76.04288659137968,24349.740234375,261.9395892717691,11604.599609375,1.1808885335922241,1260.0,74.4793564188625,24155.279296875,265.8945326917687,11685.7001953125,1.186859130859375,1275.4000244140625,74.8104510647692,24335.009765625,2806100.0,6895260160,0.0,1499.0,26152300.0,371190000.0
2017-12-06,265.1893310546875,14291.5,1.1832919120788574,1262.800048828125,76.13484954833984,24140.91015625,266.0184593300783,14369.099609375,1.1848341226577759,1267.800048828125,76.46595117567259,24229.349609375,261.12006173045984,11923.400390625,1.1781338453292847,1261.5999755859375,74.89322195431525,24134.490234375,263.57877068306476,11923.400390625,1.183053970336914,1264.9000244140625,75.00359150240826,24171.900390625,2538100.0,12656300032,0.0,373.0,26162100.0,312720000.0
2017-12-07,268.71539306640625,17899.69921875,1.1804285049438477,1249.800048828125,75.86813354492188,24211.48046875,271.402839863218,17899.69921875,1.1809163093566895,1262.4000244140625,76.15325314258213,24262.880859375,264.7414001151179,14057.2998046875,1.1777175664901733,1243.9000244140625,75.41747013932223,24101.240234375,269.5159035644501,14266.099609375,1.1804981231689453,1262.300048828125,75.91412261398065,24116.599609375,4264400.0,17950699520,0.0,358.0,23184500.0,319060000.0
2017-12-08,272.46063232421875,16569.400390625,1.1772184371948242,1245.199951171875,77.40406799316406,24329.16015625,273.81389487996915,18353.400390625,1.1777175664901733,1249.300048828125,77.79035085214026,24330.119140625,270.23063268984004,14336.900390625,1.1731857061386108,1241.5,76.64069447403561,24225.5,271.6124838659146,17802.900390625,1.1774401664733887,1246.300048828125,76.91660779461333,24263.259765625,4440500.0,21135998976,0.0,157.0,24489100.0,293590000.0
2017-12-09,,15178.2001953125,,,,,,16783.0,,,,,,13674.900390625,,,,,,16523.30078125,,,,,,13911300096,,,,
2017-12-10,,15455.400390625,,,,,,15850.599609375,,,,,,13226.599609375,,,,,,15168.400390625,,,,,,13433299968,,,,
2017-12-11,269.84942626953125,16936.80078125,1.1769968271255493,1243.699951171875,78.38819885253906,24386.029296875,273.0228792798067,17513.900390625,1.1810418367385864,1249.199951171875,78.51695984705688,24389.720703125,266.7426606475873,15404.7998046875,1.176885962486267,1239.9000244140625,77.36730309818498,24314.740234375,272.7560424773902,15427.400390625,1.1769275665283203,1248.4000244140625,77.52365473196406,24338.109375,4065200.0,12153900032,0.0,146.0,22857900.0,300580000.0
2017-12-12,276.310791015625,17415.400390625,1.1777591705322266,1238.5,78.7100830078125,24504.80078125,279.03633701869177,17781.80078125,1.1792994737625122,1244.4000244140625,79.14235496742693,24552.970703125,274.19514540555747,16571.599609375,1.1718933582305908,1236.5,78.25022041536248,24443.830078125,277.644975390659,16919.80078125,1.1777175664901733,1241.300048828125,78.46175327839957,24452.9609375,5517600.0,14603799552,0.0,692.0,23924100.0,342220000.0
2017-12-13,278.1214599609375,16408.19921875,1.1742602586746216,1245.4000244140625,78.49854278564453,24585.4296875,281.9429710096904,17653.099609375,1.177024483680725,1254.5,79.09636555661282,24666.01953125,276.08207016434926,16039.7001953125,1.1730480194091797,1239.800048828125,78.33299197240632,24518.30078125,276.84445289366437,17500.0,1.1743566989898682,1241.9000244140625,78.85723504483626,24525.189453125,5003300.0,12976900096,0.0,349.0,22062700.0,325280000.0
2017-12-14,280.0655517578125,16564.0,1.1835860013961792,1253.800048828125,77.89151763916016,24508.66015625,282.8673531469546,17085.80078125,1.1859863996505737,1257.699951171875,78.97679349150653,24672.48046875,278.84572203678044,16185.900390625,1.177163004875183,1250.300048828125,77.74435826130862,24508.66015625,279.5604666955813,16384.599609375,1.1839923858642578,1252.9000244140625,78.57211221936015,24631.009765625,3913400.0,13777399808,0.0,139.0,19306000.0,314780000.0
2017-12-15,280.12274169921875,17706.900390625,1.1774957180023193,1254.300048828125,79.8781509399414,24651.740234375,283.39150044034864,18154.099609375,1.1814005374908447,1260.300048828125,80.09888307493573,24688.619140625,279.2459754148188,16601.30078125,1.1761661767959595,1253.0999755859375,78.0662907485324,24584.439453125,281.9620110579615,16601.30078125,1.1775233745574951,1253.0999755859375,78.41579089730047,24585.7109375,6933500.0,14309999616,0.0,578.0,53936700.0,635740000.0
2017-12-16,,19497.400390625,,,,,,19716.69921875,,,,,,17515.30078125,,,,,,17760.30078125,,,,,,12740599808,,,,
2017-12-17,,19140.80078125,,,,,,20089.0,,,,,,18974.099609375,,,,,,19475.80078125,,,,,,13314599936,,,,
2017-12-18,282.2193603515625,19114.19921875,1.1743566989898682,1262.199951171875,79.44585418701172,24792.19921875,283.17235334944087,19371.0,1.18343186378479,1262.4000244140625,80.47594885850104,24876.0703125,280.6754872652474,18355.900390625,1.174315333366394,1255.699951171875,79.3079010310967,24739.560546875,282.08592737200115,19106.400390625,1.1746740341186523,1256.199951171875,80.1264558352732,24739.560546875,2901600.0,14839499776,0.0,45.0,22283800.0,354880000.0
2017-12-19,283.2771301269531,17776.69921875,1.1784253120422363,1260.699951171875,78.94001770019531,24754.75,283.5916049769845,19177.80078125,1.1832919120788574,1264.300048828125,79.4182717294624,24850.109375,280.351435041088,17275.400390625,1.1777037382125854,1259.5,78.42496680296928,24715.599609375,282.5623854756656,19118.30078125,1.1782865524291992,1261.0999755859375,79.4182717294624,24834.380859375,2728400.0,16894499840,0.0,329.0,23524800.0,335330000.0
2017-12-20,283.8965759277344,16624.599609375,1.1841325759887695,1266.0999755859375,78.6549072265625,24726.650390625,285.25934877961,17934.69921875,1.1901220083236694,1266.5999755859375,79.37229887904125,24852.439453125,283.1437034018796,16077.7001953125,1.1830118894577026,1261.300048828125,77.90993195381033,24697.109375,284.6589876890541,17760.30078125,1.183712124824524,1261.300048828125,79.28032073237526,24838.08984375,2533700.0,22149699584,0.0,63.0,23674900.0,341790000.0
2017-12-21,281.1615295410156,15802.900390625,1.1878176927566528,1267.300048828125,78.63651275634766,24782.2890625,284.3636012115523,17567.69921875,1.189202070236206,1267.4000244140625,79.18834653019576,24850.91015625,280.3038416395815,15342.7001953125,1.1850166320800781,1264.300048828125,78.5445416301975,24766.26953125,284.0395579916622,16642.400390625,1.1877753734588623,1266.4000244140625,79.14236447559425,24778.259765625,5398300.0,16516599808,0.0,226.0,17990700.0,339530000.0
2017-12-22,281.2281799316406,13831.7998046875,1.1857331991195679,1275.4000244140625,78.64570617675781,24754.060546875,282.58141341553693,15943.400390625,1.1861974000930786,1276.300048828125,78.75606871322388,24784.150390625,279.23642847785516,11833.0,1.1817537546157837,1266.300048828125,78.10306464366201,24717.509765625,282.4003424576444,15898.0,1.185157060623169,1266.300048828125,78.54453584036617,24764.0390625,2257400.0,22197999616,0.0,119.0,14145800.0,255140000.0
2017-12-23,,14699.2001953125,,,,,,15603.2001953125,,,,,,13828.7998046875,,,,,,13948.7001953125,,,,,,13086000128,,,,
2017-12-24,,13925.7998046875,,,,,,14626.0,,,,,,12747.7001953125,,,,,,14608.2001953125,,,,,,11572299776,,,,
2017-12-25,,14026.599609375,1.1856067180633545,,,,,14593.0,1.1884952783584595,,,,,13448.900390625,1.1849043369293213,,,,,13995.900390625,1.1856770515441895,,,,,10664699904,0.0,,,
2017-12-26,281.4759826660156,16099.7998046875,1.187253713607788,1284.0999755859375,78.5445327758789,24746.2109375,283.4582242808674,16461.19921875,1.1877895593643188,1284.0999755859375,78.66409452470121,24778.130859375,280.7993658173768,14028.900390625,1.1847498416900635,1281.800048828125,78.20423192884354,24708.419921875,281.6475434994616,14036.599609375,1.187126874923706,1282.4000244140625,78.46175385981242,24715.83984375,1394700.0,13454300160,0.0,84.0,9891200.0,208290000.0
2017-12-27,281.7237243652344,15838.5,1.1857894659042358,1287.0,78.82962799072266,24774.30078125,282.8482488792579,16930.900390625,1.1910432577133179,1287.0,79.07795766732228,24789.51953125,280.94226329628975,15114.2998046875,1.185564637184143,1284.0,78.37896471071105,24731.6796875,282.47659681375575,16163.5,1.1860989332199097,1284.0,78.7744467367871,24766.51953125,1447800.0,12487600128,0.0,456.0,14678000.0,225890000.0
2017-12-28,282.4194030761719,14606.5,1.1900794506072998,1294.0999755859375,78.83888244628906,24837.509765625,283.02930330391945,15888.400390625,1.195500135421753,1294.0999755859375,79.03202398733899,24839.23046875,280.8850696483297,13937.2998046875,1.1898245811462402,1288.199951171875,78.68253077262241,24797.130859375,281.90477885558187,15864.099609375,1.1900228261947632,1288.199951171875,79.00443334103896,24807.2109375,1436800.0,12336499712,0.0,245.0,10594300.0,200960000.0
2017-12-29,281.0471496582031,14656.2001953125,1.1941723823547363,1306.300048828125,78.67330932617188,24719.220703125,283.32478764730286,15279.0,1.202284336090088,1306.300048828125,79.14237123161061,24871.66015625,280.9708939369822,14307.0,1.193801760673523,1294.0,78.6365194691818,24719.220703125,282.9817241509175,14695.7998046875,1.1939870119094849,1294.199951171875,78.75608124168873,24849.630859375,1824600.0,13025500160,0.0,65.0,18717400.0,270760000.0
2017-12-30,,12952.2001953125,,,,,,14681.900390625,,,,,,12350.099609375,,,,,,14681.900390625,,,,,,14452599808,,,,
2017-12-31,,14156.400390625,,,,,,14377.400390625,,,,,,12755.599609375,,,,,,12897.7001953125,,,,,,12136299520,,,,
2018-01-01,,13657.2001953125,1.200494647026062,,,,,14112.2001953125,1.2015043497085571,,,,,13154.7001953125,1.199903964996338,,,,,14112.2001953125,1.200494647026062,,,,,10291200000,0.0,,,
2018-01-02,282.88641357421875,14982.099609375,1.2011579275131226,1313.699951171875,79.05036926269531,24824.009765625,283.0293566949503,15444.599609375,1.2080942392349243,1317.5999755859375,79.38147085889692,24864.189453125,281.5141014491241,13163.599609375,1.200855016708374,1302.300048828125,78.6364957759161,24741.69921875,281.8476547861883,13625.0,1.2010858058929443,1302.300048828125,79.21592006079612,24809.349609375,2978900.0,16846600192,0.0,68.0,22483800.0,341130000.0
2018-01-03,283.8012390136719,15201.0,1.2063454389572144,1316.199951171875,79.41824340820312,24922.6796875,284.46834559467777,15572.7998046875,1.2067092657089233,1320.0999755859375,79.5654027597741,24941.919921875,281.580778626837,14844.5,1.200494647026062,1312.0999755859375,79.0687504736382,24825.55078125,282.02868639796225,14978.2001953125,1.2061998844146729,1320.0,79.15152234618881,24850.44921875,3211200.0,16871900160,0.0,42.0,26061400.0,456790000.0
2018-01-04,282.72442626953125,15599.2001953125,1.2010425329208374,1319.4000244140625,80.11727142333984,25075.130859375,284.39216390251653,15739.7001953125,1.209189772605896,1322.0,80.62312314498602,25105.9609375,281.5808231165554,14522.2001953125,1.200494647026062,1319.4000244140625,79.62061891943647,24963.26953125,283.9347168247189,15270.7001953125,1.2011290788650513,1319.4000244140625,79.63901033797488,24964.859375,4171700.0,21783199744,0.0,2.0,21912000.0,403280000.0
2018-01-05,294.3222961425781,17429.5,1.2068840265274048,1320.300048828125,81.11056518554688,25295.869140625,294.36996323292874,17705.19921875,1.2084592580795288,1320.300048828125,81.31290584615176,25299.7890625,282.772027931123,15202.7998046875,1.202154278755188,1320.300048828125,80.41157208989713,25112.009765625,282.81966593844106,15477.2001953125,1.2066218852996826,1320.300048828125,80.62311196696939,25114.919921875,6177700.0,23840899072,0.0,1.0,23407100.0,358020000.0
2018-01-06,,17527.0,,,,,,17712.400390625,,,,,,16764.599609375,,,,,,17462.099609375,,,,,,18314600448,,,,
2018-01-07,,16477.599609375,,,,,,17579.599609375,,,,,,16087.7001953125,,,,,,17527.30078125,,,,,,15866000384,,,,
2018-01-08,295.5707092285156,15170.099609375,1.2037460803985596,1318.5999755859375,81.19334411621094,25283.0,296.2473259689747,16537.900390625,1.2054002285003662,1319.9000244140625,81.4692644985637,25311.990234375,291.37754675172033,14208.2001953125,1.195971965789795,1314.5999755859375,80.5679306642319,25235.41015625,294.15075927209307,16476.19921875,1.203948974609375,1319.9000244140625,81.11976441199062,25308.400390625,4124900.0,18413899776,0.0,41.0,22113000.0,341390000.0
2018-01-09,303.4615173339844,14595.400390625,1.1970456838607788,1311.699951171875,81.1381607055664,25385.80078125,304.87195727341367,15497.5,1.1975760459899902,1311.699951171875,81.60722253641049,25439.779296875,295.8947515018538,14424.0,1.1917957067489624,1309.5999755859375,80.80705906225842,25308.41015625,295.99005660694297,15123.7001953125,1.1969597339630127,1309.5999755859375,81.53364283413168,25312.05078125,5641300.0,16659999744,0.0,16.0,19484300.0,333490000.0
2018-01-10,305.2055358886719,14973.2998046875,1.1929330825805664,1317.4000244140625,80.77027893066406,25369.130859375,307.00667746704806,14973.2998046875,1.2016342878341675,1320.699951171875,81.11057983194388,25404.919921875,300.6692800744787,13691.2001953125,1.1924494504928589,1315.300048828125,80.39319519076517,25256.990234375,302.5657267658409,14588.5,1.1929330825805664,1320.300048828125,80.8070687862306,25348.130859375,4479300.0,18500800512,0.0,70.0,18652200.0,341470000.0
2018-01-11,312.6960144042969,13405.7998046875,1.1956144571304321,1320.5999755859375,81.0093765258789,25574.73046875,312.9628512433409,15018.7998046875,1.2059234380722046,1320.5999755859375,81.05535856391934,25575.419921875,306.09178082568235,13105.900390625,1.1931180953979492,1316.300048828125,80.23680390718667,25396.189453125,306.9875964459802,14968.2001953125,1.1954858303070068,1317.0999755859375,81.05535856391934,25398.599609375,4635300.0,16534099968,0.0,9.0,17808900.0,346830000.0
2018-01-12,320.40570068359375,13980.599609375,1.2042099237442017,1333.4000244140625,82.4073715209961,25803.189453125,321.0442186552089,14229.900390625,1.2156133651733398,1338.199951171875,82.5729223276381,25810.4296875,314.8497654641245,13158.099609375,1.2041373252868652,1327.800048828125,81.34968620172472,25633.080078125,314.8497654641245,13453.900390625,1.2042099237442017,1327.800048828125,81.55202685617006,25638.390625,6559300.0,12065699840,0.0,14.0,24271500.0,376390000.0
2018-01-13,,14360.2001953125,,,,,,14659.5,,,,,,13952.400390625,,,,,,13952.400390625,,,,,,12763599872,,,,
2018-01-14,,13772.0,,,,,,14511.7998046875,,,,,,13268.0,,,,,,14370.7998046875,,,,,,11084099584,,,,
2018-01-15,,13819.7998046875,1.2192296981811523,,,,,14445.5,1.2299003601074219,,,,,13641.7001953125,1.2188136577606201,,,,,13767.2998046875,1.2193039655685425,,,,,12750799872,0.0,,,
2018-01-16,319.4051208496094,11490.5,1.2268433570861816,1335.4000244140625,81.25770568847656,25792.859375,331.38424921995096,13843.099609375,1.2281240224838257,1335.4000244140625,83.50183702619276,26086.119140625,315.7551415618931,10194.900390625,1.2196757793426514,1331.0,80.94500254374965,25702.990234375,323.9222981293985,13836.099609375,1.2269939184188843,1331.0999755859375,82.86722450467084,25987.619140625,12305500.0,18853799936,0.0,13.0,36599700.0,606520000.0
2018-01-17,334.5100402832031,11188.599609375,1.227129340171814,1338.0,82.90404510498047,26115.650390625,335.67269276070783,11678.0,1.2321492433547974,1338.0,83.03280609668973,26130.44921875,320.59633841161536,9402.2900390625,1.2199138402938843,1326.800048828125,81.62562738947577,25865.01953125,321.8542959937748,11431.099609375,1.227144479751587,1334.4000244140625,81.92913844862522,25910.779296875,9699900.0,18830600192,0.0,27.0,25621200.0,522720000.0
2018-01-18,324.1700744628906,11474.900390625,1.218397855758667,1326.0,82.86724090576172,26017.810546875,334.3384926110129,12107.2998046875,1.2262566089630127,1328.9000244140625,83.39148400040257,26153.419921875,323.2075423091806,10942.5,1.2175078392028809,1326.0,82.46256658054813,25947.3203125,334.2146279614283,11198.7998046875,1.218145489692688,1328.9000244140625,82.59132754997243,26149.55078125,9458600.0,15020399616,0.0,211.0,24159700.0,492780000.0
2018-01-19,321.85430908203125,11607.400390625,1.2236607074737549,1331.9000244140625,82.77526092529297,26071.720703125,327.8295642157214,11992.7998046875,1.2294830083847046,1333.0,83.33629381069784,26071.720703125,319.9673726320595,11172.099609375,1.222030758857727,1330.0999755859375,82.46255775215363,25942.830078125,325.6091035104472,11429.7998046875,1.223585844039917,1330.0999755859375,82.9040218809322,25987.349609375,7264400.0,10740400128,0.0,50.0,36875000.0,585000000.0
2018-01-20,,12899.2001953125,,,,,,13103.0,,,,,,11656.2001953125,,,,,,11656.2001953125,,,,,,11801700352,,,,
2018-01-21,,11600.099609375,,,,,,12895.900390625,,,,,,11288.2001953125,,,,,,12889.2001953125,,,,,,9935179776,,,,
2018-01-22,322.1116027832031,10931.400390625,1.2255502939224243,1330.9000244140625,84.25602722167969,26214.599609375,325.33272346432085,11966.400390625,1.2266627550125122,1330.9000244140625,84.26522643854351,26215.23046875,316.4317731969031,10240.2001953125,1.2214635610580444,1328.4000244140625,82.5361385493634,25974.650390625,319.52900014674157,11633.099609375,1.2255953550338745,1328.4000244140625,82.77526906919721,26025.3203125,6792900.0,10537400320,0.0,162.0,23601600.0,431200000.0
2018-01-23,319.8148193359375,10868.400390625,1.2256253957748413,1335.699951171875,84.52275848388672,26210.810546875,323.0073507238261,11377.599609375,1.2306995391845703,1335.9000244140625,84.890650016027,26246.189453125,319.0714861871391,10129.7001953125,1.2223594188690186,1335.699951171875,84.19165680665522,26143.900390625,322.43554928251285,10944.5,1.225730538368225,1335.800048828125,84.52275848388672,26214.869140625,4537800.0,9660609536,0.0,47.0,23412800.0,433490000.0
2018-01-24,318.9572448730469,11359.400390625,1.2310267686843872,1355.9000244140625,84.44915008544922,26252.119140625,323.05510333738255,11501.400390625,1.240199327468872,1357.199951171875,85.92990791199175,26392.80078125,318.43311033099457,10639.7998046875,1.2295132875442505,1355.9000244140625,84.22841804792992,26106.939453125,320.3962736789924,10903.400390625,1.2309662103652954,1355.9000244140625,85.120552429791,26282.0703125,4205400.0,9940989952,0.0,18.0,33277500.0,518790000.0
2018-01-25,326.98138427734375,11259.400390625,1.239111304283142,1362.4000244140625,84.9182357788086,26392.7890625,327.4674199693337,11785.7001953125,1.2529915571212769,1362.4000244140625,85.75518212486476,26458.25,319.53851195669404,11057.400390625,1.2386507987976074,1346.699951171875,84.55034426778468,26259.720703125,320.40573899711114,11421.7001953125,1.23960280418396,1356.300048828125,85.04699675512492,26313.060546875,4747500.0,8873169920,0.0,4.0,26383200.0,401390000.0
2018-01-26,327.08624267578125,11171.400390625,1.239234209060669,1351.5999755859375,86.50933837890625,26616.7109375,329.7165125341111,11656.7001953125,1.2490164041519165,1352.0,86.50933837890625,26616.7109375,325.2088453939948,10470.2998046875,1.2387429475784302,1350.9000244140625,85.14814919629698,26425.349609375,328.14405089434797,11256.0,1.239234209060669,1351.5999755859375,85.64480157923133,26466.740234375,5236300.0,9746199552,0.0,280546.0,29172200.0,477780000.0
2018-01-27,,11440.7001953125,,,,,,11614.900390625,,,,,,10989.2001953125,,,,,,11174.900390625,,,,,,7583269888,,,,
2018-01-28,,11786.2998046875,,,,,,12040.2998046875,,,,,,11475.2998046875,,,,,,11475.2998046875,,,,,,8350360064,,,,
2018-01-29,324.7990417480469,11296.400390625,1.2428072690963745,,86.38060760498047,26439.48046875,328.2869991939154,11875.599609375,1.243193507194519,,87.78778633972455,26608.900390625,324.1128857081541,11179.2001953125,1.2338062524795532,,86.19666533235365,26435.33984375,325.18977232050304,11755.5,1.2428226470947266,,87.50267371206861,26584.279296875,3324900.0,7107359744,0.0,,31569900.0,421000000.0
2018-01-30,321.835205078125,10106.2998046875,1.2381141185760498,1335.4000244140625,85.29531860351562,26076.890625,323.9985174463004,11307.2001953125,1.245221495628357,1347.800048828125,86.14147117515738,26256.990234375,318.45209211646153,10036.2001953125,1.2336845397949219,1332.800048828125,84.70669499877599,26028.419921875,323.226595569605,11306.7998046875,1.238175392150879,1338.699951171875,85.81036952037297,26198.44921875,4983100.0,8637859840,0.0,52100.0,38635100.0,448330000.0
2018-01-31,337.71209716796875,10221.099609375,1.2409565448760986,1339.0,87.38312530517578,26149.390625,344.00185627074654,10381.599609375,1.2476606369018555,1346.9000244140625,87.74181770353745,26338.029296875,335.09136663206436,9777.419921875,1.2400639057159424,1331.800048828125,86.00353699856969,26050.98046875,343.55394843401604,10108.2001953125,1.2408334016799927,1337.5,86.22426916288094,26268.169921875,11409600.0,8041160192,0.0,4881.0,48756300.0,479130000.0
2018-02-01,340.1612854003906,9170.5400390625,1.241865873336792,1344.300048828125,86.69329833984375,26186.7109375,344.4592926524502,10288.7998046875,1.2487823963165283,1350.5999755859375,88.35799868766227,26306.69921875,335.4916260434072,8812.2802734375,1.2386507987976074,1336.800048828125,86.06788493021335,26014.439453125,336.35885306560965,10237.2998046875,1.2417423725128174,1343.800048828125,87.18075156763948,26083.0390625,6067600.0,9959400448,0.0,1680.0,47227900.0,410620000.0
2018-02-02,332.5087585449219,8830.75,1.2510008811950684,1333.699951171875,84.41238403320312,25520.9609375,338.5030920709229,9142.2802734375,1.251799464225769,1352.0999755859375,86.42658461695098,26061.7890625,332.3086381777779,7796.490234375,1.241187572479248,1327.699951171875,84.15486208069503,25490.66015625,337.3594889497435,9142.2802734375,1.2512669563293457,1348.5,86.12307359423203,26061.7890625,5486100.0,12726899712,0.0,2841.0,47867800.0,522880000.0
2018-02-03,,9174.91015625,,,,,,9430.75,,,,,,8251.6298828125,,,,,,8852.1201171875,,,,,,7263790080,,,,
2018-02-04,,8277.009765625,,,,,,9334.8701171875,,,,,,8031.22021484375,,,,,,9175.7001953125,,,,,,7073549824,,,,
2018-02-05,313.4202575683594,6955.27001953125,1.244694471359253,1333.0,80.93582153320312,24345.75,333.54745962136974,8364.83984375,1.2478163242340088,1340.199951171875,85.7551798506624,25520.529296875,302.4703802719304,6756.68017578125,1.2401562929153442,1329.0,80.93582153320312,23923.880859375,326.56203562068987,8270.5400390625,1.2447099685668945,1331.0999755859375,83.29031591420062,25337.869140625,10511300.0,9285289984,0.0,641.0,51031500.0,714450000.0
2018-02-06,324.88482666015625,7754.0,1.2367818355560303,1326.0999755859375,83.9985122680664,24912.76953125,325.60911060111636,7850.7001953125,1.2428536415100098,1343.699951171875,84.13647246470667,24946.23046875,302.71820156953993,6048.259765625,1.231618046760559,1319.5,78.40658083089811,23778.740234375,304.9577407951113,7051.75,1.2368277311325073,1338.199951171875,79.91492974241827,24085.169921875,11935100.0,13999800320,0.0,529.0,67998600.0,823940000.0
2018-02-07,331.7558898925781,7621.2998046875,1.2381294965744019,1311.5999755859375,82.41657257080078,24893.349609375,336.9687623162864,8509.1103515625,1.2403254508972168,1331.0999755859375,84.40317527775713,25293.9609375,323.89369832069667,7236.7900390625,1.2278525829315186,1310.5,82.03948188513654,24785.439453125,324.51313790066195,7755.490234375,1.2381447553634644,1325.4000244140625,83.22592818964283,24892.869140625,7946700.0,9169280000,0.0,491.0,41107600.0,504620000.0
2018-02-08,315.71441650390625,8265.58984375,1.2268133163452148,1316.9000244140625,78.18582153320312,23860.4609375,334.2362741486789,8558.76953125,1.2294527292251587,1321.0999755859375,82.66487763874008,24903.6796875,315.4654059156404,7637.85986328125,1.2216575145721436,1307.0,77.95589029108909,23849.23046875,333.27857708808097,7637.85986328125,1.2268433570861816,1317.0999755859375,82.50852607816925,24902.30078125,8295900.0,9346750464,0.0,459.0,55628700.0,657500000.0
2018-02-09,318.7503356933594,8736.98046875,1.2260762453079224,1313.0999755859375,81.10137176513672,24190.900390625,323.51967811348425,8736.98046875,1.2285465002059937,1322.0,81.79116569361648,24382.140625,305.74482100641535,7884.7099609375,1.2226433753967285,1311.9000244140625,77.10056838334353,23360.2890625,319.43987882365934,8271.83984375,1.2260762453079224,1320.9000244140625,79.3722908438483,23992.669921875,8833000.0,6784820224,0.0,451.0,63499100.0,735030000.0
2018-02-10,,8621.900390625,,,,,,9122.5498046875,,,,,,8295.4697265625,,,,,,8720.080078125,,,,,,7780960256,,,,
2018-02-11,,8129.97021484375,,,,,,8616.1298828125,,,,,,7931.10009765625,,,,,,8616.1298828125,,,,,,6122189824,,,,
2018-02-12,329.2562561035156,8926.5703125,1.2252799272537231,1324.199951171875,81.97509002685547,24601.26953125,333.0391713944652,8985.919921875,1.2297097444534302,1325.5,82.57291270433203,24765.16015625,320.9530384920056,8141.43017578125,1.2236307859420776,1318.0,80.87142278916426,24290.48046875,322.33212467429735,8141.43017578125,1.2253400087356567,1323.800048828125,81.61639782375858,24337.759765625,6885000.0,6256439808,0.0,140.0,35720300.0,496610000.0
2018-02-13,328.6433410644531,8598.3095703125,1.2303755283355713,1328.0999755859375,82.618896484375,24640.44921875,333.1636725554376,8958.4697265625,1.2371996641159058,1329.5999755859375,82.77524804661854,24705.720703125,325.89475505767626,8455.41015625,1.228606939315796,1323.4000244140625,80.75185590114576,24421.029296875,326.0479901012041,8926.7197265625,1.2301182746887207,1324.5,81.79114260051986,24540.330078125,4030200.0,5696719872,0.0,71.0,26407700.0,374410000.0
2018-02-14,330.2618408203125,9494.6298828125,1.235376238822937,1355.5,83.9125747680664,24893.490234375,332.7326864040947,9518.5400390625,1.2416189908981323,1355.5,84.07890325030858,24925.94921875,326.73752261298165,8599.919921875,1.2278525829315186,1324.0,81.69487107138141,24490.359375,326.90031474817835,8599.919921875,1.2352999448776245,1332.800048828125,81.78727421709193,24535.8203125,4340200.0,7909819904,0.0,400.0,34960900.0,431160000.0
2018-02-15,341.3807067871094,10166.400390625,1.2467273473739624,1352.0999755859375,85.6220703125,25200.369140625,341.4668960206106,10234.7998046875,1.2511996030807495,1355.9000244140625,85.67751079358638,25203.94921875,333.32647051073644,9395.580078125,1.2450509071350098,1349.699951171875,83.73701640656893,24809.419921875,333.72871616033865,9488.3203125,1.2467117309570312,1352.0,84.28219993700782,25047.8203125,5827500.0,9062540288,0.0,111.0,27823900.0,416780000.0
2018-02-16,340.02081298828125,10233.900390625,1.2503595352172852,1353.199951171875,85.01220703125,25219.380859375,344.2921342027313,10324.099609375,1.2558081150054932,1361.4000244140625,86.39827562415081,25432.419921875,338.55553748048794,9824.8203125,1.2430543899536133,1344.9000244140625,84.82740070549366,25149.259765625,341.5052319179875,10135.7001953125,1.250734806060791,1354.0,85.42802478915647,25165.939453125,5211600.0,7296159744,0.0,110.0,30596900.0,406730000.0
2018-02-17,,11112.7001953125,,,,,,11139.5,,,,,,10149.400390625,,,,,,10207.5,,,,,,8660880384,,,,
2018-02-18,,10551.7998046875,,,,,,11349.7998046875,,,,,,10326.0,,,,,,11123.400390625,,,,,,8744009728,,,,
2018-02-19,,11225.2998046875,1.241187572479248,,,,,11273.7998046875,1.2437996864318848,,,,,10513.2001953125,1.2371032238006592,,,,,10552.599609375,1.241187572479248,,,,,7652089856,0.0,,,
2018-02-20,338.40228271484375,11403.7001953125,1.2398641109466553,1328.800048828125,85.67748260498047,24964.75,342.65446025970897,11958.5,1.2409104108810425,1350.199951171875,85.99165462764948,25179.009765625,336.5347616428677,11231.7998046875,1.2321947813034058,1328.5,84.09736596471316,24884.189453125,337.1093857593678,11231.7998046875,1.2399102449417114,1348.4000244140625,84.53166839009018,25124.91015625,4303400.0,9926540288,0.0,283.0,30911700.0,421510000.0
2018-02-21,337.4637451171875,10690.400390625,1.233532428741455,1330.0,84.54093170166016,24797.779296875,345.54671152222414,11418.5,1.2347005605697632,1331.5,86.26889954702081,25267.990234375,336.86997755156125,10479.099609375,1.2300727367401123,1324.4000244140625,84.54093170166016,24792.990234375,337.6457099165372,11372.2001953125,1.233547568321228,1326.800048828125,85.91776474979562,24988.060546875,5258600.0,9405339648,0.0,119.0,26922500.0,456070000.0
2018-02-22,340.86358642578125,10005.0,1.2281843423843384,1330.5999755859375,84.7627182006836,24962.48046875,342.9226294767504,11039.099609375,1.2353304624557495,1331.4000244140625,85.68676393379951,25156.720703125,337.7223409065536,9939.08984375,1.2261663675308228,1322.0,84.4208187414633,24854.830078125,339.6472923262067,10660.400390625,1.2280335426330566,1322.0,85.05841255328431,24855.41015625,3414300.0,8040079872,0.0,70.0,24392800.0,378900000.0
2018-02-23,341.5722351074219,10301.099609375,1.2326656579971313,1328.199951171875,86.91571044921875,25309.990234375,343.592961864493,10487.2998046875,1.233500361442566,1332.0999755859375,86.9249528774459,25313.91015625,338.1341061875263,9734.5595703125,1.2280486822128296,1327.699951171875,85.344836046145,25028.73046875,343.0279241092941,9937.0703125,1.2326048612594604,1328.0,86.49065039956241,25050.509765625,3355400.0,7739500032,0.0,427.0,26329200.0,335420000.0
2018-02-24,,9813.0703125,,,,,,10597.2001953125,,,,,,9546.9697265625,,,,,,10287.7001953125,,,,,,6917929984,,,,
2018-02-25,,9664.73046875,,,,,,9923.2197265625,,,,,,9407.0595703125,,,,,,9796.419921875,,,,,,5706939904,,,,
2018-02-26,348.103759765625,10366.7001953125,1.228712558746338,1330.699951171875,88.17243957519531,25709.26953125,348.64962491191574,10475.0,1.2354830503463745,1340.5,88.20015981839003,25732.80078125,343.0566772372397,9501.73046875,1.228244662284851,1330.699951171875,87.09130779114551,25398.560546875,344.29211470572255,9669.4296875,1.2288333177566528,1335.0,87.22991605702839,25403.349609375,4148100.0,7287690240,0.0,652.0,30199800.0,473360000.0
2018-02-27,349.2147521972656,10725.599609375,1.2315573692321777,1315.5,87.04508209228516,25410.029296875,354.24266294590706,10878.5,1.2345678806304932,1332.5999755859375,88.56051612761406,25800.349609375,347.9314121153457,10246.099609375,1.2223145961761475,1312.699951171875,87.04508209228516,25407.830078125,349.1764361223989,10393.900390625,1.2316029071807861,1331.699951171875,88.46811298885646,25735.779296875,4774100.0,6966179840,0.0,710.0,25869100.0,438390000.0
2018-02-28,346.88751220703125,10397.900390625,1.2230321168899536,1315.5,86.64774322509766,25029.19921875,355.88030339950734,11089.7998046875,1.224289894104004,1321.0,88.44039374676599,25576.150390625,346.88751220703125,10393.099609375,1.2189176082611084,1315.4000244140625,86.51837741940074,25022.419921875,351.2833390705973,10687.2001953125,1.2222100496292114,1315.4000244140625,87.63647162572853,25485.150390625,5472900.0,6936189952,0.0,58.0,31167300.0,451870000.0
2018-03-01,334.89715576171875,10951.0,1.2191256284713745,1302.9000244140625,85.797607421875,24608.98046875,347.395093260869,11052.2998046875,1.2221801280975342,1318.0999755859375,87.38696651637368,25185.349609375,331.74632360628505,10352.7001953125,1.2157995700836182,1301.800048828125,84.86431966523912,24442.560546875,347.0024338787486,10385.0,1.2190959453582764,1310.4000244140625,86.85101853336248,25024.0390625,8978000.0,7317279744,0.0,43.0,37135600.0,506280000.0
2018-03-02,330.0895080566406,11086.400390625,1.2270842790603638,1321.0999755859375,85.9824447631836,24538.060546875,331.4494217189894,11189.0,1.2330456972122192,1323.199951171875,86.07484791198024,24592.4609375,321.1158607076919,10850.099609375,1.2252799272537231,1314.300048828125,83.95878266996786,24217.759765625,327.3600651807951,10977.400390625,1.227129340171814,1314.300048828125,84.62409662115705,24394.91015625,10021300.0,7620590080,0.0,155.0,32830400.0,437130000.0
2018-03-03,,11489.7001953125,,,,,,11528.2001953125,,,,,,11002.400390625,,,,,,11101.900390625,,,,,,6690570240,,,,
2018-03-04,,11512.599609375,,,,,,11512.599609375,,,,,,11136.099609375,,,,,,11497.400390625,,,,,,6084149760,,,,
2018-03-05,337.82763671875,11573.2998046875,1.2315422296524048,1318.0999755859375,86.52763366699219,24874.759765625,339.76217425152566,11704.099609375,1.2348270416259766,1325.9000244140625,87.10977988559829,24961.0,322.3703921963187,11443.900390625,1.2275512218475342,1318.0999755859375,85.25245321437029,24387.150390625,323.7016051337704,11532.400390625,1.231845736503601,1323.5,85.32637150806796,24471.310546875,8140200.0,6468539904,0.0,18.0,23901600.0,383910000.0
2018-03-06,334.1596984863281,10779.900390625,1.2336541414260864,1333.5999755859375,86.23194122314453,24884.119140625,340.18359244544644,11500.099609375,1.2419891357421875,1333.5999755859375,87.31307295980992,24995.240234375,331.3823534028916,10694.2998046875,1.233121633529663,1321.4000244140625,85.88080640821897,24708.41015625,339.2546250518674,11500.099609375,1.2337758541107178,1321.5999755859375,87.17446470000203,24965.890625,4888300.0,6832169984,0.0,18.0,22175800.0,331770000.0
2018-03-07,332.3592224121094,9965.5703125,1.2416653633117676,1326.0,86.7309341430664,24801.359375,333.6712628127708,10929.5,1.2440595626831055,1338.0999755859375,86.80485949460495,24849.6796875,325.13817781993663,9692.1201171875,1.2386049032211304,1326.0,85.40954844643039,24535.119140625,327.07271551396184,10803.900390625,1.2419275045394897,1338.0999755859375,86.08410494187797,24758.150390625,4575700.0,8797910016,0.0,27.0,26716100.0,394070000.0
2018-03-08,333.97772216796875,9395.009765625,1.2414649724960327,1319.9000244140625,87.25760650634766,24895.2109375,337.5882297346197,10147.400390625,1.24447762966156,1326.800048828125,87.87671522600101,24950.490234375,329.3999311721206,9335.8701171875,1.2306329011917114,1319.300048828125,86.6477331646663,24703.05078125,334.7247247412964,9951.4404296875,1.2416189908981323,1324.800048828125,87.10975585991332,24853.41015625,4319900.0,7186089984,0.0,62.0,25887800.0,327300000.0
2018-03-09,339.52276611328125,9337.5498046875,1.2306632995605469,1322.4000244140625,89.20735168457031,25335.740234375,339.8771385913973,9466.349609375,1.2333801984786987,1322.4000244140625,89.20735168457031,25336.330078125,335.41426658844125,8513.0302734375,1.2275512218475342,1313.0,87.78432079620089,25004.890625,337.7318772086183,9414.6904296875,1.2307844161987305,1316.800048828125,88.05229483198872,25004.890625,3538300.0,8704190464,0.0,88.0,36937300.0,371570000.0
2018-03-10,,8866.0,,,,,,9531.3203125,,,,,,8828.4697265625,,,,,,9350.58984375,,,,,,5386319872,,,,
2018-03-11,,9578.6298828125,,,,,,9711.8896484375,,,,,,8607.1201171875,,,,,,8852.7802734375,,,,,,6296370176,,,,
2018-03-12,329.6297912597656,9205.1201171875,1.2308752536773682,1319.4000244140625,89.41987609863281,25178.609375,340.2027761993504,9937.5,1.2342007160186768,1319.4000244140625,89.82645835716865,25449.150390625,328.73913990610504,8956.4296875,1.229135513305664,1319.4000244140625,88.74532686050642,25152.01953125,340.1740464533161,9602.9296875,1.2308601140975952,1319.4000244140625,89.17038692629052,25372.439453125,6088800.0,6457399808,0.0,0.0,26073700.0,362580000.0
2018-03-13,324.34332275390625,9194.849609375,1.2339584827423096,1325.9000244140625,87.2391357421875,25007.029296875,333.16370575989254,9470.3798828125,1.2398948669433594,1325.9000244140625,89.85417905043514,25376.400390625,323.3281368360323,8958.1904296875,1.231496810913086,1325.300048828125,86.83255348158178,24947.5,330.71200327229286,9173.0400390625,1.2338672876358032,1325.9000244140625,89.63241011278994,25257.75,5443800.0,5991139840,0.0,13.0,35387800.0,447880000.0
2018-03-14,316.2890625,8269.8095703125,1.239234209060669,1324.4000244140625,86.7216567993164,24758.119140625,326.1150151484516,9355.849609375,1.2416189908981323,1324.4000244140625,88.16317237435584,25130.119140625,308.6657723263046,8068.58984375,1.235010027885437,1322.199951171875,86.39824232892211,24668.830078125,325.41591495079797,9214.650390625,1.2392956018447876,1322.199951171875,87.8951983703415,25086.970703125,13057900.0,6438230016,0.0,19.0,32132000.0,356830000.0
2018-03-15,316.0209045410156,8300.8603515625,1.2375624179840088,1316.800048828125,87.02661895751953,24873.66015625,318.8365363973479,8428.349609375,1.2386969327926636,1316.800048828125,87.39623862477681,25053.869140625,309.2499789233309,7783.0498046875,1.2320733070373535,1316.800048828125,85.77915874919638,24753.2890625,318.2427396356848,8290.759765625,1.2375319004058838,1316.800048828125,86.42598787946504,24837.2890625,8766000.0,6834429952,0.0,0.0,27611000.0,316310000.0
2018-03-16,316.4901428222656,8338.349609375,1.2309207916259766,1311.300048828125,87.41471099853516,24946.509765625,316.8348997288202,8585.150390625,1.23350191116333,1311.300048828125,88.13546542740652,25031.0,311.85489264348996,8005.31005859375,1.2261513471603394,1310.0999755859375,86.78635971825351,24857.08984375,315.86764558992365,8322.91015625,1.2307692766189575,1310.0999755859375,87.48863633737025,24877.33984375,9329000.0,5289379840,0.0,34.0,49081300.0,654240000.0
2018-03-17,,7916.8798828125,,,,,,8346.5302734375,,,,,,7812.81982421875,,,,,,8321.91015625,,,,,,4426149888,,,,
2018-03-18,,8223.6796875,,,,,,8245.509765625,,,,,,7397.990234375,,,,,,7890.52001953125,,,,,,6639190016,,,,
2018-03-19,317.7256164550781,8630.650390625,1.228078842163086,1316.800048828125,85.83463287353516,24610.91015625,319.2291787712912,8675.8701171875,1.2332433462142944,1316.9000244140625,86.76792131292005,24893.689453125,312.9562741172178,8182.39990234375,1.226046085357666,1307.300048828125,85.11387811734325,24453.140625,313.59794406866996,8344.1201171875,1.228078842163086,1309.4000244140625,86.62007056810553,24893.689453125,6328900.0,6729110016,0.0,6.0,33344100.0,377990000.0
2018-03-20,323.3472595214844,8913.4697265625,1.2336845397949219,1311.0999755859375,86.05635833740234,24727.26953125,325.3296994284703,9051.01953125,1.2354220151901245,1311.0999755859375,86.64774691718975,24803.609375,316.99772340660155,8389.8896484375,1.2264971733093262,1311.0999755859375,85.93623495553888,24650.640625,317.8021854210463,8619.669921875,1.2338062524795532,1311.0999755859375,85.98244005235989,24650.640625,6500500.0,6361789952,0.0,4.0,23075200.0,342510000.0
2018-03-21,322.8396911621094,8929.2802734375,1.2251899242401123,1320.699951171875,85.45575714111328,24682.310546875,327.4462117737704,9177.3701171875,1.229619026184082,1328.800048828125,86.90650873889057,24977.650390625,320.99134281410306,8846.330078125,1.2246992588043213,1312.4000244140625,85.20626083167402,24655.400390625,322.8109614188044,8937.48046875,1.224814772605896,1312.4000244140625,85.87157492363224,24723.490234375,4056300.0,6043129856,0.0,34.0,24457100.0,343230000.0
2018-03-22,306.0895690917969,8728.4697265625,1.2347661256790161,1326.5999755859375,82.97005462646484,23957.890625,318.6066777343701,9100.7099609375,1.2386815547943115,1326.5999755859375,84.78118314242853,24526.009765625,305.51497418868956,8564.900390625,1.230042576789856,1326.5999755859375,82.84993123736358,23938.740234375,316.14538906853704,8939.4404296875,1.234872817993164,1326.5999755859375,84.337638155909,24526.009765625,7282200.0,5530390016,0.0,0.0,38604700.0,439280000.0
2018-03-23,307.4207458496094,8879.6201171875,1.2324985265731812,1349.300048828125,80.55830383300781,23533.19921875,317.1318077379228,8879.6201171875,1.2360174655914307,1349.300048828125,83.58917257938937,24108.470703125,304.8541248301073,8360.6201171875,1.2319974899291992,1343.199951171875,80.46590067364919,23509.060546875,306.60669753085705,8736.25,1.2326048612594604,1343.199951171875,82.70208955971007,23995.1796875,7237500.0,5954120192,0.0,8.0,44068900.0,482550000.0
2018-03-24,,8668.1201171875,,,,,,8996.1796875,,,,,,8665.7001953125,,,,,,8901.9501953125,,,,,,5664600064,,,,
2018-03-25,,8495.7802734375,,,,,,8682.009765625,,,,,,8449.099609375,,,,,,8612.8095703125,,,,,,4569880064,,,,
2018-03-26,315.05364990234375,8209.400390625,1.235437273979187,1354.4000244140625,86.65699768066406,24202.599609375,317.89801176307515,8530.080078125,1.2448959350585938,1354.4000244140625,86.860288846375,24232.30078125,309.9012342761987,7921.43017578125,1.2352389097213745,1345.0999755859375,83.53372600266577,23741.220703125,316.49978203075375,8498.4697265625,1.2353914976119995,1348.5,83.72777473814205,23825.740234375,5392900.0,5921039872,0.0,10.0,56396800.0,479540000.0
2018-03-27,307.53570556640625,7833.0400390625,1.2457488775253296,1341.300048828125,82.67436981201172,23857.7109375,320.7136277643928,8232.7802734375,1.2478163242340088,1341.300048828125,87.91370723301472,24446.220703125,305.5053922751904,7797.27978515625,1.237332820892334,1341.0,81.78728678701987,23708.73046875,317.4861930300924,8200.0,1.2455006837844849,1341.0,87.7289009131907,24276.619140625,5355500.0,5378250240,0.0,290889.0,56569000.0,524480000.0
2018-03-28,306.4822082519531,7954.47998046875,1.240787148475647,1324.199951171875,82.60043334960938,23848.419921875,309.5659940108887,8122.89013671875,1.2422360181808472,1346.4000244140625,84.3006808728279,24092.470703125,298.0066124964701,7809.169921875,1.2337149381637573,1322.4000244140625,82.11993275277638,23728.669921875,308.2348102708544,7836.830078125,1.240802526473999,1345.0,82.99777322868422,23883.080078125,5634700.0,4935289856,0.0,59284.0,52501100.0,530040000.0
2018-03-29,314.0097351074219,7165.7001953125,1.2310267686843872,1322.800048828125,84.33763122558594,24103.109375,316.49975345463525,7994.330078125,1.2338062524795532,1327.0999755859375,85.28016160077323,24314.30078125,308.3784713884213,7081.3798828125,1.2285163402557373,1321.699951171875,81.68562510402134,23928.130859375,309.70009808491284,7979.06982421875,1.231284499168396,1324.0,83.3304249961197,23949.1796875,3652100.0,6361229824,0.0,5585.0,45867500.0,463550000.0
2018-03-30,,6890.52001953125,1.2302846908569336,,,,,7276.66015625,1.2333498001098633,,,,,6683.93017578125,1.2298005819320679,,,,,7171.4501953125,1.2302544116973877,,,,,6289509888,0.0,,,
2018-03-31,,6973.52978515625,,,,,,7207.85009765625,,,,,,6863.52001953125,,,,,,6892.47998046875,,,,,,4553269760,,,,
2018-04-01,,6844.22998046875,,,,,,7060.9501953125,,,,,,6526.8701171875,,,,,,7003.06005859375,,,,,,4532100096,,,,
2018-04-02,308.79986572265625,7083.7998046875,1.231420874595642,1342.0999755859375,81.79652404785156,23644.189453125,315.98259421596964,7135.47021484375,1.2345678806304932,1344.199951171875,83.9772725114552,24123.80078125,303.752812356263,6816.580078125,1.228380560874939,1324.699951171875,80.86324294641045,23344.51953125,311.4431191607066,6844.85986328125,1.231284499168396,1327.0,83.59841743213669,24076.599609375,5024900.0,4333440000,0.0,649.0,48515400.0,509820000.0
2018-04-03,316.8253479003906,7456.10986328125,1.229271411895752,1332.800048828125,82.89612579345703,24033.359375,317.09350190770095,7530.93994140625,1.2336997985839844,1341.5,83.21030494773174,24044.349609375,309.4223391167742,7072.490234375,1.2255052328109741,1328.5,81.21436316737407,23664.330078125,311.02170606413574,7102.259765625,1.2293318510055542,1340.4000244140625,82.77600240941828,23698.330078125,4783100.0,5499700224,0.0,702.0,37213800.0,394130000.0
2018-04-04,313.58831787109375,6853.83984375,1.2278525829315186,1335.800048828125,85.31713104248047,24264.30078125,313.94266109597237,7469.8798828125,1.2310571670532227,1347.300048828125,85.71447092829698,24308.9609375,298.68655442100675,6803.8798828125,1.225760579109192,1331.5999755859375,81.06652273717663,23523.16015625,299.08877080675234,7456.41015625,1.2279430627822876,1331.800048828125,81.17740369606881,23654.150390625,8235700.0,4936000000,0.0,718.0,35560000.0,388540000.0
2018-04-05,322.1693115234375,6811.47021484375,1.228682279586792,1324.300048828125,85.36332702636719,24505.220703125,324.6210138596974,6933.81982421875,1.2291052341461182,1333.699951171875,86.00092072420175,24622.259765625,316.28906629129136,6644.7998046875,1.2219412326812744,1322.5999755859375,84.4577663177554,24313.91015625,316.60509348727135,6848.64990234375,1.2287880182266235,1333.5,85.4187745543799,24313.91015625,6220000.0,5639320064,0.0,258.0,29771900.0,347790000.0
2018-04-06,312.3241882324219,6636.31982421875,1.2251598834991455,1331.9000244140625,83.37665557861328,23932.759765625,320.4358842191495,6857.490234375,1.2280033826828003,1333.0,85.4372737632464,24434.400390625,308.57958888850465,6575.0,1.2218068838119507,1319.0,82.68362122908997,23738.19921875,316.6242390607029,6815.9599609375,1.2250999212265015,1326.5,84.5409482098773,24373.599609375,5713600.0,3766810112,0.0,348.0,38026000.0,395990000.0
2018-04-07,,6911.08984375,,,,,,7050.5400390625,,,,,,6630.509765625,,,,,,6630.509765625,,,,,,3976610048,,,,
2018-04-08,,7023.52001953125,,,,,,7111.56005859375,,,,,,6919.97998046875,,,,,,6919.97998046875,,,,,,3652499968,,,,
2018-04-09,308.8382263183594,6770.72998046875,1.227144479751587,1336.300048828125,83.87562561035156,23979.099609375,320.71366662746766,7178.10986328125,1.2330456972122192,1337.5,86.09333671417001,24373.1796875,308.4263942798195,6661.990234375,1.2262566089630127,1327.0,83.73702439441418,23954.830078125,318.194918129748,7044.31982421875,1.227144479751587,1333.0,84.12512189885736,24037.51953125,4931700.0,4894060032,0.0,290.0,31533900.0,380790000.0
2018-04-10,320.6656799316406,6834.759765625,1.2322403192520142,1342.0,85.82534790039062,24408.0,322.44701158436254,6872.41015625,1.2377768754959106,1342.0,86.19496752931434,24511.349609375,315.60904084165264,6704.14990234375,1.2303755283355713,1333.0,84.67953339564434,24198.94921875,317.33291301137643,6795.43994140625,1.2322251796722412,1335.199951171875,85.37256755616079,24198.94921875,5552000.0,4272750080,0.0,105.0,26812000.0,368590000.0
2018-04-11,313.5117492675781,6968.31982421875,1.2363078594207764,1356.5,84.88284301757812,24189.44921875,323.2898589692579,6968.31982421875,1.2393723726272583,1365.4000244140625,86.20422871987309,24366.5703125,312.50617887286506,6817.58984375,1.235406756401062,1340.0999755859375,84.53170817113056,24150.869140625,317.57240537204393,6843.47021484375,1.2363842725753784,1340.0999755859375,85.02145128982912,24274.189453125,4573500.0,4641889792,0.0,118.0,24872100.0,286360000.0
2018-04-12,323.2036437988281,7889.25,1.2371643781661987,1338.4000244140625,86.47216796875,24483.05078125,324.03683564074015,7899.22998046875,1.2379761934280396,1351.5,87.00811597874993,24592.119140625,316.48059111962556,6806.509765625,1.230042576789856,1334.5999755859375,85.40951437648303,24302.8203125,317.93630948857304,6955.3798828125,1.237623691558838,1351.199951171875,85.40951437648303,24302.8203125,4325000.0,8906250240,0.0,34.0,26758900.0,336130000.0
2018-04-13,315.3504943847656,7895.9599609375,1.2329696416854858,1344.800048828125,86.01016235351562,24360.140625,325.300981107908,8183.9599609375,1.234872817993164,1346.0,87.02661105878639,24646.44921875,312.783873216191,7758.93017578125,1.2308752536773682,1335.9000244140625,85.41877375954326,24243.740234375,324.64972487912405,7901.08984375,1.2333498001098633,1335.9000244140625,86.90648767404167,24582.8203125,4733500.0,7764460032,0.0,67.0,23346100.0,331890000.0
2018-04-14,,7986.240234375,,,,,,8140.7099609375,,,,,,7846.0,,,,,,7874.669921875,,,,,,5191430144,,,,
2018-04-15,,8329.1103515625,,,,,,8338.419921875,,,,,,7999.330078125,,,,,,7999.330078125,,,,,,5244480000,,,,
2018-04-16,317.7351989746094,8058.669921875,1.233258605003357,1347.5,87.0173568725586,24573.0390625,319.12387164656013,8371.150390625,1.2394031286239624,1348.800048828125,87.47014421138465,24675.359375,313.77034764649204,7925.72998046875,1.232635259628296,1341.0,86.32432279670215,24480.19921875,318.28109340923277,8337.5703125,1.2333041429519653,1341.0,86.9249537390925,24483.150390625,3901400.0,5631309824,0.0,60.0,20288100.0,305070000.0
2018-04-17,322.47576904296875,7902.08984375,1.2385127544403076,1347.199951171875,88.7730484008789,24786.630859375,325.36800376664,8285.9599609375,1.2415003776550293,1348.0999755859375,89.20735090162304,24858.970703125,319.5356319282861,7881.72021484375,1.2338367700576782,1339.0,87.67343203090184,24681.7890625,320.56996116434067,8071.66015625,1.238466739654541,1348.0,87.78432002574316,24681.7890625,3381800.0,6900879872,0.0,409.0,26771000.0,342410000.0
2018-04-18,326.5747375488281,8163.419921875,1.237317442893982,1351.199951171875,89.11493682861328,24748.0703125,327.915507752096,8197.7998046875,1.2396950721740723,1354.199951171875,89.3736684015857,24832.5390625,322.91632731615556,7886.009765625,1.2344460487365723,1343.5,88.26480973896679,24721.08984375,324.0176732250328,7944.43017578125,1.2373021841049194,1343.5,88.91164572130448,24820.849609375,3117500.0,6529909760,0.0,45.0,21043300.0,302030000.0
2018-04-19,326.22998046875,8294.3095703125,1.237914800643921,1346.800048828125,88.81001281738281,24664.890625,327.9250939508111,8298.6904296875,1.240199327468872,1355.199951171875,89.6970956438864,24762.48046875,323.22279730358787,8138.77978515625,1.2330456972122192,1341.5999755859375,88.09849384045617,24557.029296875,325.7990050483725,8159.27001953125,1.2378535270690918,1348.5999755859375,89.11494952177993,24711.30078125,3006800.0,7063209984,0.0,387.0,23552500.0,381110000.0
2018-04-20,324.34332275390625,8845.830078125,1.2345526218414307,1336.699951171875,87.78431701660156,24462.939453125,326.9578173981939,8880.23046875,1.2352694272994995,1343.4000244140625,88.81000802152495,24678.0703125,320.87643434843267,8244.5400390625,1.2255052328109741,1335.300048828125,86.90647666639843,24375.0390625,326.316176642731,8286.8798828125,1.2344155311584473,1342.5,88.62520175303185,24657.390625,3038000.0,8438110208,0.0,310.0,31154400.0,537770000.0
2018-04-21,,8895.580078125,,,,,,8997.5703125,,,,,,8652.150390625,,,,,,8848.7900390625,,,,,,7548550144,,,,
2018-04-22,,8802.4599609375,,,,,,9001.6396484375,,,,,,8779.6103515625,,,,,,8925.0595703125,,,,,,6629899776,,,,
2018-04-23,324.50604248046875,8930.8798828125,1.2273402214050293,1322.5,88.10775756835938,24448.689453125,326.8236820409431,8958.5498046875,1.2289692163467407,1334.4000244140625,88.97636279695377,24536.890625,321.7861865536941,8788.8095703125,1.2212249040603638,1322.5,87.44244352517299,24328.5390625,325.1859991555143,8794.3896484375,1.227385401725769,1334.0,88.46813483343378,24488.0703125,2765600.0,6925190144,0.0,68.0,22331800.0,351030000.0
2018-04-24,315.13983154296875,9697.5,1.22089684009552,1331.4000244140625,86.0471420288086,24024.130859375,332.9625912510024,9732.6103515625,1.223466157913208,1331.699951171875,89.14269385437564,24579.939453125,309.60434301461356,8927.830078125,1.2184869050979614,1326.199951171875,85.39107039800976,23828.73046875,328.65295394332315,8934.33984375,1.2211204767227173,1326.4000244140625,88.93016023176581,24579.939453125,7051800.0,10678800384,0.0,28.0,34524800.0,468180000.0
2018-04-25,328.3560485839844,8845.740234375,1.2241400480270386,1321.199951171875,85.29866790771484,24083.830078125,330.31934538365545,9745.3203125,1.2236157655715942,1325.0,86.21347835102152,24146.33984375,316.53806862083457,8799.83984375,1.21690034866333,1320.0,83.4228560096764,23823.080078125,323.8165731999143,9701.0302734375,1.2236157655715942,1324.0,86.21347835102152,24070.19921875,11023600.0,11083100160,0.0,278.0,33729300.0,437100000.0
2018-04-26,328.2890319824219,9281.509765625,1.2171669006347656,1316.300048828125,87.10052490234375,24322.33984375,331.0280319507518,9281.509765625,1.2210012674331665,1316.300048828125,87.92292477762817,24402.4609375,324.01768141932115,8727.08984375,1.2099798917770386,1315.699951171875,86.02862881101603,24128.720703125,329.4574237376603,8867.3203125,1.2170779705047607,1315.699951171875,86.44445348778581,24128.720703125,5273600.0,8970559488,0.0,569.0,42529000.0,390360000.0
2018-04-27,326.45977783203125,8987.0498046875,1.2109616994857788,1320.300048828125,88.54203033447266,24311.189453125,328.4134880139458,9375.4697265625,1.2116997241973877,1321.699951171875,90.46404646688296,24359.380859375,323.4813247835963,8987.0498046875,1.2056035995483398,1312.800048828125,86.77710727868084,24194.44921875,326.81412106726293,9290.6298828125,1.2107563018798828,1315.300048828125,90.18683002570394,24342.140625,3390400.0,7566289920,0.0,622.0,48272800.0,392810000.0
2018-04-28,,9348.48046875,,,,,,9412.08984375,,,,,,8931.990234375,,,,,,8939.26953125,,,,,,7805479936,,,,
2018-04-29,,9419.080078125,,,,,,9531.490234375,,,,,,9193.7099609375,,,,,,9346.41015625,,,,,,8853000192,,,,
2018-04-30,319.449462890625,9240.5498046875,1.2122827768325806,1316.199951171875,86.41674041748047,24163.150390625,328.0878807668293,9477.1396484375,1.2138574123382568,1316.199951171875,89.07799622685539,24498.23046875,319.29622783757463,9166.8095703125,1.2066364288330078,1309.5999755859375,86.07484806134876,24163.080078125,326.73755348835647,9426.1103515625,1.2128562927246094,1309.5999755859375,89.01331331759467,24410.41015625,3721600.0,8673920000,0.0,49.0,41523600.0,416650000.0
2018-05-01,315.5995178222656,9119.009765625,1.2081234455108643,1303.800048828125,87.78431701660156,24099.05078125,319.7846495698787,9255.8798828125,1.2084592580795288,1313.800048828125,88.05229104085163,24117.2890625,310.4662460496217,8891.0498046875,1.1983511447906494,1303.4000244140625,85.74217743515159,23808.189453125,318.434293120432,9251.4697265625,1.208313226699829,1313.199951171875,86.13027482893146,24117.2890625,4313100.0,7713019904,0.0,28.0,31408900.0,380070000.0
2018-05-02,310.475830078125,9235.919921875,1.1991558074951172,1302.5999755859375,86.4074935913086,23924.98046875,316.72000474691635,9256.51953125,1.2031089067459106,1309.300048828125,87.94140540054416,24185.51953125,310.2747218674038,9015.1396484375,1.1954143047332764,1302.5999755859375,86.11179932387118,23886.30078125,315.5611994211083,9104.599609375,1.1992132663726807,1309.0,87.77507693449138,24097.630859375,3436100.0,7558159872,0.0,23.0,27471000.0,385350000.0
2018-05-03,316.70086669921875,9743.8603515625,1.19510018825531,1310.699951171875,86.92497253417969,23930.150390625,318.55880147213594,9798.330078125,1.2009127140045166,1310.699951171875,87.71965234364822,23996.150390625,305.62989019911674,9188.150390625,1.1950715780258179,1310.699951171875,85.42801606868831,23531.310546875,309.30744367625056,9233.9697265625,1.1951714754104614,1310.699951171875,85.8992813161426,23836.23046875,6383200.0,10207299584,0.0,4.0,31142500.0,389240000.0
2018-05-04,320.2825927734375,9700.759765625,1.1989257335662842,1312.699951171875,87.93218231201172,24262.509765625,321.6808514019986,9779.2001953125,1.1997599601745605,1312.699951171875,88.12623104121072,24333.349609375,314.1629242926357,9585.9599609375,1.1914832592010498,1312.699951171875,85.86231510073881,23778.869140625,314.1629242926357,9695.5,1.1989257335662842,1312.699951171875,86.23193474917386,23865.220703125,3655100.0,8217829888,0.0,0.0,22531300.0,329480000.0
2018-05-05,,9858.150390625,,,,,,9964.5,,,,,,9695.1201171875,,,,,,9700.2802734375,,,,,,7651939840,,,,
2018-05-06,,9654.7998046875,,,,,,9940.1396484375,,,,,,9465.25,,,,,,9845.3095703125,,,,,,7222280192,,,,
2018-05-07,326.0288391113281,9373.009765625,1.195500135421753,1312.199951171875,88.91165924072266,24357.3203125,328.4709844198703,9665.849609375,1.1978917121887207,1312.5,89.3644395622717,24479.44921875,321.0296587372111,9231.5302734375,1.18995201587677,1310.199951171875,87.87672574156002,24263.419921875,321.0488313855483,9645.669921875,1.1955716609954834,1310.5999755859375,87.94140864463846,24317.66015625,4192200.0,7394019840,0.0,4.0,24242000.0,307670000.0
2018-05-08,324.05596923828125,9234.8203125,1.1933743953704834,1312.0,88.53279113769531,24360.2109375,327.47495496494656,9462.75,1.1938873529434204,1312.0,88.85621268084394,24412.33984375,322.37041295758644,9127.76953125,1.183936357498169,1308.5,87.8397570593606,24198.33984375,325.39673935856274,9380.8701171875,1.1932604312896729,1310.0999755859375,88.56975380119536,24341.349609375,4014100.0,7415869952,0.0,337.0,23484600.0,344940000.0
2018-05-09,329.9266662597656,9325.1796875,1.1867886781692505,1311.300048828125,89.57699584960938,24542.5390625,332.25386330637275,9374.759765625,1.1896122694015503,1311.300048828125,89.60471609368709,24586.48046875,324.25708630497473,9031.6201171875,1.1823545694351196,1311.300048828125,87.83054997361889,24323.869140625,325.12859421360736,9223.73046875,1.186676025390625,1311.300048828125,88.71763303365299,24399.1796875,4347000.0,7226890240,0.0,70.0,27327400.0,361580000.0
2018-05-10,331.15863037109375,9043.9404296875,1.184721827507019,1320.800048828125,90.47330474853516,24739.529296875,335.48976591022165,9396.0400390625,1.1942437887191772,1320.800048828125,90.51026036725493,24794.990234375,329.5609190697506,9040.51953125,1.184469223022461,1312.199951171875,89.67862499780429,24575.91015625,331.0816159574138,9325.9599609375,1.1847639083862305,1312.199951171875,90.05748001390164,24591.66015625,3920400.0,6906699776,0.0,8.0,22388100.0,304210000.0
2018-05-11,329.6090393066406,8441.490234375,1.1917530298233032,1319.0,90.27925872802734,24831.169921875,332.4579852363194,9052.9599609375,1.1967878341674805,1319.0,90.43635184914298,24868.650390625,328.2519466123611,8394.4599609375,1.1893434524536133,1319.0,89.66939225455651,24717.5,330.8698786676051,9052.9599609375,1.191525936126709,1319.0,90.37166893453382,24758.640625,2332200.0,8488520192,0.0,3.0,16778300.0,274150000.0
2018-05-12,,8504.8896484375,,,,,,8664.8603515625,,,,,,8223.5,,,,,,8441.4404296875,,,,,,6821380096,,,,
2018-05-13,,8723.9404296875,,,,,,8773.5498046875,,,,,,8395.1201171875,,,,,,8515.490234375,,,,,,5866379776,,,,
2018-05-14,331.6590881347656,8716.7900390625,1.1952143907546997,1316.5,90.58419036865234,24899.41015625,334.6908769691509,8881.1201171875,1.1996996402740479,1319.9000244140625,91.19406385755367,24994.189453125,330.9853736006751,8367.9697265625,1.1951572895050049,1316.5,89.91887639890854,24862.51953125,331.0912316981099,8713.099609375,1.1951572895050049,1319.9000244140625,90.48254478716879,24879.369140625,2520300.0,7364149760,0.0,4.0,19454100.0,282860000.0
2018-05-15,329.2818298339844,8510.3798828125,1.1931180953979492,1288.9000244140625,89.9281005859375,24706.41015625,330.9469215893373,8836.1904296875,1.1940299272537231,1304.699951171875,90.41784353378472,24809.55078125,327.49164104417946,8456.4501953125,1.182396411895752,1288.9000244140625,89.02253296640156,24629.390625,330.1288122442819,8705.1904296875,1.1932035684585571,1304.5999755859375,89.85417525987188,24809.55078125,3009100.0,6705710080,0.0,8.0,24594000.0,301900000.0
2018-05-16,328.1749572753906,8368.830078125,1.1820889711380005,1290.199951171875,90.16014862060547,24768.9296875,330.6677629019493,8508.4296875,1.1853959560394287,1294.0,90.3921613514457,24801.189453125,327.53008638577137,8175.490234375,1.176567554473877,1285.4000244140625,89.66828276409885,24672.7890625,329.1663049135386,8504.41015625,1.1822566986083984,1290.9000244140625,90.35503846485526,24722.3203125,2230100.0,6760220160,0.0,26.0,17384700.0,280810000.0
2018-05-17,331.2260437011719,8094.31982421875,1.1816978454589844,1288.199951171875,89.2599105834961,24713.98046875,331.83237806436097,8445.5400390625,1.1836841106414795,1291.300048828125,90.5220600167286,24839.490234375,327.4820031737783,8054.1201171875,1.1778563261032104,1288.199951171875,88.93509427651665,24639.400390625,327.6937487739445,8370.0498046875,1.1814186573028564,1291.300048828125,89.79818165247029,24752.400390625,2483300.0,5862530048,0.0,2.0,17246700.0,314650000.0
2018-05-18,338.04998779296875,8250.9697265625,1.1795234680175781,1290.199951171875,89.42696380615234,24715.08984375,338.839194696721,8274.1201171875,1.182228684425354,1290.199951171875,89.9559524088474,24774.970703125,332.23663258124753,7974.81982421875,1.175046682357788,1285.199951171875,89.10214748528078,24664.869140625,332.6312507193216,8091.830078125,1.1792036294937134,1285.199951171875,89.10214748528078,24707.720703125,4327700.0,5764190208,0.0,2.0,17865800.0,269700000.0
2018-05-19,,8247.1796875,,,,,,8372.0595703125,,,,,,8183.35009765625,,,,,,8255.73046875,,,,,,4712399872,,,,
2018-05-20,,8513.25,,,,,,8562.41015625,,,,,,8205.240234375,,,,,,8246.990234375,,,,,,5191059968,,,,
2018-05-21,350.26373291015625,8418.990234375,1.1766643524169922,1290.199951171875,90.5777587890625,25013.2890625,351.303192446145,8557.51953125,1.1778979301452637,1292.0999755859375,90.95826302461352,25086.490234375,344.99899622106767,8365.1201171875,1.1718658208847046,1287.4000244140625,89.83532237992272,24883.060546875,345.0086009928405,8522.330078125,1.1763737201690674,1287.4000244140625,90.02092971209119,24883.060546875,6785400.0,5154990080,0.0,52.0,19422500.0,308920000.0
2018-05-22,341.69775390625,8041.77978515625,1.1792453527450562,1291.699951171875,90.48495483398438,24834.41015625,351.15889655850305,8423.25,1.1828161478042603,1291.699951171875,91.10674718327533,25064.990234375,341.21651656119855,8004.580078125,1.1759449243545532,1291.699951171875,90.206536756155,24812.060546875,350.3407871974363,8419.8701171875,1.1788839101791382,1291.699951171875,90.65200426458883,25047.55078125,5389400.0,5137010176,0.0,50.0,15441200.0,288200000.0
2018-05-23,345.7304992675781,7557.81982421875,1.1788560152053833,1289.300048828125,91.56149291992188,24886.810546875,346.1058784673041,8054.66015625,1.1791006326675415,1289.300048828125,91.62645619099568,24889.4609375,338.4253204424892,7507.8798828125,1.168620228767395,1289.300048828125,89.38985042316152,24667.119140625,339.06055721498313,8037.080078125,1.1789672374725342,1289.300048828125,89.75178965921067,24757.7109375,4497500.0,6491120128,0.0,10.0,21251200.0,399610000.0
2018-05-24,345.52838134765625,7587.33984375,1.1710150241851807,1303.699951171875,91.23668670654297,24811.759765625,347.12609270810145,7738.60009765625,1.174936294555664,1303.699951171875,91.82136333704027,24877.359375,341.0721192507483,7331.14013671875,1.1692214012145996,1303.699951171875,89.84461028035602,24605.900390625,344.999032066694,7561.1201171875,1.1707134246826172,1303.699951171875,91.62647348703011,24877.359375,3932100.0,6049220096,0.0,0.0,26649300.0,347050000.0
2018-05-25,346.57745361328125,7480.14013671875,1.1722642183303833,1303.300048828125,91.28305053710938,24753.08984375,347.0683250278883,7659.14013671875,1.1733232736587524,1303.300048828125,91.85844441366693,24824.220703125,343.6515227871636,7392.64990234375,1.1648359298706055,1303.300048828125,90.81902527292337,24687.810546875,344.68137759442493,7592.2998046875,1.1723191738128662,1303.300048828125,91.22736977115541,24781.2890625,2463700.0,4867829760,0.0,1.0,18363900.0,257210000.0
2018-05-26,,7355.8798828125,,,,,,7595.16015625,,,,,,7349.1201171875,,,,,,7486.47998046875,,,,,,4051539968,,,,
2018-05-27,,7368.22021484375,,,,,,7381.740234375,,,,,,7270.9599609375,,,,,,7362.080078125,,,,,,4056519936,,,,
2018-05-28,,7135.990234375,1.1688934564590454,,,,,7419.0498046875,1.1730204820632935,,,,,7100.89013671875,1.1608469486236572,,,,,7371.31005859375,1.1687567234039307,,,,,5040600064,0.0,,,
2018-05-29,339.2530822753906,7472.58984375,1.162696123123169,1298.699951171875,90.95825958251953,24361.44921875,347.42448282499913,7526.419921875,1.1639816761016846,1298.699951171875,91.76565923541081,24635.1796875,337.5013713265138,7090.68017578125,1.1514369249343872,1298.699951171875,90.23438110180366,24247.83984375,344.28680600145,7129.4599609375,1.1627501249313354,1298.699951171875,90.80048556763445,24606.58984375,4249600.0,5662660096,0.0,386334.0,28671000.0,395810000.0
2018-05-30,344.748779296875,7406.52001953125,1.1539349555969238,1301.5,91.83061981201172,24667.779296875,345.4513963288819,7573.77001953125,1.1670994758605957,1303.699951171875,92.10903787202263,24714.48046875,340.8122617078696,7313.60009765625,1.1520073413848877,1295.199951171875,90.86545325302879,24459.08984375,342.3040855887956,7469.72998046875,1.153761863708496,1298.0,91.23666789242282,24467.830078125,2825200.0,4922540032,0.0,50845.0,22158500.0,324870000.0
2018-05-31,338.945068359375,7494.169921875,1.1667250394821167,1300.0999755859375,91.7285385131836,24415.83984375,343.43980842144845,7608.89990234375,1.1724016666412354,1306.800048828125,92.79579835904788,24620.7890625,338.42532383623256,7361.1298828125,1.1642934083938599,1296.5999755859375,91.5150907922902,24352.150390625,343.43980842144845,7406.14990234375,1.1666160821914673,1301.0,92.14616562528654,24620.7890625,4406300.0,5127130112,0.0,4082.0,34140900.0,429740000.0
2018-06-01,343.3339538574219,7541.4501953125,1.1693171262741089,1294.800048828125,93.53821563720703,24635.2109375,344.7102855396462,7604.72998046875,1.1715501546859741,1299.5,93.60317889238642,24673.599609375,341.1587517775465,7407.33984375,1.1629935503005981,1288.9000244140625,92.03477119960198,24542.08984375,342.43885949393854,7500.7001953125,1.1693308353424072,1298.5999755859375,92.1368573263787,24542.08984375,2657800.0,4921460224,0.0,663.0,28655600.0,315710000.0
2018-06-02,,7643.4501953125,,,,,,7695.830078125,,,,,,7497.259765625,,,,,,7536.72021484375,,,,,,4939299840,,,,
2018-06-03,,7720.25,,,,,,7754.89013671875,,,,,,7613.0400390625,,,,,,7632.08984375,,,,,,4851760128,,,,
2018-06-04,347.1935119628906,7514.47021484375,1.1668611764907837,1293.0999755859375,94.35492706298828,24813.689453125,349.75369821065175,7753.81982421875,1.174425721168518,1297.0999755859375,94.53125898807482,24859.369140625,345.38405481241307,7474.0400390625,1.1668747663497925,1290.0,93.59392565854009,24722.140625,345.4995470777802,7722.52978515625,1.1669973134994507,1293.9000244140625,93.97442990099718,24727.55078125,2950300.0,4993169920,0.0,144.0,27281600.0,340400000.0
2018-06-05,346.58709716796875,7633.759765625,1.1700559854507446,1297.5,94.83751678466797,24799.98046875,349.7343784254256,7643.22998046875,1.171385407447815,1299.800048828125,94.96744333470636,24838.779296875,345.3840039602018,7397.0,1.1655282974243164,1289.9000244140625,94.22499983694473,24710.8203125,346.9720811199756,7500.89990234375,1.1701792478561401,1292.0999755859375,94.66118486084474,24820.119140625,2567800.0,4961739776,0.0,357.0,23514400.0,306340000.0
2018-06-06,357.6170654296875,7653.97998046875,1.1726216077804565,1297.0999755859375,95.11593627929688,25146.390625,357.6555726385396,7680.43017578125,1.1797001361846924,1300.4000244140625,95.21802244636648,25146.4609375,347.4437017045967,7502.009765625,1.1714677810668945,1294.0999755859375,94.56838963816595,24854.140625,348.85854056287025,7625.97021484375,1.1726628541946411,1296.0999755859375,95.10666086808442,24854.140625,4488400.0,4692259840,0.0,373.0,21122900.0,316090000.0
2018-06-07,354.70074462890625,7678.240234375,1.178550362586975,1298.699951171875,93.62175750732422,25241.41015625,360.42747994862435,7741.27001953125,1.1841003894805908,1302.800048828125,95.30153418665097,25326.08984375,352.3137971715698,7650.81982421875,1.1783559322357178,1296.199951171875,93.15773213036005,25164.48046875,358.0405324912879,7650.81982421875,1.1783976554870605,1298.4000244140625,95.264411306838,25192.140625,4517800.0,4485799936,0.0,79.0,28232200.0,357680000.0
2018-06-08,355.63433837890625,7624.919921875,1.1795234680175781,1298.0999755859375,94.31778717041016,25316.529296875,357.4823023979886,7698.18994140625,1.181199550628662,1299.4000244140625,94.61476310199232,25325.630859375,351.74593305842336,7558.39990234375,1.1728416681289673,1294.800048828125,93.30621533736814,25165.69921875,354.32538711853294,7685.14013671875,1.1793843507766724,1295.300048828125,93.81663895827812,25209.2890625,3292900.0,4227579904,0.0,650.0,22165100.0,317510000.0
2018-06-09,,7531.97998046875,,,,,,7683.580078125,,,,,,7531.97998046875,,,,,,7632.52001953125,,,,,,3845220096,,,,
2018-06-10,,6786.02001953125,,,,,,7499.5498046875,,,,,,6709.06982421875,,,,,,7499.5498046875,,,,,,5804839936,,,,
2018-06-11,357.0202941894531,6906.919921875,1.1783976554870605,1298.9000244140625,93.7795181274414,25322.310546875,359.32059297602666,6910.18017578125,1.1820330619812012,1302.0,94.28065923220367,25402.830078125,354.9605846560345,6706.6298828125,1.1776067018508911,1295.199951171875,93.42685435980175,25290.19921875,357.0780403097928,6799.2900390625,1.1786893606185913,1299.300048828125,93.74239525292857,25336.669921875,2468500.0,4745269760,0.0,71.0,23490900.0,276740000.0
2018-06-12,356.71234130859375,6582.35986328125,1.177412509918213,1295.0999755859375,94.02082061767578,25320.73046875,358.74317804378245,6907.9599609375,1.1808466911315918,1298.0999755859375,94.15074715817448,25364.369140625,354.18102834177864,6542.080078125,1.174315333366394,1292.699951171875,93.50111445568098,25247.0390625,357.3090708773314,6905.81982421875,1.1773293018341064,1297.800048828125,93.82593080692773,25346.8203125,2440400.0,4654380032,0.0,153.0,18325200.0,265750000.0
2018-06-13,350.1964416503906,6349.89990234375,1.17482590675354,1296.9000244140625,93.59392547607422,25201.19921875,357.07813019888135,6631.66015625,1.1789672374725342,1299.4000244140625,94.6704678453961,25362.0703125,349.6574581432785,6285.6298828125,1.1733646392822266,1290.9000244140625,93.32478988374376,25191.419921875,356.760526457061,6596.8798828125,1.1747568845748901,1294.0,94.40133225306563,25328.650390625,3867600.0,5052349952,0.0,135.0,29492900.0,329700000.0
2018-06-14,348.8200988769531,6675.35009765625,1.1807769536972046,1304.0,94.12291717529297,25175.310546875,353.8442180604445,6707.14013671875,1.1841607093811035,1307.699951171875,94.68902877026024,25332.5,345.36478880494127,6334.4599609375,1.1628854274749756,1297.199951171875,93.73313751069898,25138.599609375,352.41011076292176,6342.75,1.1806375980377197,1297.199951171875,94.3363719899799,25254.650390625,4039500.0,5138710016,0.0,42.0,25691800.0,341170000.0
2018-06-15,344.45037841796875,6456.580078125,1.1566576957702637,1274.5999755859375,92.92572021484375,25090.48046875,348.0885308494649,6681.080078125,1.1626555919647217,1307.699951171875,94.22499269724399,25130.8203125,340.2058623524914,6433.8701171875,1.1545344591140747,1274.0,92.8700394348938,24894.380859375,344.7102359586504,6674.080078125,1.156336784362793,1297.199951171875,94.20643479741581,25116.7109375,9946000.0,3955389952,0.0,589.0,65738600.0,659370000.0
2018-06-16,,6550.16015625,,,,,,6592.490234375,,,,,,6402.2900390625,,,,,,6455.4501953125,,,,,,3194170112,,,,
2018-06-17,,6499.27001953125,,,,,,6589.10986328125,,,,,,6499.27001953125,,,,,,6545.52978515625,,,,,,3104019968,,,,
2018-06-18,341.4282531738281,6734.81982421875,1.159595012664795,1276.199951171875,93.60319519042969,24987.470703125,344.22905797293464,6781.14013671875,1.1623716354370117,1280.699951171875,93.83520786796288,25003.099609375,339.1471929179568,6446.68017578125,1.156644344329834,1276.199951171875,92.26679990208967,24825.76953125,339.93642919242575,6510.06982421875,1.1597026586532593,1280.699951171875,92.81435350290982,24944.279296875,3363200.0,4039200000,0.0,35.0,23586000.0,337070000.0
2018-06-19,328.3193359375,6769.93994140625,1.1630746126174927,1275.5999755859375,93.60319519042969,24700.2109375,334.14232498112403,6822.5,1.164686679840088,1281.800048828125,93.73312172341107,24763.58984375,325.8650374184448,6709.919921875,1.153322696685791,1269.9000244140625,92.3410456582119,24567.75,334.14232498112403,6742.39013671875,1.163007140159607,1278.699951171875,92.48025468082483,24763.58984375,6857300.0,4057029888,0.0,34.0,28653100.0,376380000.0
2018-06-20,329.8304138183594,6776.5498046875,1.1588560342788696,1271.199951171875,94.54052734375,24657.80078125,333.9594379613903,6821.56005859375,1.1600120067596436,1274.4000244140625,95.14375463428733,24804.759765625,327.68408494620076,6611.8798828125,1.1546010971069336,1271.199951171875,93.84448931885467,24628.390625,333.0162023056538,6770.759765625,1.1589365005493164,1274.4000244140625,94.07650199381979,24771.169921875,4540000.0,3888640000,0.0,7.0,26180800.0,359520000.0
2018-06-21,324.9891662597656,6729.740234375,1.1579033136367798,1267.199951171875,93.863037109375,24461.69921875,328.3481931039969,6810.93994140625,1.1628313064575195,1268.9000244140625,95.08806361804957,24639.2109375,323.58396161430505,6715.169921875,1.151410460472107,1260.0,93.62174197086608,24406.630859375,328.3481931039969,6780.08984375,1.1577022075653076,1262.699951171875,94.73540693904744,24639.2109375,4048300.0,3529129984,0.0,46.0,23198200.0,349570000.0
2018-06-22,326.1922912597656,6083.68994140625,1.1605775356292725,1267.4000244140625,93.18557739257812,24580.890625,328.1461136489494,6747.080078125,1.1675995588302612,1270.199951171875,93.51966914204806,24663.1796875,323.9689771400874,6006.60009765625,1.1601735353469849,1267.0,92.46169187407527,24526.970703125,327.6552421721076,6737.8798828125,1.1606987714767456,1268.0999755859375,93.18557739257812,24526.970703125,3192000.0,5079810048,0.0,74.0,38923100.0,473970000.0
2018-06-23,,6162.47998046875,,,,,,6224.81982421875,,,,,,6071.81005859375,,,,,,6090.10009765625,,,,,,3431360000,,,,
2018-06-24,,6173.22998046875,,,,,,6223.77978515625,,,,,,5826.41015625,,,,,,6164.27978515625,,,,,,4566909952,,,,
2018-06-25,318.7715759277344,6249.18017578125,1.1661399602890015,1265.5999755859375,91.31090545654297,24252.80078125,321.32212755649806,6327.3701171875,1.1700011491775513,1271.199951171875,92.90715375233557,24463.73046875,315.30666174696495,6119.68017578125,1.1629935503005981,1265.5999755859375,90.29933361820042,24084.390625,320.0420199836901,6171.97021484375,1.1660583019256592,1270.5999755859375,92.80506761152571,24463.73046875,5006200.0,5500810240,0.0,37.0,35433300.0,439130000.0
2018-06-26,318.8678283691406,6093.669921875,1.1702749729156494,1256.5999755859375,91.95126342773438,24283.109375,321.8515055516971,6290.16015625,1.17205810546875,1267.199951171875,92.87931411130748,24384.2109375,318.07862150744296,6093.669921875,1.1652023792266846,1256.5999755859375,91.64500500284369,24241.220703125,319.91695154775226,6253.5498046875,1.1701792478561401,1267.199951171875,91.70996826747522,24281.890625,3112400.0,3279759872,0.0,89.0,26897200.0,301130000.0
2018-06-27,317.4433898925781,6157.1298828125,1.1650259494781494,1252.800048828125,90.52204895019531,24117.58984375,328.60810148830245,6180.0,1.1671879291534424,1255.5,92.82361028439077,24569.01953125,317.3856437645012,6052.85009765625,1.1583592891693115,1252.300048828125,90.39212244328736,24115.8203125,322.2846361123258,6084.39990234375,1.164808750152588,1255.5,92.41527286859301,24303.109375,4578900.0,3296219904,0.0,1162.0,31298400.0,313790000.0
2018-06-28,322.0921630859375,5903.43994140625,1.1563634872436523,1247.800048828125,91.53365325927734,24216.05078125,324.8737291592756,6170.41015625,1.1596999168395996,1251.699951171875,91.97912078498312,24308.16015625,315.0083631594422,5873.0498046875,1.1528042554855347,1244.800048828125,90.26222811970908,23997.2109375,317.61666145805356,6153.16015625,1.156243085861206,1251.699951171875,90.37358969078595,24064.189453125,3348000.0,3467800064,0.0,378.0,26650700.0,305020000.0
2018-06-29,322.9198913574219,6218.2998046875,1.1562966108322144,1251.300048828125,91.51509094238281,24271.41015625,327.2413932991765,6261.66015625,1.1682379245758057,1253.300048828125,92.72155982759345,24509.51953125,322.77549665657864,5835.75,1.15644371509552,1249.0999755859375,91.2552378484521,24269.7109375,324.53684178081915,5898.1298828125,1.15644371509552,1250.300048828125,91.81206691837018,24323.9296875,3108500.0,3966230016,0.0,48.0,28053200.0,329070000.0
2018-06-30,,6404.0,,,,,,6465.509765625,,,,,,6214.22021484375,,,,,,6214.22021484375,,,,,,4543860224,,,,
2018-07-01,,6385.81982421875,,,,,,6432.85009765625,,,,,,6289.2900390625,,,,,,6411.68017578125,,,,,,4788259840,,,,
2018-07-02,323.4684143066406,6614.18017578125,1.1678558588027954,1239.800048828125,92.81434631347656,24307.1796875,323.7090329296102,6683.85986328125,1.1678422689437866,1249.9000244140625,92.86074459711017,24319.419921875,316.9621067147682,6305.7001953125,1.1592589616775513,1239.800048828125,90.94896254807279,24077.560546875,318.2806920690591,6380.3798828125,1.1678422689437866,1249.9000244140625,91.04176619580446,24161.529296875,2820700.0,4396930048,0.0,29.0,19564500.0,244110000.0
2018-07-03,320.4366455078125,6529.58984375,1.1642121076583862,1251.5999755859375,91.92341613769531,24174.8203125,326.9429828776823,6671.3701171875,1.1675423383712769,1254.0999755859375,93.38973072648396,24444.880859375,319.5415512239389,6447.75,1.1622636318206787,1237.0,91.8213300037306,24150.849609375,325.489636905179,6596.66015625,1.1640766859054565,1238.0999755859375,93.25052879877232,24359.390625,1464400.0,4672309760,0.0,36.0,14670300.0,160960000.0
2018-07-04,,6597.5498046875,1.1659224033355713,,,,,6771.919921875,1.1681833267211914,,,,,6450.4599609375,1.1631423234939575,,,,,6550.8701171875,1.16593599319458,,,,,4176689920,0.0,,,
2018-07-05,320.67724609375,6639.14013671875,1.166235089302063,1257.300048828125,92.58234405517578,24356.740234375,324.6233974087912,6749.5400390625,1.1719757318496704,1257.300048828125,92.7308284921352,24372.80078125,316.7503630669928,6546.64990234375,1.165080189704895,1253.5999755859375,91.90486389773987,24177.439453125,323.53579652680963,6599.7099609375,1.1661807298660278,1255.5,92.3410488795933,24285.8203125,2427900.0,4999240192,0.0,9.0,18977400.0,237670000.0
2018-07-06,322.08251953125,6673.5,1.1695905923843384,1254.300048828125,93.881591796875,24456.48046875,323.4877242460528,6700.93994140625,1.1767336130142212,1255.5,94.13216231598601,24520.2890625,318.04974854124157,6533.5498046875,1.1680742502212524,1254.300048828125,92.49879145661833,24281.470703125,320.35004759936703,6638.68994140625,1.169385552406311,1255.5,92.70296369909723,24352.470703125,2105100.0,4313959936,0.0,7.0,19234600.0,219450000.0
2018-07-07,,6856.93017578125,,,,,,6863.990234375,,,,,,6579.240234375,,,,,,6668.7099609375,,,,,,3961080064,,,,
2018-07-08,,6773.8798828125,,,,,,6885.91015625,,,,,,6747.97998046875,,,,,,6857.7998046875,,,,,,3386210048,,,,
2018-07-09,329.0893249511719,6741.75,1.1752262115478516,1258.0999755859375,94.52195739746094,24776.58984375,330.1672917930916,6838.68017578125,1.179078459739685,1262.300048828125,94.89317907399,24796.51953125,323.88233389119046,6724.33984375,1.1742877960205078,1257.699951171875,93.96512842289962,24518.4296875,324.83517433674564,6775.080078125,1.1751710176467896,1258.199951171875,94.33635009942869,24519.19921875,3128700.0,3718129920,0.0,37.0,18212000.0,240580000.0
2018-07-10,334.13262939453125,6329.9501953125,1.1756960153579712,1253.800048828125,94.7725601196289,24919.66015625,334.9411043977011,6767.740234375,1.1762906312942505,1256.9000244140625,95.13449940290327,24945.380859375,329.91698665684004,6320.72021484375,1.1691941022872925,1249.300048828125,94.53126490395718,24806.970703125,329.91698665684004,6739.2099609375,1.1757513284683228,1256.199951171875,94.66119146305739,24806.970703125,3278300.0,4052430080,0.0,65.0,19293100.0,235040000.0
2018-07-11,327.8188171386719,6394.7099609375,1.1727042198181152,1242.800048828125,94.64262390136719,24700.44921875,331.4666036797095,6444.9599609375,1.1755163669586182,1253.199951171875,94.97671567605167,24815.16015625,326.4617245832084,6330.47021484375,1.1698368787765503,1242.800048828125,93.82593466412636,24663.8203125,328.90641801185546,6330.77001953125,1.1730343103408813,1253.199951171875,93.87234003641167,24789.48046875,3056900.0,3644859904,0.0,30.0,19644600.0,237370000.0
2018-07-12,333.0450744628906,6228.81005859375,1.1676785945892334,1245.0,96.693603515625,24924.890625,333.59369201746256,6397.10009765625,1.169700026512146,1246.699951171875,96.89777580000118,24939.970703125,329.87852490160265,6136.419921875,1.1650530099868774,1240.9000244140625,95.33865035985974,24802.900390625,332.323218534999,6396.77978515625,1.167569637298584,1240.9000244140625,95.37576615659646,24802.900390625,2030700.0,3770170112,0.0,7.0,24335900.0,233150000.0
2018-07-13,337.62646484375,6238.0498046875,1.1665889024734497,1239.5999755859375,97.8443832397461,25019.41015625,338.0595607796481,6310.5498046875,1.1675423383712769,1247.0,98.00215015565422,25043.2109375,333.2087100632306,6192.240234375,1.1614537239074707,1239.5999755859375,96.60079164970232,24890.060546875,333.97867797531154,6235.02978515625,1.16637122631073,1244.699951171875,96.86065178706629,24926.0703125,2272300.0,3805400064,0.0,2.0,24635200.0,255520000.0
2018-07-14,,6276.1201171875,,,,,,6298.18994140625,,,,,,6212.22021484375,,,,,,6247.5,,,,,,2923670016,,,,
2018-07-15,,6359.64013671875,,,,,,6403.4599609375,,,,,,6256.509765625,,,,,,6272.7001953125,,,,,,3285459968,,,,
2018-07-16,342.7372131347656,6741.75,1.1679104566574097,1238.0999755859375,97.36177825927734,25064.359375,342.9681976410825,6741.75,1.1726078987121582,1243.800048828125,98.20630050559583,25072.41015625,339.12793336159496,6357.009765625,1.1676650047302246,1238.0999755859375,96.99983206175436,24979.640625,340.68713752402164,6357.009765625,1.1678968667984009,1242.699951171875,97.816521007295,25025.580078125,2889000.0,4725799936,0.0,2.0,21786900.0,231270000.0
2018-07-17,343.4879455566406,7321.0400390625,1.170946478843689,1225.699951171875,98.32698059082031,25119.890625,345.52838704237746,7387.240234375,1.1745359897613525,1225.699951171875,98.83741136904395,25155.390625,341.7169957884088,6684.169921875,1.1664528846740723,1225.699951171875,96.81426031789559,24989.609375,344.19053322778166,6739.64990234375,1.1710561513900757,1225.699951171875,97.0833959027348,25033.919921875,2730500.0,5961950208,0.0,0.0,25901700.0,250450000.0
2018-07-18,346.71221923828125,7370.77978515625,1.1653246879577637,1226.300048828125,97.55669403076172,25199.2890625,348.28102808883915,7534.990234375,1.166534423828125,1226.699951171875,98.41978148177016,25215.3203125,340.9662449747328,7280.47021484375,1.1603754758834839,1222.199951171875,97.18547232744726,25101.119140625,345.52836496253775,7315.31982421875,1.1657729148864746,1226.699951171875,98.31769533634706,25133.7890625,3090100.0,6103410176,0.0,67.0,29493900.0,252870000.0
2018-07-19,341.99609375,7466.85986328125,1.164564609527588,1222.4000244140625,96.88848876953125,25064.5,345.90376772922303,7494.4599609375,1.1657049655914307,1228.0,97.73301117477426,25154.169921875,341.9287428496297,7295.4599609375,1.157594919204712,1211.699951171875,96.41518095797576,25052.619140625,344.267549126508,7378.2001953125,1.1646188497543335,1227.199951171875,97.3803544785853,25139.150390625,2711700.0,5111629824,0.0,33.0,40171600.0,285760000.0
2018-07-20,341.58221435546875,7354.1298828125,1.1655147075653076,1229.5,98.62394714355469,25058.119140625,343.593782654621,7594.669921875,1.172236680984497,1229.5,100.4150853208148,25124.099609375,339.75351857191146,7323.259765625,1.1628042459487915,1229.5,98.4476223210337,24986.349609375,339.7920257784558,7467.39990234375,1.1654739379882812,1229.5,100.3037237656363,25041.140625,1816700.0,4936869888,0.0,0.0,56004000.0,274080000.0
2018-07-21,,7419.2900390625,,,,,,7437.64013671875,,,,,,7262.41015625,,,,,,7352.72021484375,,,,,,3726609920,,,,
2018-07-22,,7418.490234375,,,,,,7537.9501953125,,,,,,7383.81982421875,,,,,,7417.7998046875,,,,,,3695460096,,,,
2018-07-23,340.01336669921875,7711.10986328125,1.1741912364959717,1224.0,100.20162963867188,25044.2890625,341.67845821047445,7771.5,1.1750881671905518,1224.0,100.35939654958531,25081.44921875,339.16641378547786,7409.10009765625,1.1688660383224487,1222.0,98.49401276380756,24983.330078125,341.67845821047445,7414.7099609375,1.1741775274276733,1222.0,98.65178675518554,25036.900390625,1943700.0,5132480000,0.0,1.0,29707000.0,228820000.0
2018-07-24,344.82574462890625,8424.26953125,1.1694128513336182,1223.9000244140625,99.9139404296875,25241.939453125,345.9807258317486,8424.26953125,1.1716599464416504,1223.9000244140625,100.9904755455054,25286.619140625,341.33198670371195,7705.5,1.1657185554504395,1223.9000244140625,99.54271873853949,25092.4296875,343.3627938947124,7716.509765625,1.169864296913147,1223.9000244140625,100.758462873596,25092.4296875,3182000.0,7277689856,0.0,0.0,26316600.0,274940000.0
2018-07-25,342.5639343261719,8181.39013671875,1.1685519218444824,1231.4000244140625,102.85586547851562,25414.099609375,342.9296499605477,8416.8701171875,1.1713716983795166,1231.4000244140625,103.15284143286216,25432.869140625,332.53493718954144,8086.35986328125,1.1667522192001343,1231.4000244140625,99.8582584651877,25113.55078125,338.3290230608673,8379.66015625,1.168770432472229,1231.4000244140625,100.19235729888571,25183.69921875,7378100.0,5845400064,0.0,0.0,30702100.0,273670000.0
2018-07-26,345.8363952636719,7951.580078125,1.1737502813339233,1225.300048828125,101.73292541503906,25527.0703125,346.6833776478498,8290.330078125,1.174315333366394,1227.800048828125,103.01363289667893,25587.240234375,341.93835534181585,7878.7099609375,1.1650937795639038,1225.300048828125,101.62155677645353,25463.16015625,342.04424282603566,8176.85009765625,1.1739845275878906,1227.800048828125,102.77233771997624,25468.55078125,3191200.0,4899089920,0.0,1.0,31372100.0,297530000.0
2018-07-27,347.1164855957031,8165.009765625,1.1642934083938599,1222.5999755859375,99.9324951171875,25451.060546875,350.8605261794637,8262.66015625,1.1663167476654053,1222.5999755859375,102.25262176173544,25580.220703125,345.98077252880256,7839.759765625,1.1623716354370117,1222.5999755859375,98.50329625449021,25370.0703125,347.51110373706274,7950.39990234375,1.1644561290740967,1222.5999755859375,102.25262176173544,25520.51953125,2914700.0,5195879936,0.0,254428.0,37005300.0,329680000.0
2018-07-28,,8192.150390625,,,,,,8222.849609375,,,,,,8110.77001953125,,,,,,8169.06005859375,,,,,,3988750080,,,,
2018-07-29,,8218.4599609375,,,,,,8272.259765625,,,,,,8141.18017578125,,,,,,8205.8203125,,,,,,4107190016,,,,
2018-07-30,337.88629150390625,8180.47998046875,1.16604483127594,1221.300048828125,97.7886962890625,25306.830078125,348.8488900241019,8235.5,1.1719207763671875,1223.9000244140625,99.79328194459038,25500.16015625,337.31843508051105,7917.5,1.1649445295333862,1218.0999755859375,97.22258484494235,25287.380859375,348.40613061137446,8221.580078125,1.1663167476654053,1222.5,99.47774813270141,25439.3203125,3080400.0,5551400000,0.0,62239.0,34668300.0,296880000.0
2018-07-31,342.9297180175781,7780.43994140625,1.1707408428192139,1223.699951171875,98.44761657714844,25415.189453125,345.54765033186493,8181.52978515625,1.1748120784759521,1228.0999755859375,99.04156843833019,25490.98046875,340.7737841254819,7696.93017578125,1.1692761182785034,1213.0,97.79797686116142,25345.2109375,341.08178307360885,8181.2001953125,1.170864224433899,1220.4000244140625,98.82811366925017,25345.2109375,2728400.0,5287530000,0.0,2722.0,27655200.0,348700000.0
2018-08-01,339.5225524902344,7624.91015625,1.168961763381958,1217.9000244140625,98.63323974609375,25333.8203125,344.4792908524009,7769.0400390625,1.169864296913147,1223.699951171875,98.79100668574907,25488.80078125,337.34735047459867,7504.9501953125,1.166534423828125,1214.4000244140625,97.8351154766464,25278.3203125,340.80263079642725,7769.0400390625,1.168961763381958,1222.9000244140625,98.40122704173035,25461.630859375,2717800.0,4797620000,0.0,1026.0,23628700.0,315880000.0
2018-08-02,336.6062316894531,7567.14990234375,1.1665889024734497,1210.5999755859375,99.83039855957031,25326.16015625,337.56870623014277,7712.77001953125,1.1669973134994507,1219.300048828125,100.31298173586697,25360.48046875,333.0450641399446,7523.43994140625,1.1604158878326416,1205.800048828125,97.29681741273724,25120.0703125,335.5378696756438,7634.18994140625,1.1663848161697388,1214.699951171875,97.81653054159196,25256.44921875,2655900.0,4214110000,0.0,411.0,26104300.0,307700000.0
2018-08-03,335.36468505859375,7434.39013671875,1.1586008071899414,1214.199951171875,100.2666244506836,25462.580078125,337.81898378176066,7562.14013671875,1.1612001657485962,1218.5999755859375,100.2759069426183,25467.900390625,332.69864072764165,7328.64990234375,1.1562163829803467,1205.0999755859375,99.13440117051852,25325.169921875,336.3849058854503,7562.14013671875,1.1585606336593628,1206.5,100.04389420751782,25360.369140625,2285200.0,4627150000,0.0,784.0,18659600.0,239020000.0
2018-08-04,,7032.85009765625,,,,,,7497.490234375,,,,,,6984.06982421875,,,,,,7438.669921875,,,,,,4268390000,,,,
2018-08-05,,7068.47998046875,,,,,,7102.77001953125,,,,,,6940.7001953125,,,,,,7031.080078125,,,,,,3679110000,,,,
2018-08-06,333.5648498535156,6951.7998046875,1.1562297344207764,1208.5999755859375,100.35010528564453,25502.1796875,334.3348178322987,7166.5498046875,1.1570056676864624,1214.4000244140625,100.61924079979698,25540.01953125,330.2443005286729,6890.5400390625,1.1530966758728027,1206.5999755859375,99.82111674554183,25381.380859375,334.3348178322987,7062.93994140625,1.156136155128479,1214.4000244140625,100.34082987790626,25437.4296875,3251100.0,3925900000,0.0,297.0,20265900.0,238990000.0
2018-08-07,337.5976257324219,6753.1201171875,1.1558021306991577,1209.5999755859375,101.04615020751953,25628.91015625,338.906577189075,7146.56005859375,1.1609008312225342,1214.800048828125,101.25032247932135,25692.720703125,332.53499955279864,6748.240234375,1.1552013158798218,1207.800048828125,100.3872351088183,25551.650390625,334.98929822022126,6958.31982421875,1.155748724937439,1207.800048828125,100.74917428866173,25551.650390625,2267400.0,4682800000,0.0,715.0,16080200.0,239910000.0
2018-08-08,334.7294006347656,6305.7998046875,1.1602946519851685,1212.5999755859375,101.61227416992188,25583.75,338.4252994131123,6746.85009765625,1.1629259586334229,1215.199951171875,101.85356934634783,25634.109375,333.2568157357963,6226.22021484375,1.1574609279632568,1205.9000244140625,100.93480109058304,25557.48046875,337.3473326076436,6746.85009765625,1.1603351831436157,1212.0,101.4637897324434,25615.720703125,2333600.0,5064430000,0.0,209.0,15487500.0,217770000.0
2018-08-09,332.4564208984375,6568.22998046875,1.1610760688781738,1211.9000244140625,101.7793197631836,25509.23046875,335.474174902269,6625.72998046875,1.1621150970458984,1215.300048828125,102.23406970945088,25613.310546875,331.8760767782711,6249.06982421875,1.156176209449768,1211.5999755859375,101.7143564966404,25492.689453125,334.72941815053116,6305.56005859375,1.1610087156295776,1214.5,101.8164426412747,25589.7890625,2301800.0,4267040000,0.0,44.0,13677200.0,214970000.0
2018-08-10,328.2876892089844,6184.7099609375,1.1523923873901367,1211.0999755859375,101.15751647949219,25313.140625,329.82558207597395,6591.259765625,1.1539349555969238,1216.4000244140625,101.79787366607422,25401.189453125,325.42469535381997,6124.52001953125,1.1396141052246094,1205.5999755859375,100.58212255238482,25222.880859375,329.82558207597395,6571.419921875,1.1528706550598145,1212.5,101.54729603634027,25401.189453125,2745700.0,4528680000,0.0,75.0,18183700.0,234480000.0
2018-08-11,,6295.72998046875,,,,,,6455.740234375,,,,,,6109.02978515625,,,,,,6185.7900390625,,,,,,4047850000,,,,
2018-08-12,,6322.68994140625,,,,,,6409.85009765625,,,,,,6237.5,,,,,,6283.64990234375,,,,,,5665250000,,,,
2018-08-13,327.27203369140625,6297.56982421875,1.1394712924957275,1191.300048828125,100.42437744140625,25187.69921875,330.9378448330979,6537.0498046875,1.143379807472229,1207.4000244140625,101.6958096018586,25381.390625,326.2854694010087,6225.72021484375,1.1365960836410522,1191.300048828125,100.3222912857257,25153.9296875,328.47141934834076,6341.35986328125,1.1395881175994873,1207.0,101.38026864417348,25327.189453125,1877200.0,4083980000,0.0,78.0,18472500.0,219990000.0
2018-08-14,328.0265197753906,6199.7099609375,1.1402509212493896,1193.0,101.67723083496094,25299.919921875,329.0034023709924,6287.93994140625,1.1431001424789429,1197.5,101.85356273095005,25339.509765625,326.5563107310718,5971.0498046875,1.134751796722412,1192.800048828125,100.26659690844251,25201.869140625,328.00715627689493,6287.66015625,1.139847993850708,1193.0999755859375,100.74918014948531,25215.689453125,2017300.0,5301700000,0.0,92.0,16788300.0,219210000.0
2018-08-15,320.8883361816406,6308.52001953125,1.1345715522766113,1177.5,100.29844665527344,25162.41015625,326.0920399574948,6588.490234375,1.1349449157714844,1188.0999755859375,101.53749874471697,25235.369140625,317.28055650925745,6221.419921875,1.1302244663238525,1174.5999755859375,99.51588033317493,24965.76953125,325.5407115981512,6221.419921875,1.1348161697387695,1187.800048828125,101.07168765776001,25235.369140625,3798600.0,4895450000,0.0,71.0,29982800.0,295810000.0
2018-08-16,334.64239501953125,6334.72998046875,1.134429931640625,1176.199951171875,100.2798080444336,25558.73046875,336.32536652323716,6473.5,1.140836238861084,1180.199951171875,101.41638820905453,25607.33984375,327.21404287888436,6276.41015625,1.1338382959365845,1161.4000244140625,99.96305992391325,25294.970703125,327.94914745178124,6294.22998046875,1.134429931640625,1173.199951171875,100.89468207750905,25294.970703125,5867900.0,4328420000,0.0,123.0,21384300.0,342430000.0
2018-08-17,335.048583984375,6580.6298828125,1.1371389627456665,1176.5,100.22390747070312,25669.3203125,337.07977360255876,6582.5,1.1422044038772583,1181.199951171875,100.52202625912889,25728.16015625,330.47360336586485,6324.97021484375,1.1367381811141968,1174.699951171875,99.39476436827795,25521.66015625,334.66169775175126,6340.91015625,1.137229561805725,1174.699951171875,100.0189494709643,25550.80078125,3069200.0,4992990000,0.0,66.0,18061500.0,284160000.0
2018-08-18,,6423.759765625,,,,,,6617.35009765625,,,,,,6353.72998046875,,,,,,6583.43017578125,,,,,,3984520000,,,,
2018-08-19,,6506.06982421875,,,,,,6537.97998046875,,,,,,6361.5498046875,,,,,,6422.56982421875,,,,,,3311170000,,,,
2018-08-20,339.2463684082031,6308.52978515625,1.1437721252441406,1186.800048828125,99.56245422363281,25758.689453125,341.0550844659957,6536.919921875,1.1449376344680786,1190.0,100.52202382856036,25790.169921875,335.72566523251913,6297.93017578125,1.1395231485366821,1184.4000244140625,99.19912218114011,25716.41015625,337.17651077845267,6500.509765625,1.1437852382659912,1184.800048828125,100.15869178606765,25727.69921875,3018200.0,3665100000,0.0,68.0,17914200.0,248570000.0
2018-08-21,342.1770935058594,6488.759765625,1.149134635925293,1192.5999755859375,98.73329162597656,25822.2890625,342.8348326218003,6500.8701171875,1.1539082527160645,1192.5999755859375,100.00960907405096,25888.8203125,338.1727749343281,6298.240234375,1.1486594676971436,1189.800048828125,98.61217623060998,25784.900390625,339.4978758809161,6301.06982421875,1.1489102840423584,1189.800048828125,99.60901137462277,25786.990234375,2967200.0,3377180000,0.0,22.0,22881900.0,241620000.0
2018-08-22,338.55963134765625,6376.7099609375,1.1576753854751587,1196.300048828125,99.73946380615234,25733.599609375,344.2082529347294,6816.7900390625,1.162520408630371,1196.300048828125,100.00031686752256,25836.16015625,338.3758552234898,6310.10986328125,1.1554415225982666,1194.699951171875,98.54698860690971,25722.4296875,342.7090577297157,6486.25,1.15763521194458,1194.699951171875,98.61220187225227,25825.060546875,2682900.0,4668110000,0.0,17.0,18000600.0,200480000.0
2018-08-23,336.09326171875,6534.8798828125,1.1584800481796265,1187.0,100.20527648925781,25656.98046875,338.8014952871799,6546.5400390625,1.1589634418487549,1190.300048828125,100.7828847828198,25762.560546875,334.13943723524585,6371.33984375,1.154521107673645,1184.9000244140625,99.56246203701572,25608.01953125,337.70852010928536,6371.33984375,1.1586277484893799,1189.300048828125,99.82331510258793,25714.859375,1833400.0,3426180000,0.0,95.0,18167700.0,213270000.0
2018-08-24,337.93096923828125,6719.9599609375,1.154334545135498,1206.300048828125,100.98783874511719,25790.349609375,339.1400072646261,6719.9599609375,1.1636972427368164,1208.0,101.13689458759158,25826.05078125,336.6929154800054,6498.64013671875,1.1539349555969238,1185.300048828125,100.20527247206044,25688.580078125,337.34094333230945,6551.52001953125,1.1542812585830688,1185.300048828125,100.30775147338589,25688.580078125,1954100.0,4097820000,0.0,12.0,17234000.0,200330000.0
2018-08-25,,6763.18994140625,,,,,,6789.6298828125,,,,,,6700.9599609375,,,,,,6719.9501953125,,,,,,3312600000,,,,
2018-08-26,,6707.259765625,,,,,,6774.75,,,,,,6620.75,,,,,,6754.64013671875,,,,,,3295500000,,,,
2018-08-27,342.1481018066406,6884.64013671875,1.164890170097351,1209.0,102.10578155517578,26049.640625,343.3668216615283,6884.64013671875,1.1680878400802612,1211.4000244140625,102.14304729239936,26067.5703125,339.5075814777597,6689.7099609375,1.1597161293029785,1205.199951171875,101.09031686975536,25882.7109375,340.57151139564314,6710.7998046875,1.164442539215088,1210.300048828125,101.79834455386565,25882.7109375,2279500.0,4019000000,0.0,154.0,19662300.0,220510000.0
2018-08-28,339.70098876953125,7096.27978515625,1.1683608293533325,1207.4000244140625,102.72064971923828,26064.01953125,344.0245099432393,7109.56005859375,1.1732999086380005,1217.0,102.94423702215866,26122.240234375,339.12064461193035,6882.33984375,1.1663440465927124,1202.300048828125,102.28278621638972,26037.849609375,343.3668003394723,6891.080078125,1.1683471202850342,1209.699951171875,102.42253094610703,26092.69921875,2475100.0,4659940000,0.0,136.0,19151500.0,211470000.0
2018-08-29,338.7143859863281,7047.16015625,1.1691256761550903,1204.5,104.36030578613281,26124.5703125,340.80360700645707,7113.2998046875,1.1706311702728271,1205.199951171875,104.36962399740587,26167.939453125,337.7664896523957,6970.81982421875,1.1654006242752075,1202.4000244140625,102.72996709126876,26035.30078125,340.7165598203092,7091.7099609375,1.1693034172058105,1205.199951171875,102.89765935562043,26082.529296875,1850100.0,4145880000,0.0,817.0,20818000.0,214960000.0
2018-08-30,335.5321960449219,6978.22998046875,1.1709738969802856,1197.699951171875,104.29509735107422,25986.919921875,339.449496597442,7072.68994140625,1.1717559099197388,1205.5999755859375,104.90997138473396,26104.369140625,334.41988706736447,6834.68994140625,1.1644154787063599,1196.0,103.8199751698422,25934.80078125,338.86915249512117,7043.759765625,1.1709327697753906,1205.4000244140625,104.03424428505357,26099.009765625,3257700.0,4463250000,0.0,493.0,22798700.0,240440000.0
2018-08-31,331.556884765625,7037.580078125,1.1664663553237915,1200.300048828125,104.64911651611328,25964.8203125,334.5166071397525,7057.169921875,1.1689343452453613,1208.199951171875,105.06834363532333,26028.830078125,330.38651484307434,6920.16015625,1.1596487760543823,1199.0999755859375,103.89449775073722,25879.76953125,333.7428051846538,6973.97021484375,1.1665889024734497,1207.0999755859375,104.05287891613271,25964.849609375,3462700.0,4495650000,0.0,191.0,23222700.0,273440000.0
2018-09-01,,7193.25,,,,,,7242.2900390625,,,,,,7038.0498046875,,,,,,7044.81005859375,,,,,,4116050000,,,,
2018-09-02,,7272.72021484375,,,,,,7306.31005859375,,,,,,7132.16015625,,,,,,7189.580078125,,,,,,4329540000,,,,
2018-09-03,,7260.06005859375,1.1601063013076782,,,,,7317.93994140625,1.1627906560897827,,,,,7208.14990234375,1.1590977907180786,,,,,7279.02978515625,1.1598505973815918,,,,,4087760000,0.0,,,
2018-09-04,334.90350341796875,7361.66015625,1.161548137664795,1192.699951171875,104.07149505615234,25952.48046875,334.97121662561,7388.259765625,1.1615750789642334,1193.800048828125,104.30440056127516,25971.76953125,328.1619068038431,7255.43994140625,1.153322696685791,1189.9000244140625,102.68338023577972,25805.94921875,330.4058882647419,7263.0,1.16130530834198,1193.800048828125,103.27029954991292,25916.0703125,2699400.0,4273640000,0.0,26.0,22634600.0,254600000.0
2018-09-05,335.3194274902344,6792.830078125,1.1586545705795288,1194.9000244140625,101.07167053222656,25974.990234375,335.87075590162334,7388.43017578125,1.1632641553878784,1196.0,103.80132332359183,26011.220703125,331.91478711359684,6792.830078125,1.1546810865402222,1192.5,100.70833851457999,25871.0390625,334.4392442854369,7361.4599609375,1.1588022708892822,1192.5,103.41936199301729,25919.83984375,2959000.0,5800460000,0.0,21.0,32872400.0,289210000.0
2018-09-06,339.7590026855469,6529.169921875,1.1635212898254395,1197.9000244140625,101.3045883178711,25995.869140625,341.77085839231694,6755.14013671875,1.165623426437378,1202.0,101.5374938501224,26073.6796875,335.22268987226255,6404.72021484375,1.1607661247253418,1197.9000244140625,100.15869707951379,25880.83984375,336.1609045152932,6755.14013671875,1.1634942293167114,1202.0,100.8480954648181,25973.01953125,3585900.0,5523470000,0.0,7.0,23477600.0,262380000.0
2018-09-07,337.834228515625,6467.06982421875,1.1620069742202759,1193.5999755859375,100.81082916259766,25916.5390625,338.5403173247066,6555.2900390625,1.1650937795639038,1198.300048828125,101.2859584358911,26002.990234375,333.17217096435354,6396.8701171875,1.1563901901245117,1193.0999755859375,99.89784346160071,25818.390625,337.3893108023485,6528.919921875,1.1623852252960205,1198.300048828125,100.82946558539263,25951.01953125,3921900.0,4264680000,0.0,29.0,22498600.0,281350000.0
2018-09-08,,6225.97998046875,,,,,,6534.25,,,,,,6197.52001953125,,,,,,6460.169921875,,,,,,3835060000,,,,
2018-09-09,,6300.85986328125,,,,,,6446.259765625,,,,,,6201.22021484375,,,,,,6223.3798828125,,,,,,3671890000,,,,
2018-09-10,330.6573181152344,6329.7001953125,1.1561094522476196,1193.0,101.90084838867188,25857.0703125,339.2560091806263,6374.97998046875,1.161440134048462,1193.0,102.1430721858015,26039.9609375,330.483223754957,6292.759765625,1.1527643203735352,1193.0,100.95059673487768,25854.130859375,338.0372896236354,6301.56982421875,1.1558955907821655,1193.0,101.39777147511694,25991.91015625,3065500.0,3714100000,0.0,11.0,20727900.0,252170000.0
2018-09-11,333.936279296875,6321.2001953125,1.159595012664795,1195.4000244140625,103.6336441040039,25971.060546875,335.26138015737746,6398.919921875,1.1642799377441406,1196.300048828125,103.95971042907189,26019.919921875,326.2564679344092,6260.2099609375,1.1566845178604126,1190.4000244140625,101.44433351258995,25754.3203125,327.90077134114426,6331.8798828125,1.1593396663665771,1190.4000244140625,101.45365172408125,25841.140625,2731800.0,3849910000,0.0,21.0,24301800.0,265960000.0
2018-09-12,341.8288879394531,6351.7998046875,1.1596084833145142,1204.699951171875,104.07149505615234,25998.919921875,343.40547816229355,6363.8701171875,1.1648223400115967,1205.0,104.20192157040417,26145.720703125,333.31724298947864,6265.08984375,1.1570860147476196,1204.699951171875,102.95355147464763,25929.4296875,333.69447700145906,6317.009765625,1.159595012664795,1205.0,103.81064202764871,25989.0703125,4003800.0,4064230000,0.0,37.0,18891100.0,282770000.0
2018-09-13,343.81170654296875,6517.31005859375,1.1629259586334229,1202.0,105.189453125,26145.990234375,348.60919053527084,6535.41015625,1.1700832843780518,1203.4000244140625,105.95338295108832,26191.640625,342.68971574723014,6354.240234375,1.16096830368042,1200.0,104.45347082425319,26067.080078125,344.68220799142125,6354.240234375,1.1626555919647217,1203.4000244140625,104.45347082425319,26083.939453125,3166500.0,4210910000,0.0,22.0,26055600.0,260800000.0
2018-09-14,348.0094909667969,6512.7099609375,1.1691803932189941,1195.0,105.61803436279297,26154.669921875,350.3888990366044,6596.10009765625,1.1721267700195312,1195.0,105.95341899641365,26211.109375,344.4307561474006,6456.169921875,1.1655691862106323,1195.0,104.75162524389202,26068.2890625,344.7596109458837,6515.41015625,1.1690436601638794,1195.0,105.60871614860493,26169.560546875,2835800.0,4076220000,0.0,1.0,19122300.0,228640000.0
2018-09-15,,6543.2001953125,,,,,,6561.72021484375,,,,,,6493.5498046875,,,,,,6509.39990234375,,,,,,3216300000,,,,
2018-09-16,,6517.18017578125,,,,,,6544.330078125,,,,,,6460.10009765625,,,,,,6536.68017578125,,,,,,3273730000,,,,
2018-09-17,344.2953186035156,6281.2001953125,1.1628988981246948,1199.699951171875,104.47212219238281,26062.119140625,349.4603253026679,6540.2099609375,1.1695905923843384,1199.699951171875,105.92545067863452,26184.470703125,342.9218679905259,6257.52001953125,1.162358283996582,1199.699951171875,104.21126909051343,26030.349609375,347.50653055681784,6514.06005859375,1.162358283996582,1199.699951171875,105.91613957336344,26151.66015625,2554500.0,3910780000,0.0,0.0,20736500.0,230230000.0
2018-09-18,351.6656188964844,6371.2998046875,1.1669156551361084,1196.800048828125,105.46894836425781,26246.9609375,353.8225533335155,6384.18017578125,1.1720443964004517,1198.699951171875,105.9254412519041,26317.33984375,344.4307543329098,6265.7099609375,1.1669156551361084,1196.800048828125,104.08083327700739,26076.2109375,345.59141311246594,6280.91015625,1.1669156551361084,1198.699951171875,104.51869684805547,26076.2109375,3003500.0,4180090000,0.0,2.0,22170900.0,243000000.0
2018-09-19,353.25189208984375,6398.5400390625,1.167992353439331,1202.199951171875,104.06218719482422,26405.759765625,359.06495630891567,6448.4599609375,1.1716461181640625,1202.199951171875,105.57141757689006,26464.41015625,351.28841553508255,6208.33984375,1.165338158607483,1202.199951171875,103.4473202961614,26280.759765625,351.6656200464747,6371.85009765625,1.167883276939392,1202.199951171875,105.31988273373541,26287.83984375,4753400.0,4431340000,0.0,0.0,21728400.0,251330000.0
2018-09-20,355.4184875488281,6519.669921875,1.167460560798645,1206.199951171875,105.80431365966797,26656.98046875,359.5485803994572,6529.259765625,1.1776995658874512,1206.199951171875,106.01858985395492,26697.490234375,353.6871663219785,6395.9501953125,1.1672834157943726,1206.199951171875,104.27645409913004,26519.390625,356.65654132551435,6398.85009765625,1.1674060821533203,1206.199951171875,104.602520388078,26519.390625,4011100.0,4348110000,0.0,0.0,23714500.0,260480000.0
2018-09-21,360.03216552734375,6734.9501953125,1.1775927543640137,1196.199951171875,106.44715881347656,26743.5,360.36102030581196,6794.330078125,1.180163860321045,1196.199951171875,107.406728580566,26769.16015625,354.0546595024571,6496.35986328125,1.1735711097717285,1196.199951171875,105.74844213557101,26680.369140625,357.2948870939472,6513.8701171875,1.1776067018508911,1196.199951171875,106.20493504164283,26726.25,7144000.0,6531940000,0.0,0.0,71229700.0,657620000.0
2018-09-22,,6721.97998046875,,,,,,6814.56005859375,,,,,,6616.7998046875,,,,,,6735.0498046875,,,,,,4509660000,,,,
2018-09-23,,6710.6298828125,,,,,,6766.14990234375,,,,,,6679.419921875,,,,,,6715.31982421875,,,,,,4197500000,,,,
2018-09-24,355.93109130859375,6595.41015625,1.1751019954681396,1199.300048828125,106.82909393310547,26562.05078125,359.70331333273987,6713.56005859375,1.1815024614334106,1199.300048828125,107.04337012230178,26709.939453125,355.2927157278541,6580.89990234375,1.172525405883789,1199.300048828125,104.54662285698342,26548.6796875,358.8424641425289,6704.77001953125,1.1751019954681396,1199.300048828125,105.30123440886562,26705.25,2800200.0,4177310000,0.0,0.0,27334500.0,254850000.0
2018-09-25,355.196044921875,6446.47021484375,1.175295352935791,1200.0,106.6241455078125,26492.2109375,358.3201803502227,6603.64013671875,1.1792453527450562,1202.800048828125,107.22970128870917,26634.849609375,354.8575083645458,6381.85986328125,1.1732544898986816,1200.0,105.97201288697764,26475.580078125,356.9853976209154,6603.64013671875,1.1753228902816772,1202.0999755859375,106.95021892594242,26601.580078125,2969200.0,4726180000,0.0,21.0,22668000.0,234110000.0
2018-09-26,353.0680847167969,6495.0,1.1763184070587158,1194.0,106.18629455566406,26385.279296875,356.48240658685376,6585.91015625,1.1776995658874512,1194.0,107.19244106415965,26606.08984375,352.3813594502489,6397.89013671875,1.1728966236114502,1194.0,105.96270012469806,26349.33984375,355.45714480270254,6452.7900390625,1.1766090393066406,1194.0,106.64278741372216,26536.859375,2368600.0,4437300000,0.0,17857.0,19352000.0,262620000.0
2018-09-27,355.35076904296875,6676.75,1.1748534440994263,1182.300048828125,106.58689880371094,26439.9296875,356.8789799935832,6712.10009765625,1.1759172677993774,1197.300048828125,107.05270990148215,26557.009765625,352.4587302523181,6464.9501953125,1.1664528846740723,1180.5,106.39125188785934,26379.94921875,356.32765161517017,6495.2900390625,1.1747153997421265,1194.5999755859375,106.93159446712514,26418.26953125,2355900.0,4606810000,0.0,4947.0,19091300.0,226350000.0
2018-09-28,359.7129821777344,6644.1298828125,1.1637378931045532,1191.5,106.54963684082031,26458.310546875,361.9569638044219,6785.02978515625,1.1653001308441162,1191.9000244140625,106.73595844344976,26515.759765625,354.21912055448934,6598.31982421875,1.1570591926574707,1180.0,105.90681522863571,26383.5703125,356.55014937563504,6678.75,1.1636837720870972,1181.699951171875,106.38194455536839,26407.66015625,3600500.0,5014430000,0.0,404.0,21647800.0,264030000.0
2018-09-29,,6601.9599609375,,,,,,6643.10009765625,,,,,,6511.64990234375,,,,,,6643.10009765625,,,,,,4363690000,,,,
2018-09-30,,6625.56005859375,,,,,,6643.77978515625,,,,,,6566.5400390625,,,,,,6604.7099609375,,,,,,4002280000,,,,
2018-10-01,369.7624816894531,6589.6201171875,1.1605371236801147,1187.0999755859375,107.7048568725586,26651.2109375,370.6523170405418,6653.2998046875,1.1621285676956177,1191.5999755859375,107.77007015058267,26737.98046875,362.7113644986912,6549.080078125,1.156510591506958,1185.800048828125,106.8850317905826,26596.05078125,362.8661248896471,6619.85009765625,1.160496711730957,1191.5999755859375,106.90366110956909,26598.359375,4755700.0,4000970000,0.0,180.0,18883100.0,238320000.0
2018-10-02,373.70880126953125,6556.10009765625,1.157755732536316,1202.4000244140625,107.27627563476562,26773.939453125,375.88506964824273,6611.83984375,1.1582117080688477,1206.0,107.91908998699377,26824.779296875,367.32507478847174,6537.89990234375,1.1506686210632324,1190.300048828125,106.61482486206023,26627.66015625,368.36970014006954,6593.240234375,1.157755732536316,1193.0,107.4160203574976,26648.91015625,4622600.0,3979260000,0.0,451.0,20787200.0,258290000.0
2018-10-03,379.4444580078125,6502.58984375,1.1551746129989624,1198.300048828125,107.29492950439453,26828.390625,381.3595847448372,6571.4599609375,1.159326195716858,1202.5999755859375,108.23586993791932,26951.810546875,374.01830986253447,6454.02978515625,1.1516358852386475,1196.5999755859375,107.07134216147747,26789.080078125,376.15588069089904,6553.85986328125,1.155041217803955,1202.5999755859375,107.5278350596829,26833.470703125,4794300.0,3887310000,0.0,76.0,16648000.0,280130000.0
2018-10-04,377.2101745605469,6576.68994140625,1.147631287574768,1197.199951171875,105.07765197753906,26627.48046875,378.27413390492757,6603.31005859375,1.153599500656128,1204.5999755859375,106.91294855510894,26793.8203125,372.6642093873266,6497.91015625,1.1464602947235107,1197.199951171875,103.99696698675618,26471.609375,377.9355973611434,6497.91015625,1.147736668586731,1199.300048828125,106.77320382592671,26784.080078125,3822300.0,3838410000,0.0,496.0,34821700.0,289600000.0
2018-10-05,373.8055114746094,6622.47998046875,1.1518083810806274,1201.199951171875,104.4627914428711,26447.05078125,379.5315280872858,6623.6201171875,1.1542545557022095,1205.300048828125,105.43167935333447,26676.16015625,370.47823673653875,6557.41015625,1.1487782001495361,1196.9000244140625,103.07467639867372,26301.810546875,376.25260305930686,6574.14990234375,1.1517553329467773,1197.0999755859375,104.92860252822581,26632.76953125,2899700.0,3671500000,0.0,34.0,29068900.0,267100000.0
2018-10-06,,6588.31005859375,,,,,,6628.5400390625,,,,,,6577.7998046875,,,,,,6622.4501953125,,,,,,3259740000,,,,
2018-10-07,,6602.9501953125,,,,,,6641.490234375,,,,,,6557.0400390625,,,,,,6590.68017578125,,,,,,3306630000,,,,
2018-10-08,373.12847900390625,6652.22998046875,1.1522595882415771,1184.4000244140625,103.27030944824219,26486.779296875,374.0570414858749,6675.06005859375,1.1531364917755127,1201.0,104.36962382209823,26529.349609375,364.98441516799664,6576.0400390625,1.146092414855957,1183.699951171875,101.8635580723057,26223.08984375,371.2617313249482,6600.18994140625,1.1523923873901367,1201.0,104.02492819041348,26399.44921875,3324000.0,3979460000,0.0,250.0,29640600.0,273020000.0
2018-10-09,372.8092956542969,6642.64013671875,1.1494120359420776,1187.199951171875,104.58389282226562,26430.5703125,374.14407835744674,6661.41015625,1.150483250617981,1189.0999755859375,105.34782261529837,26539.939453125,368.65021665298735,6606.93994140625,1.1433275938034058,1185.5999755859375,103.22372548870547,26324.16015625,371.774352020112,6653.080078125,1.1494648456573486,1185.5999755859375,103.54047357248659,26469.189453125,2862700.0,3580810000,0.0,9.0,26198600.0,282560000.0
2018-10-10,355.4281921386719,6585.52978515625,1.1506949663162231,1189.300048828125,98.9010009765625,25598.740234375,371.22305317698334,6640.2900390625,1.1541999578475952,1192.0,103.87585934892579,26487.869140625,355.06063982677364,6538.9599609375,1.1480661630630493,1189.300048828125,98.55629825671792,25567.099609375,370.410583101092,6640.2900390625,1.1504037380218506,1189.300048828125,103.63363562396168,26441.73046875,6033100.0,3787650000,0.0,1078.0,61376300.0,438200000.0
2018-10-11,346.3748474121094,6256.240234375,1.1533360481262207,1223.5,98.6680908203125,25052.830078125,357.73015182391083,6586.740234375,1.1597565412521362,1224.5999755859375,101.4815861725152,25683.640625,343.46350412261035,6243.740234375,1.1532163619995117,1196.300048828125,97.07501092310582,24899.76953125,351.53020172144574,6586.740234375,1.1532163619995117,1198.0999755859375,98.14637765972611,25518.390625,6266800.0,5181640000,0.0,126.0,63904300.0,522880000.0
2018-10-12,348.3092956542969,6274.580078125,1.1590440273284912,1218.0999755859375,102.07785034179688,25339.990234375,355.08958962923595,6328.5,1.1609547138214111,1221.5999755859375,103.63365780401709,25467.55078125,340.7165612718498,6236.47021484375,1.1536953449249268,1216.0,99.79537865687327,25000.830078125,354.015978144645,6239.25,1.1590440273284912,1221.5999755859375,101.55614415272034,25407.630859375,5509700.0,3783500000,0.0,122.0,47742100.0,397510000.0
2018-10-13,,6285.990234375,,,,,,6308.509765625,,,,,,6259.81005859375,,,,,,6278.080078125,,,,,,3064030000,,,,
2018-10-14,,6290.93017578125,,,,,,6363.2099609375,,,,,,6280.14990234375,,,,,,6288.490234375,,,,,,3085320000,,,,
2018-10-15,347.11962890625,6596.5400390625,1.1551345586776733,1226.4000244140625,100.24254608154297,25250.55078125,350.6693477218238,6965.06005859375,1.1605640649795532,1232.300048828125,101.99400034521736,25482.419921875,343.850385636466,6258.68017578125,1.1543611288070679,1222.4000244140625,99.63699023735157,25243.880859375,347.68060951535693,6292.64013671875,1.1550945043563843,1222.4000244140625,101.46297598197236,25332.4609375,2979800.0,7370770000,0.0,136.0,32068100.0,287320000.0
2018-10-16,356.1825866699219,6596.10986328125,1.1583458185195923,1227.300048828125,103.41007232666016,25798.419921875,356.4921074750639,6673.58984375,1.1620069742202759,1230.5,103.79204087038022,25817.6796875,346.8004401970632,6571.3701171875,1.156711220741272,1227.0999755859375,101.50024382348765,25351.529296875,348.63820152913866,6601.41015625,1.1583324670791626,1227.0999755859375,102.04990466069462,25351.529296875,2822500.0,4074800000,0.0,426.0,31610200.0,305800000.0
2018-10-17,353.5227355957031,6544.43017578125,1.1575279235839844,1223.699951171875,103.13987731933594,25706.6796875,356.4244269959415,6601.2099609375,1.1582117080688477,1225.9000244140625,104.1646601628959,25810.08984375,350.8145020958266,6517.4501953125,1.1521799564361572,1223.699951171875,102.05919942669286,25479.16015625,355.9408117625684,6590.52001953125,1.15763521194458,1225.9000244140625,104.04355185397839,25705.869140625,2238200.0,4088420000,0.0,1.0,26548200.0,298210000.0
2018-10-18,347.5742492675781,6476.7099609375,1.1500862836837769,1226.5,101.08099365234375,25379.44921875,355.70866045318195,6567.5400390625,1.1527377367019653,1226.5,102.97218529957298,25691.4609375,345.0691260799948,6450.0400390625,1.1482902765274048,1226.5,100.4568085771157,25236.009765625,352.865000722946,6542.330078125,1.1500862836837769,1226.5,102.57158752890037,25645.560546875,3254900.0,3924080000,0.0,165.0,32506200.0,328020000.0
2018-10-19,344.5855407714844,6465.41015625,1.1460003852844238,1225.300048828125,101.23005676269531,25444.33984375,348.0772286411492,6493.68017578125,1.151450276374817,1225.300048828125,103.27962245791507,25608.7109375,342.6027005739669,6445.31005859375,1.1433666944503784,1225.300048828125,100.81082256977835,25350.01953125,348.0095154232392,6478.06982421875,1.145514726638794,1225.300048828125,101.48159159227566,25421.08984375,3491600.0,3578870000,0.0,55.0,32785500.0,350810000.0
2018-10-20,,6489.18994140625,,,,,,6497.72021484375,,,,,,6449.0,,,,,,6460.919921875,,,,,,3379130000,,,,
2018-10-21,,6482.35009765625,,,,,,6556.3798828125,,,,,,6476.0,,,,,,6490.08984375,,,,,,3253610000,,,,
2018-10-22,344.314697265625,6487.16015625,1.1509466171264648,1221.199951171875,102.13372802734375,25317.41015625,347.0035966660163,6543.7998046875,1.1551998853683472,1224.5,102.9815075480795,25561.33984375,340.9100272789218,6462.97998046875,1.1462368965148926,1219.5999755859375,100.83877387996415,25236.05078125,346.12341343729605,6486.0498046875,1.1511188745498657,1224.5,101.84492745148158,25492.140625,2263500.0,3672860000,0.0,18.0,26545600.0,314940000.0
2018-10-23,338.5789794921875,6475.740234375,1.1467890739440918,1233.4000244140625,100.70833587646484,25191.4296875,341.9739675393112,6506.009765625,1.1489763259887695,1237.800048828125,101.51884956798173,25307.69921875,331.5955750342968,6451.27001953125,1.1439945697784424,1224.800048828125,97.92278811157287,24768.7890625,338.04701459525785,6472.35986328125,1.1464734077453613,1224.800048828125,100.40089891336757,25038.4609375,4389600.0,3716150000,0.0,33.0,43770400.0,436430000.0
2018-10-24,343.02825927734375,6495.83984375,1.147315263748169,1227.800048828125,95.32357025146484,24583.419921875,352.6522136715527,6521.990234375,1.1475785970687866,1231.5999755859375,101.07167673761663,25306.23046875,340.16526552636225,6468.85986328125,1.138407588005066,1227.800048828125,94.64348301059296,24533.189453125,349.74084068951476,6478.89013671875,1.1472625732421875,1231.5999755859375,100.99715237361737,25172.880859375,8442600.0,3424670000,0.0,36.0,63897800.0,496400000.0
2018-10-25,351.8493957519531,6476.2900390625,1.1399258375167847,1229.0999755859375,100.89466094970703,24984.55078125,352.4491034011039,6504.64990234375,1.143079161643982,1238.5999755859375,101.798328278984,25104.2890625,343.3377799477581,6447.02978515625,1.1366219520568848,1229.0999755859375,98.89167231736845,24645.560546875,345.5914138161942,6484.64990234375,1.1398738622665405,1238.5999755859375,99.2643225223147,24736.5390625,4003500.0,3230550000,0.0,7.0,61646800.0,439670000.0
2018-10-26,347.4968566894531,6474.75,1.1377859115600586,1232.5,99.64628601074219,24688.310546875,351.39479403766484,6498.2900390625,1.139847993850708,1234.800048828125,101.31389020590736,24916.16015625,342.51562601134583,6449.60986328125,1.133619785308838,1232.5,97.59672050023607,24445.189453125,348.88001860077685,6468.43994140625,1.1375141143798828,1234.300048828125,98.46312922492609,24770.25,4073000.0,3306050000,0.0,20.0,55523100.0,505310000.0
2018-10-27,,6480.3798828125,,,,,,6507.41015625,,,,,,6453.52978515625,,,,,,6480.83984375,,,,,,3393250000,,,,
2018-10-28,,6486.39013671875,,,,,,6502.27978515625,,,,,,6447.91015625,,,,,,6482.66015625,,,,,,3445190000,,,,
2018-10-29,324.5928649902344,6332.6298828125,1.1398738622665405,1224.5,96.74895477294922,24442.919921875,349.8569197628395,6503.60009765625,1.1415785551071167,1224.5,101.26732058822215,25040.580078125,317.8609492854626,6306.990234375,1.1364411115646362,1224.5,94.6807525499976,24122.23046875,348.7349288924557,6492.35009765625,1.1398738622665405,1224.5,100.71766695462088,24818.98046875,7462000.0,4199910000,0.0,214.0,55162000.0,443850000.0
2018-10-30,338.44354248046875,6334.27001953125,1.137617588043213,1222.5999755859375,96.63717651367188,24874.640625,339.5461696233959,6364.990234375,1.1387057304382324,1227.699951171875,97.24272527366979,24906.6796875,318.96351095268244,6310.14013671875,1.1347389221191406,1219.800048828125,93.26470150084772,24415.689453125,319.52452103107817,6337.0400390625,1.1375141143798828,1227.699951171875,96.57196324223918,24482.0390625,5774000.0,3781100000,0.0,72.0,65350900.0,470050000.0
2018-10-31,343.2313537597656,6317.60986328125,1.1346358060836792,1212.300048828125,99.5065689086914,25115.759765625,351.5011911055921,6349.16015625,1.1360150575637817,1216.5999755859375,100.74562819036518,25336.55078125,340.9583860120365,6316.8798828125,1.1311705112457275,1212.0,98.18366703734871,25008.8203125,340.9583860120365,6336.990234375,1.1345844268798828,1216.0,98.23025099230718,25008.8203125,4175600.0,4191240000,0.0,121.0,51062400.0,448930000.0
2018-11-01,351.17230224609375,6377.77978515625,1.1316697597503662,1236.0,98.67740631103516,25380.740234375,352.6231476553615,6547.14013671875,1.1413179636001587,1236.0,99.98167860893372,25396.470703125,341.6257441759162,6311.830078125,1.1313753128051758,1215.4000244140625,98.3140742783815,25108.109375,345.75580681465584,6318.14013671875,1.1313880681991577,1215.4000244140625,99.73014378160126,25142.080078125,3760700.0,3789400000,0.0,14.0,33384200.0,383970000.0
2018-11-02,346.02667236328125,6388.43994140625,1.1403288841247559,1230.9000244140625,98.9010009765625,25270.830078125,359.3647877194253,6396.85986328125,1.1455409526824951,1233.300048828125,99.98167886660374,25578.98046875,345.0691237218475,6327.3798828125,1.1375658512115479,1230.9000244140625,97.80168666506358,25078.720703125,354.9445377485651,6378.919921875,1.1402769088745117,1233.300048828125,99.19911975047515,25443.599609375,4029800.0,4234870000,0.0,18.0,37680200.0,429480000.0
2018-11-03,,6361.259765625,,,,,,6400.06982421875,,,,,,6342.3701171875,,,,,,6387.240234375,,,,,,3658640000,,,,
2018-11-04,,6376.1298828125,,,,,,6388.6298828125,,,,,,6294.56982421875,,,,,,6365.47021484375,,,,,,4390020000,,,,
2018-11-05,350.11810302734375,6419.66015625,1.1397570371627808,1229.800048828125,100.15869903564453,25461.69921875,351.3851726065052,6480.58984375,1.1406410932540894,1231.5,100.37296814918133,25507.349609375,344.79833533795295,6363.6201171875,1.135524868965149,1226.699951171875,98.65878681003531,25261.470703125,347.97085016110657,6363.6201171875,1.1397050619125366,1230.5999755859375,99.09665035645342,25261.470703125,2253900.0,4174800000,0.0,15.0,27922100.0,334740000.0
2018-11-06,354.4609375,6461.009765625,1.141291856765747,1223.800048828125,100.3543472290039,25635.009765625,356.36638263122654,6463.5498046875,1.1438113451004028,1233.800048828125,101.39775957222082,25651.859375,350.2437974685033,6408.16015625,1.1393284797668457,1223.800048828125,99.01280895033814,25444.900390625,350.5339843085431,6433.3798828125,1.140862226486206,1230.699951171875,100.03759197644627,25452.830078125,2471900.0,4700040000,0.0,4.0,24340200.0,265450000.0
2018-11-07,359.8289794921875,6530.14013671875,1.1438506841659546,1226.199951171875,104.3044204711914,26180.30078125,360.63179711279815,6552.16015625,1.149993658065796,1228.5999755859375,104.5652735494874,26200.140625,347.71926764044775,6468.31005859375,1.1400558948516846,1226.199951171875,101.91946991795567,25765.880859375,355.59253588005055,6468.5,1.144099235534668,1228.5999755859375,101.95673565881414,25788.4609375,4015300.0,4941260000,0.0,1.0,37901700.0,361780000.0
2018-11-08,360.2760314941406,6453.72021484375,1.1434059143066406,1222.9000244140625,104.10877227783203,26191.220703125,363.1231258102083,6536.919921875,1.144426703453064,1222.9000244140625,104.53731760162061,26277.8203125,355.2037727355707,6438.52978515625,1.1405109167099,1222.9000244140625,103.32621310596923,26081.900390625,358.876785653581,6522.27001953125,1.1433275938034058,1222.9000244140625,104.1553562270817,26139.58984375,2751800.0,4665260000,0.0,2.0,25644100.0,295650000.0
2018-11-09,358.886474609375,6385.6201171875,1.1368415355682373,1206.4000244140625,102.07785034179688,25989.30078125,360.49949477518464,6456.4599609375,1.1369191408157349,1207.9000244140625,103.8292976249208,26161.490234375,355.7576098836635,6373.3701171875,1.132502794265747,1206.4000244140625,101.32323858863778,25882.91015625,357.41920302551137,6442.60009765625,1.1368545293807983,1207.9000244140625,103.2703256926654,26149.109375,2590300.0,4346820000,0.0,14.0,32039200.0,324450000.0
2018-11-10,,6409.22021484375,,,,,,6437.27978515625,,,,,,6385.31005859375,,,,,,6386.1298828125,,,,,,3705320000,,,,
2018-11-11,,6411.27001953125,,,,,,6423.25,,,,,,6350.169921875,,,,,,6413.6298828125,,,,,,3939060000,,,,
2018-11-12,346.9249267578125,6371.27001953125,1.132502794265747,1201.300048828125,99.56245422363281,25387.1796875,359.9942613116869,6434.2099609375,1.1332728862762451,1201.5999755859375,102.44116303841544,25966.7109375,345.9143537261117,6360.47021484375,1.1241639852523804,1201.300048828125,98.84510124189215,25340.509765625,359.7318841825314,6411.759765625,1.1324771642684937,1201.5999755859375,101.93808626241497,25959.330078125,3088700.0,4295770000,0.0,1.0,33621800.0,346910000.0
2018-11-13,339.61773681640625,6359.490234375,1.1233429908752441,1199.199951171875,99.62769317626953,25286.490234375,345.32159193105497,6395.27001953125,1.1291906833648682,1201.300048828125,101.30460908765784,25511.029296875,332.3591609882284,6342.669921875,1.1223218441009521,1196.300048828125,99.34820363718103,25193.779296875,339.6565833352169,6373.18994140625,1.1224100589752197,1196.300048828125,100.19598336009238,25321.2109375,4960000.0,4503800000,0.0,5.0,35374600.0,339690000.0
2018-11-14,334.96331787109375,5738.35009765625,1.1311193704605103,1207.9000244140625,98.21483612060547,25080.5,345.7783078637442,6371.5498046875,1.1339668035507202,1207.9000244140625,101.29311464777986,25501.2890625,334.1568225849193,5544.08984375,1.126481294631958,1207.9000244140625,97.74701276641638,24935.8203125,342.1247184524495,6351.240234375,1.1316057443618774,1207.9000244140625,101.14340774799876,25388.080078125,3445800.0,7398940000,0.0,0.0,39495100.0,384240000.0
2018-11-15,331.9024963378906,5648.02978515625,1.131183385848999,1212.800048828125,100.37619018554688,25289.26953125,338.13107663290964,5774.81982421875,1.1351124048233032,1212.800048828125,100.86273053177877,25354.560546875,326.98571270598705,5358.3798828125,1.1274974346160889,1212.800048828125,97.22306495571645,24787.7890625,331.46522089890743,5736.14990234375,1.1313625574111938,1212.800048828125,98.23355810093122,25061.48046875,4863000.0,7032140000,0.0,0.0,38505200.0,392750000.0
2018-11-16,326.4415283203125,5575.5498046875,1.1324899196624756,1220.800048828125,101.32121276855469,25413.220703125,330.5615129664795,5657.02001953125,1.141422152519226,1223.800048828125,101.87324106275256,25510.23046875,321.78709268032196,5498.93994140625,1.1322592496871948,1216.699951171875,99.92710076095162,25147.80078125,329.40519148541887,5645.31982421875,1.13252854347229,1216.699951171875,100.18908077436213,25242.349609375,4425200.0,5279320000,0.0,5.0,33502100.0,354460000.0
2018-11-17,,5554.330078125,,,,,,5578.580078125,,,,,,5519.56005859375,,,,,,5578.580078125,,,,,,4303150000,,,,
2018-11-18,,5623.5400390625,,,,,,5653.60986328125,,,,,,5559.740234375,,,,,,5559.740234375,,,,,,4159680000,,,,
2018-11-19,311.85638427734375,4871.490234375,1.141396164894104,1223.0999755859375,97.88739013671875,25017.439453125,326.5290124015612,5620.77978515625,1.1462894678115845,1223.0999755859375,101.57383440334958,25392.609375,308.22224760739806,4842.91015625,1.1394453048706055,1223.0999755859375,96.88624814834455,24900.98046875,326.05286078829243,5620.77978515625,1.1412137746810913,1223.0999755859375,101.30249592109975,25392.609375,6782800.0,7039560000,0.0,0.0,44773900.0,358090000.0
2018-11-20,308.70806884765625,4451.8701171875,1.1455016136169434,1219.0,95.16464233398438,24465.640625,313.0612513023103,4951.60986328125,1.1472758054733276,1228.800048828125,96.34355938947311,24707.259765625,288.21495832723787,4272.10986328125,1.1387057304382324,1219.0,92.95651514871555,24368.98046875,293.54959364089524,4863.93017578125,1.1454753875732422,1225.300048828125,95.24885426430026,24618.6796875,6875900.0,8428290000,0.0,12.0,64052500.0,445920000.0
2018-11-21,308.3388671875,4602.169921875,1.1372424364089966,1225.800048828125,96.47454833984375,24464.689453125,317.63801363026033,4675.72998046875,1.1422044038772583,1225.800048828125,97.70960190994444,24669.7890625,306.6383976138094,4343.97998046875,1.1366348266601562,1225.800048828125,95.66053300152458,24463.279296875,315.8695181567014,4465.5400390625,1.137268304824829,1225.800048828125,96.9330133026488,24541.650390625,4401000.0,6120120000,0.0,0.0,28130600.0,289370000.0
2018-11-22,,4365.93994140625,1.1388354301452637,,,,,4629.64013671875,1.1434059143066406,,,,,4365.64013671875,1.1386280059814453,,,,,4611.56982421875,1.1388872861862183,,,,,4569370000,0.0,,,
2018-11-23,303.4803466796875,4347.10986328125,1.1403158903121948,1221.0,96.4371109008789,24285.94921875,308.02788051164623,4396.419921875,1.1419435739517212,1224.800048828125,97.12948750188845,24408.80078125,303.0430712653777,4195.68017578125,1.1332343816757202,1221.0,95.43596915702334,24268.740234375,306.0844869437494,4360.7001953125,1.1402637958526611,1224.800048828125,95.595027392398,24336.400390625,1599400.0,4871490000,0.0,1.0,13823100.0,155940000.0
2018-11-24,,3880.760009765625,,,,,,4413.08984375,,,,,,3795.159912109375,,,,,,4347.68994140625,,,,,,4679500000,,,,
2018-11-25,,4009.969970703125,,,,,,4120.8701171875,,,,,,3585.06005859375,,,,,,3880.780029296875,,,,,,6825640000,,,,
2018-11-26,307.4059753417969,3779.1298828125,1.1337354183197021,1220.199951171875,99.61830139160156,24640.240234375,309.572869810177,4107.14013671875,1.1383557319641113,1222.0,99.76800114576433,24673.2890625,301.8673215555744,3643.919921875,1.132733702659607,1220.199951171875,97.84992976889767,24364.130859375,306.62862978880037,4015.070068359375,1.1338896751403809,1220.199951171875,98.04641471159616,24364.130859375,3362300.0,6476900000,0.0,2.0,32336200.0,306280000.0
2018-11-27,309.02874755859375,3820.719970703125,1.1333370208740234,1211.199951171875,100.24520111083984,24748.73046875,309.54374570217254,3862.9599609375,1.1344943046569824,1222.0,100.42297629339376,24750.73046875,302.1588437224163,3661.010009765625,1.1279425621032715,1211.199951171875,98.57975089034167,24416.029296875,306.3565812250779,3765.949951171875,1.1334270238876343,1221.9000244140625,99.4311857963454,24557.01953125,2946400.0,5998720000,0.0,5.0,29124500.0,308250000.0
2018-11-28,324.0609130859375,4257.419921875,1.1298797130584717,1221.4000244140625,103.96910095214844,25366.4296875,324.55648798947925,4385.89990234375,1.130799651145935,1221.4000244140625,104.1655859726104,25368.9296875,312.62405135645633,3822.469970703125,1.1267732381820679,1211.5,100.91888962359994,24832.83984375,316.5011124615704,3822.469970703125,1.129713773727417,1211.5,100.94695789246302,24832.83984375,6117600.0,7280280000,0.0,247168.0,46788500.0,362160000.0
2018-11-29,332.8644714355469,4278.8466796875,1.1368545293807983,1224.0999755859375,103.0988998413086,25338.83984375,333.5155213744393,4413.0205078125,1.1401468515396118,1228.699951171875,103.96905145389876,25479.0390625,324.60504818891343,4145.76513671875,1.1349579095840454,1220.5,102.01354637252216,25202.7890625,326.46099273573475,4269.00439453125,1.1366606950759888,1221.0,103.22988979258737,25343.650390625,5331900.0,6503347767,0.0,55478.0,28123200.0,305110000.0
2018-11-30,336.9455871582031,4017.2685546875,1.1392766237258911,1220.199951171875,103.7538833618164,25538.4609375,337.7423559861783,4322.9765625,1.1401208639144897,1225.0,103.82873682645403,25549.7109375,327.947665426461,3942.822021484375,1.1314777135849,1216.0999755859375,102.32234475811336,25250.970703125,332.2620015306002,4289.0888671875,1.1392766237258911,1224.0999755859375,103.57610816790687,25307.140625,5374000.0,6048016717,0.0,2060.0,33665600.0,482250000.0
2018-12-01,,4214.671875,,,,,,4309.37744140625,,,,,,3969.710693359375,,,,,,4024.46435546875,,,,,,5375314093,,,,
2018-12-02,,4139.8779296875,,,,,,4301.51953125,,,,,,4110.978515625,,,,,,4200.7333984375,,,,,,5262697895,,,,
2018-12-03,349.77197265625,3894.130859375,1.1342240571975708,1233.9000244140625,104.87665557861328,25826.4296875,358.55612005220104,4155.9794921875,1.1380059719085693,1234.0999755859375,106.12106764491375,25980.2109375,346.2835846944189,3840.4462890625,1.132169485092163,1221.300048828125,103.60418238641863,25670.509765625,353.99885967706285,4147.32373046875,1.1341854333877563,1222.5,105.72809766768809,25779.5703125,6573400.0,5089570994,0.0,751.0,34732800.0,388480000.0
2018-12-04,332.8061828613281,3956.893798828125,1.135486125946045,1241.0999755859375,101.536376953125,25027.0703125,348.1784346873471,4075.627685546875,1.14177405834198,1241.4000244140625,105.39124393492924,25773.119140625,332.0676837400581,3832.75,1.1343270540237427,1230.4000244140625,101.24632875981874,25008.109375,346.89578768319456,3886.294921875,1.135589361190796,1231.0,104.7362940989416,25752.560546875,5199100.0,5028069239,0.0,474.0,45197000.0,418900000.0
2018-12-05,,3753.994873046875,1.1342884302139282,,,,,3969.535888671875,1.1360280513763428,,,,,3753.994873046875,1.1315033435821533,,,,,3958.894775390625,1.1343655586242676,,,,,5302481574,0.0,,,
2018-12-06,322.50616455078125,3521.101806640625,1.13490629196167,1238.0999755859375,102.16329193115234,24947.669921875,324.1872107035131,3874.966064453125,1.1412267684936523,1244.4000244140625,102.21006999522339,24951.009765625,308.3193852273343,3521.101806640625,1.132336139678955,1234.800048828125,98.24292895796405,24242.220703125,320.6502200895802,3754.074462890625,1.1347260475158691,1237.5,99.01015916524184,24737.419921875,9297400.0,5878333109,0.0,434.0,49107400.0,471690000.0
2018-12-07,314.07183837890625,3419.937255859375,1.1374752521514893,1246.800048828125,98.07450103759766,24388.94921875,328.05453979946674,3512.59033203125,1.1410704851150513,1249.800048828125,102.40654331728139,25095.619140625,312.29364629676553,3280.228759765625,1.1361312866210938,1237.5999755859375,97.58796782391285,24284.779296875,322.94343483681024,3512.59033203125,1.137682318687439,1238.300048828125,101.40540148856749,24918.8203125,4526300.0,6835615448,0.0,211.0,45044900.0,398230000.0
2018-12-08,,3476.11474609375,,,,,,3506.04345703125,,,,,,3350.650634765625,,,,,,3421.910400390625,,,,,,5305024497,,,,
2018-12-09,,3614.234375,,,,,,3685.3056640625,,,,,,3469.09423828125,,,,,,3473.2275390625,,,,,,4947372847,,,,
2018-12-10,317.1132507324219,3502.656005859375,1.1400948762893677,1243.699951171875,100.6662368774414,24423.259765625,317.93919892787784,3647.33251953125,1.1445575952529907,1249.5999755859375,101.0311457007445,24500.810546875,306.5800611741361,3470.14453125,1.1362345218658447,1241.699951171875,97.20434653525923,23881.369140625,312.1770144737787,3612.04638671875,1.140380859375,1249.5999755859375,98.05578855893538,24360.94921875,4400500.0,5020968740,0.0,131.0,40801500.0,389690000.0
2018-12-11,312.9154968261719,3424.588134765625,1.1356538534164429,1241.9000244140625,101.6019058227539,24370.240234375,325.02282978085026,3513.18505859375,1.1399389505386353,1248.699951171875,103.81003334684439,24791.259765625,309.7283327374115,3392.25,1.1307612657546997,1241.5,100.52591746740136,24221.060546875,323.81793532468197,3497.5546875,1.135499119758606,1245.800048828125,102.73404499149184,24719.91015625,3566400.0,4696765188,0.0,117.0,42381900.0,342960000.0
2018-12-12,317.4436340332031,3486.9501953125,1.1323105096817017,1244.4000244140625,102.06035614013672,24527.26953125,322.50616612301985,3534.228515625,1.138044834136963,1245.5999755859375,104.10941780778454,24828.2890625,315.47109069007297,3413.4814453125,1.1316184997558594,1244.0999755859375,102.02292941098268,24509.08984375,318.11410720610365,3421.458251953125,1.1322848796844482,1245.300048828125,103.75387458844925,24509.08984375,3424800.0,4139364829,0.0,84.0,36183000.0,344330000.0
2018-12-13,316.2581787109375,3313.67724609375,1.1373459100723267,1242.699951171875,102.40653991699219,24597.380859375,319.4356167727863,3489.739501953125,1.139250636100769,1243.5,103.73516380483767,24740.9609375,314.994984652472,3298.132080078125,1.1333627700805664,1241.0,101.63930982269034,24473.2890625,319.1052433983236,3487.87939453125,1.137268304824829,1243.5,102.52817857018866,24575.859375,2247700.0,4343372456,0.0,194.0,31333400.0,299970000.0
2018-12-14,309.7283630371094,3242.48486328125,1.1363636255264282,1237.0,99.20664978027344,24100.509765625,314.74232221367606,3329.555908203125,1.1366219520568848,1241.699951171875,102.2287927163251,24431.140625,306.62864779236855,3206.542236328125,1.1270780563354492,1234.0999755859375,98.71075801485786,24033.7890625,313.3236531519364,3311.751953125,1.1363248825073242,1241.699951171875,101.28378725221198,24408.0390625,3298400.0,4372763663,0.0,33.0,47043100.0,416940000.0
2018-12-15,,3236.76171875,,,,,,3275.3779296875,,,,,,3191.303466796875,,,,,,3243.99755859375,,,,,,3551763561,,,,
2018-12-16,,3252.839111328125,,,,,,3305.753173828125,,,,,,3233.81982421875,,,,,,3236.274658203125,,,,,,3744248994,,,,
2018-12-17,307.1824951171875,3545.86474609375,1.1305949687957764,1247.4000244140625,96.26871490478516,23592.98046875,317.95860840379737,3597.91796875,1.1353960037231445,1247.4000244140625,98.99145097808008,24088.080078125,305.54032525451424,3253.123046875,1.1304799318313599,1239.300048828125,95.16465120918409,23456.880859375,307.9404173881266,3253.123046875,1.130671739578247,1239.300048828125,98.62654923565783,23986.830078125,4968400.0,5409247918,0.0,10.0,56957300.0,466740000.0
2018-12-18,318.7748718261719,3696.05908203125,1.1349835395812988,1249.199951171875,97.27920532226562,23675.640625,322.69080901415697,3701.349365234375,1.1403002738952637,1249.199951171875,97.78445548403378,23927.76953125,314.05243928623776,3487.169189453125,1.133863925933838,1245.5999755859375,95.92251309017917,23516.01953125,316.248454041122,3544.761474609375,1.1349965333938599,1248.199951171875,97.07336187060982,23769.130859375,5881100.0,5911325473,0.0,31.0,49319200.0,408070000.0
2018-12-19,310.5057373046875,3745.95068359375,1.1375399827957153,1252.0999755859375,97.0172119140625,23323.66015625,324.04149786659303,3949.322998046875,1.1439684629440308,1255.800048828125,100.00192013467023,24057.33984375,307.15340074047725,3687.22998046875,1.1375658512115479,1252.0999755859375,94.82779484946037,23162.640625,320.00893194655987,3706.824951171875,1.1375658512115479,1255.800048828125,96.97978518817669,23693.330078125,4871500.0,6810689119,0.0,268.0,68198200.0,503550000.0
2018-12-20,304.1896667480469,4134.44140625,1.1389521360397339,1263.5999755859375,94.97750854492188,22859.599609375,312.7114665327799,4191.228515625,1.1484880447387695,1263.5999755859375,97.59731529851008,23282.19921875,299.282609844276,3728.974609375,1.1378376483917236,1243.199951171875,92.42318964329434,22644.310546875,308.0278809111542,3742.195068359375,1.138783574104309,1243.199951171875,96.41840547168374,23224.119140625,5368600.0,8927129279,0.0,49.0,70334200.0,576700000.0
2018-12-21,295.9302673339844,3896.543701171875,1.1456853151321411,1253.800048828125,91.90861511230469,22445.369140625,306.0553616793808,4198.4296875,1.147446870803833,1261.300048828125,96.3716485091536,23254.58984375,295.4055723794899,3850.9462890625,1.138783574104309,1253.800048828125,91.18816286865273,22396.33984375,300.34177938865116,4133.70361328125,1.1457772254943848,1260.300048828125,95.08980944944314,22871.740234375,7641700.0,7206015706,0.0,96.0,111242100.0,900510000.0
2018-12-22,,4014.1826171875,,,,,,4014.1826171875,,,,,,3855.739013671875,,,,,,3898.083740234375,,,,,,5605823233,,,,
2018-12-23,,3998.980224609375,,,,,,4085.7236328125,,,,,,3976.40576171875,,,,,,4020.99462890625,,,,,,6151275490,,,,
2018-12-24,285.8343505859375,4078.59912109375,1.1372811794281006,1267.5,88.07244110107422,21792.19921875,294.424147230506,4271.79248046875,1.143837571144104,1268.5,91.66532894878243,22339.869140625,285.8343505859375,4000.331787109375,1.137203574180603,1260.300048828125,87.9320997752578,21792.19921875,292.1406536892054,4000.331787109375,1.137203574180603,1260.300048828125,91.39399048817165,22317.279296875,3435300.0,7240968501,0.0,27.0,43935200.0,308420000.0
2018-12-25,,3815.49072265625,1.140393853187561,,,,,4089.5615234375,1.1422044038772583,,,,,3760.0205078125,1.1370097398757935,,,,,4081.030517578125,1.1405109167099,,,,,6158207293,0.0,,,
2018-12-26,305.0447692871094,3857.297607421875,1.1415525674819946,1269.199951171875,94.08866119384766,22878.44921875,305.20024433355917,3893.359619140625,1.1419435739517212,1277.4000244140625,94.21029987393378,22878.919921875,284.1921642635478,3769.86376953125,1.137617588043213,1269.199951171875,87.91339234551998,21712.529296875,290.15836719516403,3819.666748046875,1.1413440704345703,1269.300048828125,89.01745610464677,21857.73046875,4843400.0,5326547918,0.0,63.0,51634800.0,433080000.0
2018-12-27,308.1639404296875,3654.83349609375,1.1361312866210938,1277.300048828125,94.66874694824219,23138.8203125,308.1639404296875,3874.4169921875,1.1434321403503418,1277.300048828125,94.67810541533933,23138.890625,293.6856342436136,3645.448486328125,1.1359118223190308,1276.699951171875,90.19635622393604,22267.419921875,300.2931903411787,3854.6884765625,1.1363636255264282,1276.699951171875,92.90973347017926,22629.060546875,4341100.0,5130222366,0.0,480.0,49498500.0,407940000.0
2018-12-28,307.42547607421875,3923.918701171875,1.143105387687683,1279.9000244140625,93.92958068847656,23062.400390625,312.42970927787036,3956.135986328125,1.147315263748169,1280.0999755859375,95.81959120202131,23381.880859375,306.2302781880928,3642.632080078125,1.1430922746658325,1273.5,93.11556541124668,22981.330078125,310.6903634892408,3653.1318359375,1.1430922746658325,1273.5,95.52017737630305,23213.609375,3725200.0,5631554348,0.0,805.0,38196300.0,336510000.0
2018-12-29,,3820.40869140625,,,,,,3963.7587890625,,,,,,3820.40869140625,,,,,,3932.49169921875,,,,,,4991655917,,,,
2018-12-30,,3865.95263671875,,,,,,3901.908935546875,,,,,,3797.21923828125,,,,,,3822.384765625,,,,,,4770578575,,,,
2018-12-31,313.37225341796875,3742.700439453125,1.1439945697784424,1278.300048828125,95.03366088867188,23327.4609375,314.4800021290086,3868.742919921875,1.1465917825698853,1281.300048828125,95.81024957417374,23333.1796875,309.7283900061319,3725.867431640625,1.14223051071167,1277.5999755859375,93.97638239985521,23118.30078125,311.42885959832245,3866.839111328125,1.1438899040222168,1278.0,94.77168088354348,23153.939453125,3557700.0,4661840806,0.0,19.0,33173800.0,288830000.0
2019-01-01,,3843.52001953125,1.1493064165115356,,,,,3850.913818359375,1.155001163482666,,,,,3707.231201171875,1.146499752998352,,,,,3746.71337890625,1.1494252681732178,,,,,4324200990,0.0,,,
2019-01-02,314.6451110839844,3943.409423828125,1.14617121219635,1281.0,94.61258697509766,23346.240234375,314.7811628579974,3947.981201171875,1.1497001647949219,1286.0,95.20204176459622,23413.470703125,304.830968326349,3817.409423828125,1.1345715522766113,1277.5999755859375,92.57287709696324,22928.58984375,307.24078685624636,3849.21630859375,1.1461317539215088,1286.0,93.14362209532312,23058.609375,3292200.0,5244856836,0.0,149.0,35329300.0,321570000.0
2019-01-03,302.1005554199219,3836.7412109375,1.1318106651306152,1291.800048828125,91.13201904296875,22686.220703125,310.690352319294,3935.68505859375,1.1409143209457397,1292.0,93.74247502428804,23176.390625,300.6430100933666,3826.222900390625,1.131733775138855,1286.699951171875,90.94488536029598,22638.41015625,310.44742809820144,3931.048583984375,1.131733775138855,1286.800048828125,93.65826308248027,23176.390625,5705600.0,4530215219,0.0,10.0,42579100.0,424240000.0
2019-01-04,317.82257080078125,3857.717529296875,1.1391078233718872,1282.699951171875,95.37047576904297,23433.16015625,319.1440938459237,3865.9345703125,1.14177405834198,1294.199951171875,95.91315261010045,23518.640625,307.133906185601,3783.853759765625,1.1348161697387695,1275.300048828125,92.56353545264427,22894.919921875,307.7266566433448,3832.0400390625,1.1390948295593262,1294.199951171875,93.30269725923947,22894.919921875,4448800.0,4847965467,0.0,34.0,44060600.0,396020000.0
2019-01-05,,3845.194580078125,,,,,,3904.903076171875,,,,,,3836.900146484375,,,,,,3851.973876953125,,,,,,5137609824,,,,
2019-01-06,,4076.632568359375,,,,,,4093.29736328125,,,,,,3826.51318359375,,,,,,3836.51904296875,,,,,,5597027440,,,,
2019-01-07,318.8234558105469,4025.248291015625,1.1410444974899292,1286.800048828125,95.49210357666016,23531.349609375,321.33045042015283,4092.613525390625,1.147446870803833,1286.800048828125,96.62423527042971,23687.740234375,314.1981987284659,4020.89404296875,1.1405240297317505,1286.5999755859375,94.48161052713881,23301.58984375,321.1652488993689,4078.5849609375,1.141291856765747,1286.800048828125,95.09913366082307,23474.259765625,4030300.0,5228625637,0.0,2.0,35656100.0,334200000.0
2019-01-08,330.89190673828125,4030.847900390625,1.1479737758636475,1283.199951171875,96.1844711303711,23787.44921875,331.59152961328897,4109.02099609375,1.1486331224441528,1283.199951171875,97.27917591405527,23864.650390625,323.2349312878725,3996.955322265625,1.1424654722213745,1278.199951171875,95.16461264777412,23581.44921875,324.6536002983097,4028.47216796875,1.1479343175888062,1280.5,96.4090243104665,23680.3203125,4736500.0,5306593305,0.0,54.0,31514400.0,317420000.0
2019-01-09,334.0985107421875,4035.29638671875,1.1456066370010376,1289.300048828125,97.55990600585938,23879.119140625,337.37315399527546,4068.403564453125,1.1540148258209229,1289.300048828125,98.13065122620434,24084.7109375,331.2222964049504,4022.662841796875,1.144164800643921,1279.199951171875,96.59619077300735,23703.16015625,333.2531392377907,4031.552001953125,1.1457247734069824,1279.4000244140625,97.17629446177006,23844.26953125,4213900.0,5115905225,0.0,102.0,32280800.0,324570000.0
2019-01-10,342.6300048828125,3678.924560546875,1.1554949283599854,1284.699951171875,96.9330062866211,24001.919921875,343.46567957633874,4064.066650390625,1.157139539718628,1284.699951171875,97.07335473319617,24014.779296875,333.2920125833411,3659.174560546875,1.151145339012146,1284.699951171875,95.791516057491,23703.25,336.7026779447765,4034.411376953125,1.1555217504501343,1284.699951171875,96.5774630752603,23811.109375,5358100.0,6874143796,0.0,0.0,30067600.0,338150000.0
2019-01-11,342.91180419921875,3687.365478515625,1.151012897491455,1287.0999755859375,96.1844711303711,23995.94921875,344.3304732630758,3713.8818359375,1.1539002656936646,1291.199951171875,96.78328436957014,23996.3203125,338.2379448352681,3653.06982421875,1.1459741592407227,1286.300048828125,95.09911767281226,23798.16015625,338.69464352995385,3674.015380859375,1.1515165567398071,1291.199951171875,96.54937272493248,23940.009765625,3158900.0,5538712865,0.0,11.0,28314200.0,262650000.0
2019-01-12,,3661.301025390625,,,,,,3698.978271484375,,,,,,3653.810791015625,,,,,,3686.97314453125,,,,,,4778170883,,,,
2019-01-13,,3552.953125,,,,,,3674.760009765625,,,,,,3544.92724609375,,,,,,3658.8681640625,,,,,,4681302466,,,,
2019-01-14,340.44366455078125,3706.05224609375,1.146013617515564,1289.0999755859375,95.48275756835938,23909.83984375,342.8243334879572,3727.836181640625,1.148369312286377,1293.9000244140625,96.24998764896328,23964.900390625,337.18850410919197,3552.28515625,1.1451605558395386,1289.0999755859375,94.7435957492478,23765.240234375,338.34482563252516,3557.31103515625,1.1462763547897339,1292.4000244140625,95.34240912247922,23880.529296875,2476400.0,5651384490,0.0,7.0,28437100.0,277560000.0
2019-01-15,342.2704772949219,3630.67529296875,1.1472889184951782,1286.199951171875,98.25227355957031,24065.58984375,343.3199264633185,3720.1533203125,1.1491611003875732,1292.699951171875,98.28970028859682,24099.140625,338.13106901954325,3619.94921875,1.1386150121688843,1286.199951171875,95.32369447440924,23887.9296875,342.03727954809307,3704.21630859375,1.147315263748169,1290.0999755859375,95.91315653355343,23914.109375,2940900.0,5537192302,0.0,3.0,31587600.0,291570000.0
2019-01-16,342.0956115722656,3655.0068359375,1.1416828632354736,1291.5999755859375,98.59845733642578,24207.16015625,344.95240285838565,3685.777099609375,1.14223051071167,1291.5999755859375,99.42183109003462,24288.609375,341.6097631175355,3624.67333984375,1.1378893852233887,1291.5999755859375,98.20548739315899,24119.720703125,342.523160584735,3631.509765625,1.141409158706665,1291.5999755859375,98.48618428887447,24139.91015625,2731100.0,5394457145,0.0,2.0,29853900.0,302830000.0
2019-01-17,348.9266052246094,3678.56396484375,1.1398088932037354,1291.0,99.29083251953125,24370.099609375,353.532438631681,3680.135986328125,1.1407711505889893,1292.699951171875,99.7680072071823,24474.4609375,340.8032340970457,3621.9609375,1.1372424364089966,1288.5,98.01835240895919,24088.900390625,340.822657357937,3651.87109375,1.1398999691009521,1291.5999755859375,98.24290562305485,24147.08984375,4270400.0,5464420383,0.0,10.0,28393000.0,288590000.0
2019-01-18,354.406982421875,3657.83935546875,1.13926362991333,1281.300048828125,100.77851104736328,24706.349609375,356.92367356037835,3682.52001953125,1.1410315036773682,1281.300048828125,100.95628621497116,24750.220703125,351.0934927952124,3637.080810546875,1.1354217529296875,1281.300048828125,99.09435117270229,24459.029296875,353.58103421604324,3677.990478515625,1.1391856670379639,1281.300048828125,100.54459935879218,24534.189453125,4256500.0,5002961727,0.0,3.0,37427600.0,372970000.0
2019-01-19,,3728.568359375,,,,,,3758.533447265625,,,,,,3652.3779296875,,,,,,3652.3779296875,,,,,,5955691380,,,,
2019-01-20,,3601.013671875,,,,,,3743.387939453125,,,,,,3583.01953125,,,,,,3725.446044921875,,,,,,5582489560,,,,
2019-01-21,,3576.032470703125,1.1365574598312378,,,,,3608.8408203125,1.1388224363327026,,,,,3558.537109375,1.1357957124710083,,,,,3600.372802734375,1.1365444660186768,,,,,5004347059,0.0,,,
2019-01-22,347.7702331542969,3604.5771484375,1.136932134628296,1282.5,98.87914276123047,24404.48046875,353.89193998329705,3620.74658203125,1.1375269889831543,1283.300048828125,100.2077593515254,24607.759765625,344.20412297239375,3539.721435546875,1.1336840391159058,1282.5,98.11191275882179,24244.310546875,352.58984034678747,3575.081298828125,1.1369578838348389,1282.5,99.88028443679323,24607.759765625,4336500.0,5313623556,0.0,7.0,32371300.0,338480000.0
2019-01-23,348.460205078125,3585.123046875,1.1364023685455322,1283.0999755859375,99.84285736083984,24575.619140625,351.94862298446475,3623.06787109375,1.1393154859542847,1283.9000244140625,100.15162248153605,24700.98046875,343.6600497562653,3565.31396484375,1.1351640224456787,1278.699951171875,98.56101882663961,24307.169921875,351.6668225852405,3605.55712890625,1.1363766193389893,1281.699951171875,99.29082924058093,24577.25,2924900.0,5433755649,0.0,14.0,25874300.0,318600000.0
2019-01-24,348.1297912597656,3600.865478515625,1.1388224363327026,1279.0999755859375,99.36568450927734,24553.240234375,352.90082596094345,3616.08740234375,1.1393414735794067,1279.0999755859375,100.11420478358741,24626.30078125,346.7985714289157,3569.0927734375,1.131324052810669,1278.5,98.56102771284047,24422.73046875,348.75169142666806,3584.500244140625,1.1387057304382324,1279.0999755859375,99.9832148063459,24579.9609375,2801300.0,5262869046,0.0,1.0,23164800.0,320170000.0
2019-01-25,353.8919677734375,3599.765869140625,1.1313496828079224,1297.4000244140625,100.27326965332031,24737.19921875,356.5544073759155,3612.927734375,1.1411616802215576,1297.4000244140625,100.93757804995484,24860.150390625,350.1314764463743,3575.597412109375,1.1305822134017944,1297.4000244140625,99.36569108068393,24676.75,352.2303449822358,3607.390380859375,1.1309914588928223,1297.4000244140625,100.33876464627248,24687.2109375,3185600.0,5265847539,0.0,0.0,31225600.0,376890000.0
2019-01-26,,3602.46044921875,,,,,,3654.93310546875,,,,,,3593.345947265625,,,,,,3599.71533203125,,,,,,5098183235,,,,
2019-01-27,,3583.9658203125,,,,,,3612.67138671875,,,,,,3567.245849609375,,,,,,3604.687255859375,,,,,,5570752966,,,,
2019-01-28,352.6968078613281,3470.450439453125,1.1413049697875977,1302.4000244140625,98.3177719116211,24528.220703125,352.89115909342985,3586.7509765625,1.1445575952529907,1307.0999755859375,99.62767891865167,24596.98046875,347.38162489014235,3439.23291015625,1.1390948295593262,1298.4000244140625,97.9248019510376,24323.939453125,350.44246404582003,3584.283203125,1.141265869140625,1300.800048828125,99.42183547117871,24596.98046875,3128900.0,6908930483,0.0,54.0,29476700.0,347170000.0
2019-01-29,354.5818786621094,3448.116943359375,1.143000841140747,1308.199951171875,96.31549072265625,24579.9609375,357.37064370058647,3476.0654296875,1.1450556516647339,1308.199951171875,98.21485271952099,24674.869140625,352.1526366907764,3400.81982421875,1.1411746740341187,1308.199951171875,95.59503863793019,24504.0390625,352.7939601296682,3468.8701171875,1.1429747343063354,1308.199951171875,98.13064078955732,24519.619140625,3202700.0,5897159493,0.0,213607.0,31490500.0,330870000.0
2019-01-30,376.7463073730469,3486.181640625,1.1435366868972778,1309.9000244140625,99.53410339355469,25014.859375,380.8760190239658,3495.1748046875,1.1450294256210327,1323.4000244140625,99.53410339355469,25109.619140625,369.73065486462644,3429.387939453125,1.140862226486206,1308.0999755859375,97.61603174856539,24790.900390625,376.4353572612338,3443.89697265625,1.1435105800628662,1310.4000244140625,97.88737017548377,24826.51953125,12705300.0,5955112627,0.0,54958.0,49471900.0,397330000.0
2019-01-31,374.70574951171875,3457.792724609375,1.1487650871276855,1319.699951171875,97.70960998535156,24999.669921875,377.98036328233724,3504.804931640625,1.1513707637786865,1325.4000244140625,98.44877192271318,25049.619140625,371.26593422231775,3447.915771484375,1.1450556516647339,1316.699951171875,96.54005131327679,24842.08984375,376.2021710235339,3485.4091796875,1.1485539674758911,1320.0,97.12015498445695,24954.48046875,6878500.0,5831198271,0.0,1970.0,55636400.0,507350000.0
2019-02-01,376.4645080566406,3487.9453125,1.1449507474899292,1316.9000244140625,96.16577911376953,25063.890625,381.6825154599816,3501.9541015625,1.1488442420959473,1320.699951171875,97.40083263186976,25193.150390625,373.84094432203705,3431.591552734375,1.1435105800628662,1315.4000244140625,95.76345069522982,24982.490234375,375.18186108212245,3460.547119140625,1.145081877708435,1320.300048828125,97.10142593470664,25025.310546875,5625700.0,5422926707,0.0,878.0,35535700.0,372090000.0
2019-02-02,,3521.060791015625,,,,,,3523.287353515625,,,,,,3467.57470703125,,,,,,3484.6259765625,,,,,,5071623601,,,,
2019-02-03,,3464.013427734375,,,,,,3521.38818359375,,,,,,3447.92431640625,,,,,,3516.1396484375,,,,,,5043937584,,,,
2019-02-04,385.7636413574219,3459.154052734375,1.1455278396606445,1314.300048828125,98.9352798461914,25239.369140625,385.8316672524151,3476.223876953125,1.1462632417678833,1318.0999755859375,98.99142350219462,25239.91015625,377.13496876582127,3442.5869140625,1.1425436735153198,1308.300048828125,96.1564080110287,24977.669921875,377.9609170017614,3467.211669921875,1.1457247734069824,1318.0999755859375,96.24997839156146,25062.119140625,4256600.0,5332718886,0.0,675.0,31315100.0,298540000.0
2019-02-05,398.5705871582031,3466.357421875,1.1436283588409424,1314.199951171875,100.32006072998047,25411.51953125,399.1244614523058,3478.148193359375,1.1442956924438477,1315.0999755859375,100.3668387914485,25427.3203125,388.24144540753264,3451.93701171875,1.1403288841247559,1311.0,99.14114364932911,25287.650390625,389.40749343155585,3454.950927734375,1.14357590675354,1311.0999755859375,99.23470691068447,25287.9296875,7230400.0,5227549545,0.0,362.0,27325400.0,310650000.0
2019-02-06,399.4742431640625,3413.767822265625,1.140992522239685,1309.5,99.20664978027344,25390.30078125,402.1658621838474,3469.091796875,1.141096591949463,1313.5,100.1142285079601,25439.0390625,394.17851358262095,3398.5654296875,1.1375399827957153,1305.0,98.73882628257269,25312.060546875,399.86294559345765,3469.091796875,1.1408753395080566,1312.5,100.1142285079601,25371.5703125,5356000.0,5482196038,0.0,358.0,20609800.0,247590000.0
2019-02-07,395.6802673339844,3399.4716796875,1.1365960836410522,1309.4000244140625,98.49553680419922,25169.529296875,400.73893608738354,3427.945556640625,1.1370097398757935,1310.4000244140625,98.79494349864189,25314.259765625,392.86771688802776,3394.218505859375,1.1326054334640503,1302.199951171875,97.57860692552671,25000.51953125,398.3756033423541,3414.929443359375,1.1366348266601562,1302.9000244140625,98.42069048440256,25265.810546875,5211400.0,5004962683,0.0,203.0,29760700.0,295460000.0
2019-02-08,395.4263916015625,3666.7802734375,1.1338768005371094,1313.699951171875,98.86981201171875,25106.330078125,395.4752086039062,3695.614013671875,1.1350995302200317,1314.0,98.97273374783201,25106.390625,388.4829031870104,3391.023681640625,1.132182240486145,1307.800048828125,97.55055351727927,24883.0390625,390.63138774070813,3401.37646484375,1.1339925527572632,1309.5,97.67218505158596,25042.359375,4570900.0,7735623101,0.0,122.0,21461100.0,248210000.0
2019-02-09,,3671.20361328125,,,,,,3679.94140625,,,,,,3646.559326171875,,,,,,3671.5859375,,,,,,6158833645,,,,
2019-02-10,,3690.188232421875,,,,,,3695.0361328125,,,,,,3640.97998046875,,,,,,3673.201416015625,,,,,,6282256903,,,,
2019-02-11,394.4888610839844,3648.4306640625,1.1324259042739868,1307.0,98.47682189941406,25053.109375,400.23111710687937,3695.613037109375,1.133144497871399,1313.4000244140625,99.72123380860805,25196.75,393.2583627491029,3642.287841796875,1.1273448467254639,1304.699951171875,98.21484194767181,25009.099609375,398.5416555294777,3695.613037109375,1.1324259042739868,1313.4000244140625,99.36568346974217,25142.810546875,3046900.0,6277056434,0.0,119.0,18914100.0,241700000.0
2019-02-12,401.10028076171875,3653.528564453125,1.1279042959213257,1309.199951171875,100.01129150390625,25425.759765625,401.57879463977235,3668.5869140625,1.1319899559020996,1312.0,100.24520321705758,25458.98046875,395.90487653242263,3618.556884765625,1.125885248184204,1307.5999755859375,98.69203315371065,25152.029296875,397.4674079295623,3642.751953125,1.128031611442566,1310.0,99.30955636445228,25152.029296875,3263300.0,6480384532,0.0,109.0,25056600.0,278110000.0
2019-02-13,400.9635925292969,3632.070556640625,1.1334655284881592,1310.800048828125,99.93644714355469,25543.26953125,403.05348485129343,3669.74658203125,1.134429931640625,1316.0,100.84402581538083,25625.94921875,398.1217752845353,3617.246337890625,1.1282861232757568,1308.0999755859375,99.84288387745728,25480.859375,402.8581572276786,3653.60400390625,1.1332728862762451,1311.5999755859375,100.58204581494022,25480.859375,3078700.0,6438903823,0.0,143.0,18394900.0,263330000.0
2019-02-14,400.22137451171875,3616.880859375,1.12649405002594,1309.800048828125,100.02066040039062,25439.390625,402.56515675490925,3646.256591796875,1.130825161933899,1311.800048828125,100.38556213988164,25558.900390625,398.24866703309675,3607.69775390625,1.1250618696212769,1301.5999755859375,98.86046018094277,25308.08984375,399.35220541414606,3631.170166015625,1.126405119895935,1305.0,99.46862498781465,25460.650390625,2724300.0,6271044418,0.0,858.0,21784700.0,313010000.0
2019-02-15,408.1805114746094,3620.810791015625,1.1295350790023804,1318.0999755859375,101.2557144165039,25883.25,408.25862464034645,3647.795166015625,1.1298158168792725,1318.800048828125,101.33056788597995,25883.720703125,401.79367982372986,3608.20654296875,1.1234945058822632,1313.5999755859375,100.45105746568585,25564.630859375,402.8191051169447,3617.368408203125,1.1294713020324707,1313.5999755859375,100.96566614530893,25564.630859375,4017300.0,6091952231,0.0,190.0,26606900.0,328530000.0
2019-02-16,,3629.78759765625,,,,,,3652.84130859375,,,,,,3615.270263671875,,,,,,3615.270263671875,,,,,,5934744052,,,,
2019-02-17,,3673.836181640625,,,,,,3680.537353515625,,,,,,3619.18212890625,,,,,,3633.359375,,,,,,7039512503,,,,
2019-02-18,,3915.71435546875,1.1298030614852905,,,,,3936.6650390625,1.1334141492843628,,,,,3669.982421875,1.1294840574264526,,,,,3671.369873046875,1.1294840574264526,,,,,9908216640,0.0,,,
2019-02-19,406.5105285644531,3947.094482421875,1.131196141242981,1340.0999755859375,101.20890045166016,25891.3203125,408.15117310054677,4010.87939453125,1.1341854333877563,1340.0999755859375,101.66737246809627,25961.439453125,404.8308125481267,3908.153076171875,1.1277008056640625,1320.5,100.84399881468788,25820.009765625,405.76831945406485,3911.66162109375,1.131208896636963,1320.9000244140625,100.85335728031781,25849.849609375,3051500.0,9933626655,0.0,390.0,18038500.0,280620000.0
2019-02-20,411.6766357421875,3999.820556640625,1.1343011856079102,1343.300048828125,100.68270874023438,25954.439453125,411.95985183889525,4000.486328125,1.1369578838348389,1344.0,101.42502727453088,25986.19921875,407.3406250182045,3926.246826171875,1.1325926780700684,1338.0,99.87461550891942,25846.48046875,407.3699509825484,3946.68505859375,1.1343011856079102,1342.199951171875,101.3498541439657,25872.259765625,3990100.0,8693373948,0.0,581.0,21607700.0,287880000.0
2019-02-21,407.7995910644531,3954.1181640625,1.1346358060836792,1323.5,102.80631256103516,25850.630859375,412.5164813786678,4010.009521484375,1.1365832090377808,1334.9000244140625,102.87208726411899,25938.880859375,405.9440980836438,3940.108154296875,1.1322592496871948,1320.9000244140625,100.41961921228561,25762.2109375,411.7059046252337,4000.2568359375,1.1346358060836792,1331.300048828125,100.44780734662083,25922.41015625,2880500.0,7775128102,0.0,414.0,29063200.0,255710000.0
2019-02-22,414.1180725097656,4005.526611328125,1.1343011856079102,1329.199951171875,104.27214813232422,26031.810546875,414.52824856477946,4006.538330078125,1.1355764865875244,1331.300048828125,104.48826193162081,26052.900390625,409.32309863116546,3950.81640625,1.131874680519104,1321.0,103.19155762912727,25906.26953125,409.8699801693115,3952.406494140625,1.1339796781539917,1324.199951171875,103.40767859732853,25906.26953125,3132300.0,7826525254,0.0,718.0,27763200.0,279760000.0
2019-02-23,,4142.52685546875,,,,,,4166.2861328125,,,,,,3968.726806640625,,,,,,3998.916259765625,,,,,,8922258316,,,,
2019-02-24,,3810.427490234375,,,,,,4210.6416015625,,,,,,3793.708984375,,,,,,4145.4580078125,,,,,,10794227451,,,,
2019-02-25,416.8720397949219,3882.6962890625,1.1342240571975708,1325.9000244140625,104.85472106933594,26091.94921875,419.85062196062427,3913.707275390625,1.1367511749267578,1331.5999755859375,105.40911396699464,26241.419921875,416.5302313755384,3807.00244140625,1.13379967212677,1325.5999755859375,104.54464443966386,26080.66015625,417.4775136678135,3807.00244140625,1.1340183019638062,1329.199951171875,105.01446577002683,26126.150390625,3276100.0,9318796067,0.0,185.0,23750600.0,281600000.0
2019-02-26,416.77435302734375,3854.35791015625,1.1367511749267578,1325.0999755859375,105.57823181152344,26057.98046875,418.95213358829363,3891.578857421875,1.1378635168075562,1325.5,106.40511463023273,26155.2890625,414.31338618842324,3837.986328125,1.1346487998962402,1323.300048828125,104.46005494313088,25966.009765625,416.0223983883755,3878.697265625,1.1366219520568848,1323.300048828125,104.54462649591098,26051.609375,2503700.0,7931218996,0.0,939.0,21536700.0,257850000.0
2019-02-27,425.2413024902344,3851.04736328125,1.1393154859542847,1317.699951171875,105.39971923828125,25985.16015625,426.11044177206503,3888.802490234375,1.140380859375,1327.9000244140625,105.5782536441448,26039.6796875,417.1454591787965,3787.058837890625,1.1363893747329712,1316.5,104.18757930306504,25877.240234375,417.16500982066736,3857.479736328125,1.1394193172454834,1327.699951171875,104.94869475986418,25995.599609375,4603800.0,8301309684,0.0,604.0,21487100.0,255380000.0
2019-02-28,429.65545654296875,3854.785400390625,1.1380189657211304,1312.800048828125,105.2681884765625,25916.0,431.08128257126214,3906.058349609375,1.1422044038772583,1323.699951171875,106.06688347391623,26029.2109375,426.84290577289005,3845.8212890625,1.1360796689987183,1311.5,104.98629991985852,25896.560546875,428.4249879331667,3848.261962890625,1.1377859115600586,1321.0999755859375,105.27758691245779,25984.279296875,5063100.0,8399767798,0.0,141.0,29083900.0,338520000.0
2019-03-01,430.29998779296875,3859.583740234375,1.1373459100723267,1296.4000244140625,105.73799133300781,26026.3203125,435.5637598939369,3907.79541015625,1.1408882141113281,1312.199951171875,106.19841424631532,26143.919921875,429.8800662161222,3851.6923828125,1.135434627532959,1288.9000244140625,104.92989804170614,25914.369140625,435.5637598939369,3853.757080078125,1.137255311012268,1312.199951171875,106.07626327675757,26019.669921875,5124200.0,7661247975,0.0,110.0,23501200.0,289890000.0
2019-03-02,,3864.4150390625,,,,,,3874.607421875,,,,,,3832.1279296875,,,,,,3855.318115234375,,,,,,7578786076,,,,
2019-03-03,,3847.17578125,,,,,,3875.483642578125,,,,,,3836.90576171875,,,,,,3862.26611328125,,,,,,7253558152,,,,
2019-03-04,422.55572509765625,3761.55712890625,1.1375917196273804,1284.800048828125,105.48428344726562,25819.650390625,434.08911402186396,3867.3818359375,1.1375269889831543,1287.0,106.4145276418749,26155.98046875,416.63766217035675,3733.749755859375,1.1310553550720215,1281.9000244140625,104.11240607038502,25611.55078125,432.8390948181428,3845.091552734375,1.1375269889831543,1285.5,106.1984066830746,26122.189453125,5971000.0,9029175788,0.0,28.0,26608000.0,295510000.0
2019-03-05,420.0458984375,3896.375,1.1337354183197021,1282.0,104.95808410644531,25806.630859375,423.6885466141026,3903.916748046875,1.1339154243469238,1287.0,105.60643984733515,25877.150390625,418.6005814731104,3745.18310546875,1.1293182373046875,1282.0,104.51645807033258,25725.630859375,420.9443636825811,3759.83251953125,1.133825421333313,1287.0,105.4748904461263,25829.0703125,2844300.0,10174126415,0.0,114.0,19538300.0,252260000.0
2019-03-06,414.51849365234375,3903.942626953125,1.1307101249694824,1284.9000244140625,105.00505828857422,25673.4609375,421.88190374301564,3919.510498046875,1.132502794265747,1287.0999755859375,105.86013647723293,25837.609375,412.194232099384,3871.460693359375,1.1291651725769043,1282.5999755859375,104.70437294980606,25633.7109375,419.6357851581005,3897.0810546875,1.1306205987930298,1287.0999755859375,105.11781797895127,25818.759765625,4159400.0,9175291529,0.0,14.0,17687000.0,256250000.0
2019-03-07,412.6629943847656,3911.484375,1.1314009428024292,1283.800048828125,103.72716522216797,25473.23046875,424.17686284860383,3939.373291015625,1.1319899559020996,1284.5999755859375,104.81715428080747,25645.44921875,406.6863389387457,3894.113037109375,1.1208752393722534,1281.0,103.23855413412967,25352.55078125,413.44424523677503,3903.384765625,1.1312474012374878,1281.0,104.67620643096195,25645.44921875,4893600.0,9584165519,0.0,11.0,25339000.0,289140000.0
2019-03-08,412.6434631347656,3901.131591796875,1.1198333501815796,1297.0,103.83993530273438,25450.240234375,413.51260245048974,3950.43212890625,1.1244546175003052,1297.4000244140625,104.02786100868641,25466.140625,405.76834255984363,3875.228515625,1.1186057329177856,1291.5999755859375,102.23314685945408,25252.4609375,407.00858645189385,3913.225830078125,1.1201971769332886,1292.0999755859375,102.57141886529269,25347.380859375,3794900.0,10638638944,0.0,10.0,22818400.0,270500000.0
2019-03-09,,3963.313720703125,,,,,,3987.23779296875,,,,,,3892.390380859375,,,,,,3894.552490234375,,,,,,10796103518,,,,
2019-03-10,,3951.599853515625,,,,,,3966.17431640625,,,,,,3924.381103515625,,,,,,3966.17431640625,,,,,,9713267607,,,,
2019-03-11,390.6411437988281,3905.227294921875,1.1232421398162842,1288.800048828125,106.01986694335938,25650.880859375,393.23884597554195,3966.384765625,1.1257457733154297,1291.0,106.13261945733275,25661.630859375,356.9882299464508,3889.239013671875,1.1222589015960693,1288.800048828125,104.2815297202029,25208.0,362.5742597077945,3953.740234375,1.123103380203247,1291.0,104.29092098376502,25208.0,34742200.0,10125901903,0.0,9.0,26491600.0,309790000.0
2019-03-12,366.6172790527344,3909.15625,1.1259232759475708,1296.300048828125,106.76219940185547,25554.66015625,380.8655534903042,3926.88916015625,1.129433035850525,1296.300048828125,107.10986259076586,25675.439453125,359.3808299600819,3863.55908203125,1.1250239610671997,1294.699951171875,105.85074489348224,25522.169921875,375.6994457148424,3903.75830078125,1.125885248184204,1294.699951171875,106.01048242184132,25600.30078125,36922600.0,9809887079,0.0,1.0,26132700.0,317730000.0
2019-03-13,368.30682373046875,3906.71728515625,1.1287446022033691,1307.5,107.58907318115234,25702.890625,372.828357076652,3926.59765625,1.1313753128051758,1307.5,108.05889446141938,25776.490234375,354.82024744896535,3891.904296875,1.1279042959213257,1307.5,106.91252939054318,25571.310546875,369.5665885167006,3913.04736328125,1.1286808252334595,1307.5,107.24140285294936,25637.23046875,32662300.0,9469184841,0.0,0.0,35513800.0,331410000.0
2019-03-14,364.55670166015625,3924.369140625,1.133105993270874,1293.4000244140625,107.67365264892578,25709.939453125,371.48066868301373,3946.50439453125,1.133594036102295,1293.4000244140625,108.2468352646312,25752.83984375,363.3848254719303,3901.296875,1.1294713020324707,1293.4000244140625,107.42935071058612,25621.310546875,366.20712152617125,3905.576904296875,1.1332857608795166,1293.4000244140625,107.62667481566268,25692.310546875,13514100.0,10480789570,0.0,1.0,30763400.0,302790000.0
2019-03-15,370.1134338378906,3960.9111328125,1.1308379173278809,1301.800048828125,108.91397857666016,25848.869140625,376.6760417992543,3968.54296875,1.1343011856079102,1304.699951171875,110.1730962354195,25927.91015625,357.8671623068624,3914.015380859375,1.1302244663238525,1300.5,107.67364344691507,25649.69921875,362.1933974142755,3926.663330078125,1.1307612657546997,1300.9000244140625,108.37837540577702,25720.9609375,26697700.0,9394210605,0.0,26.0,54681100.0,616910000.0
2019-03-16,,4048.725830078125,,,,,,4077.036376953125,,,,,,3961.657470703125,,,,,,3963.900146484375,,,,,,9856166973,,,,
2019-03-17,,4025.22900390625,,,,,,4054.1220703125,,,,,,4006.4111328125,,,,,,4047.719482421875,,,,,,8221625400,,,,
2019-03-18,363.56060791015625,4032.50732421875,1.1319772005081177,1300.300048828125,110.47378540039062,25914.099609375,364.3321131959298,4071.556640625,1.1359764337539673,1302.199951171875,110.51137196643006,25924.76953125,358.5996027193208,4009.1171875,1.1234692335128784,1297.300048828125,109.045531735414,25785.66015625,361.3340103358745,4029.968505859375,1.1319899559020996,1297.300048828125,109.1582842646279,25801.880859375,13119200.0,9646954186,0.0,8.0,31207600.0,303170000.0
2019-03-19,364.68365478515625,4071.190185546875,1.133619785308838,1305.0,110.54898071289062,25887.380859375,369.8985797221901,4082.216064453125,1.1363636255264282,1306.9000244140625,111.2912994110726,26109.6796875,362.3203518113653,4023.8125,1.1334270238876343,1304.800048828125,109.92881300216673,25814.919921875,362.44731176834216,4032.69189453125,1.13355553150177,1306.9000244140625,110.96241868446732,25987.869140625,9856100.0,9344919956,0.0,20.0,37588700.0,342250000.0
2019-03-20,367.3497619628906,4087.476318359375,1.135486125946045,1300.5,110.42681121826172,25745.669921875,371.88107057993824,4089.4619140625,1.1367511749267578,1300.699951171875,111.58257493825623,25929.51953125,364.927836620952,4031.11083984375,1.1336454153060913,1300.5,109.66570289589042,25670.630859375,365.9239657371638,4070.7939453125,1.1353057622909546,1300.699951171875,110.3046602433457,25867.7890625,8737600.0,10175916388,0.0,2.0,28113300.0,321980000.0
2019-03-21,363.97076416015625,4029.326904296875,1.1427918672561646,1306.0999755859375,112.96382904052734,25962.509765625,368.17003915780987,4097.35986328125,1.1439945697784424,1306.0999755859375,113.52761313940422,26009.900390625,363.51177114203824,4005.1513671875,1.1355119943618774,1306.0999755859375,110.0227432570649,25657.779296875,365.2793755771125,4083.953857421875,1.143000841140747,1306.0999755859375,110.06972825234787,25688.439453125,6951000.0,10831212662,0.0,0.0,29854400.0,335250000.0
2019-03-22,353.6874084472656,4023.96826171875,1.1375011205673218,1311.5999755859375,109.98517608642578,25502.3203125,361.19726884412506,4053.90673828125,1.139211654663086,1311.5999755859375,112.371862131279,25877.009765625,353.0623839726225,4021.54248046875,1.1275609731674194,1311.5999755859375,109.97577765254397,25501.44921875,360.15235261746756,4028.5146484375,1.1373976469039917,1311.5999755859375,112.28729773305633,25844.650390625,10143900.0,9252935969,0.0,0.0,33624500.0,386510000.0
2019-03-23,,4035.826416015625,,,,,,4049.882568359375,,,,,,4015.964599609375,,,,,,4022.71337890625,,,,,,9578850549,,,,
2019-03-24,,4022.168212890625,,,,,,4040.69970703125,,,,,,4006.19287109375,,,,,,4035.16357421875,,,,,,9144851065,,,,
2019-03-25,361.783203125,3963.070556640625,1.129586100578308,1321.9000244140625,110.55836486816406,25516.830078125,362.5156368792578,4038.8408203125,1.1331701278686523,1322.9000244140625,110.88723838338427,25603.26953125,354.3905277488238,3934.03125,1.1290504932403564,1320.699951171875,109.2992399070146,25372.259765625,356.4510937387889,4024.11279296875,1.129611611366272,1320.699951171875,109.52475215046488,25490.720703125,7939600.0,10359818883,0.0,19.0,27067100.0,303120000.0
2019-03-26,361.7051086425781,3985.080810546875,1.131580114364624,1314.300048828125,110.79327392578125,25657.73046875,366.80284902747337,3985.080810546875,1.1328877210617065,1315.5999755859375,111.54498378259086,25796.2890625,358.9902219120972,3944.753173828125,1.1279551982879639,1314.300048828125,109.79724779137383,25544.779296875,366.78329838588826,3969.228759765625,1.1314520835876465,1315.5999755859375,111.46041938087303,25649.560546875,6479700.0,10707678815,0.0,1.0,26097700.0,305110000.0
2019-03-27,365.4454040527344,4087.066162109375,1.127484679222107,1309.9000244140625,109.72206115722656,25625.58984375,367.83803311496547,4087.066162109375,1.1285535097122192,1309.9000244140625,111.07514876949647,25758.169921875,356.98823131640023,3977.810546875,1.1242650747299194,1309.9000244140625,108.54750792960448,25425.26953125,363.17976475700345,3984.244873046875,1.1274465322494507,1309.9000244140625,110.76506499686728,25676.33984375,9600000.0,10897131934,0.0,206263.0,22733400.0,270340000.0
2019-03-28,365.6700439453125,4069.107177734375,1.1251758337020874,1289.800048828125,109.8724136352539,25717.4609375,367.8380493364037,4094.902099609375,1.1262998580932617,1311.0999755859375,110.48318278199572,25743.41015625,363.6094478803536,4040.266357421875,1.121516227722168,1287.699951171875,109.12069665943253,25576.689453125,367.77945701254794,4087.58447265625,1.1251378059387207,1308.4000244140625,110.35163338656264,25693.3203125,4921300.0,9353915899,0.0,87798.0,18334800.0,237170000.0
2019-03-29,372.486572265625,4098.37451171875,1.1230024099349976,1293.0,110.82144927978516,25928.6796875,373.2287516351709,4113.5009765625,1.1246063709259033,1298.5,111.17851088292561,25949.3203125,365.96300545121414,4034.09716796875,1.1210887432098389,1286.0999755859375,109.90059638792269,25771.669921875,367.70131393161824,4068.2998046875,1.1229519844055176,1289.5999755859375,110.94360023559277,25827.310546875,7694700.0,10918665557,0.0,1265.0,25399800.0,300620000.0
2019-03-30,,4106.66015625,,,,,,4296.806640625,,,,,,4053.90966796875,,,,,,4092.13623046875,,,,,,9732688060,,,,
2019-03-31,,4105.404296875,,,,,,4113.0234375,,,,,,4094.100830078125,,,,,,4105.4560546875,,,,,,9045122443,,,,
2019-04-01,382.3695373535156,4158.18310546875,1.1223849058151245,1288.4000244140625,111.83626556396484,26258.419921875,383.69766974953063,4164.953125,1.1250239610671997,1295.9000244140625,111.92083713068484,26280.900390625,374.12721279318197,4096.9013671875,1.1209882497787476,1285.699951171875,110.9717960425189,26071.689453125,376.7639567450857,4105.3623046875,1.1223469972610474,1291.800048828125,111.77049086491796,26075.099609375,7735700.0,10157794171,0.0,675.0,22789100.0,295570000.0
2019-04-02,381.5979919433594,4879.8779296875,1.1205737590789795,1290.0,111.99601745605469,26179.130859375,385.5824185156752,4905.95458984375,1.1214005947113037,1290.9000244140625,112.26851470357877,26221.240234375,379.4006906461807,4155.31689453125,1.1184556484222412,1284.5,111.36645138885525,26122.310546875,379.4006906461807,4156.91943359375,1.1205987930297852,1286.300048828125,111.87385931504787,26213.55078125,6401000.0,21315047816,0.0,525.0,18142300.0,250940000.0
2019-04-03,375.728759765625,4973.02197265625,1.1203854084014893,1289.9000244140625,112.72893524169922,26218.130859375,382.3695106910718,5307.00341796875,1.125499963760376,1293.0999755859375,113.1611700210368,26282.169921875,375.0744689347087,4876.62109375,1.1202473640441895,1287.5,111.95842851872271,26138.470703125,380.55305939046525,4879.9580078125,1.1202850341796875,1291.4000244140625,112.62557397175928,26238.029296875,7350300.0,22899891582,0.0,172.0,22860700.0,271980000.0
2019-04-04,386.5883483886719,4922.798828125,1.1246949434280396,1289.0,112.15574645996094,26384.630859375,387.76025450277547,5063.15966796875,1.124985933303833,1292.5999755859375,112.9732381403075,26398.900390625,376.0803840575344,4836.7939453125,1.1209254264831543,1279.5,111.23489351535545,26212.779296875,376.949523419866,4971.3076171875,1.124530553817749,1290.5999755859375,112.85108000859908,26213.419921875,9388100.0,18251810240,0.0,269.0,20112800.0,233040000.0
2019-04-05,382.7503662109375,5036.68115234375,1.1225864887237549,1290.4000244140625,112.6537857055664,26424.990234375,389.3227495900059,5053.509765625,1.1241512298583984,1292.0,112.97326801655633,26487.5703125,381.7933384501049,4919.49169921875,1.1211642026901245,1283.5999755859375,112.16517455623084,26370.8203125,388.7465719087598,4922.80615234375,1.1224603652954102,1292.0,112.18396425974491,26427.560546875,6857200.0,16837325387,0.0,181.0,15826200.0,229550000.0
2019-04-06,,5059.8173828125,,,,,,5205.82177734375,,,,,,4992.22216796875,,,,,,5036.79296875,,,,,,16929795194,,,,
2019-04-07,,5198.89697265625,,,,,,5235.1865234375,,,,,,5050.412109375,,,,,,5062.7939453125,,,,,,16655416140,,,,
2019-04-08,365.7481689453125,5289.77099609375,1.121956706047058,1297.0999755859375,112.69133758544922,26341.01953125,370.90450223114635,5318.83642578125,1.1274083852767944,1302.0999755859375,112.77590197858588,26344.650390625,363.1504665600099,5148.2119140625,1.1215540170669556,1291.800048828125,111.47919776816151,26246.029296875,367.3888434747951,5199.83544921875,1.1222084760665894,1292.199951171875,112.57857789236287,26312.669921875,14482600.0,17154113634,0.0,63.0,15116200.0,229380000.0
2019-04-09,360.39654541015625,5204.95849609375,1.1256444454193115,1303.5,112.08055877685547,26150.580078125,363.52157879285596,5289.91796875,1.1287955045700073,1304.9000244140625,112.32486783964987,26246.33984375,359.1367507744133,5167.4189453125,1.1256444454193115,1298.5,111.42281187960538,26103.140625,361.61726856030725,5289.91796875,1.1256444454193115,1298.5,111.46978970432123,26243.5390625,7980100.0,14722104361,0.0,30.0,17612000.0,244410000.0
2019-04-10,356.39251708984375,5324.5517578125,1.126697063446045,1309.0999755859375,112.93566131591797,26157.16015625,360.1523498208788,5421.6513671875,1.1282861232757568,1309.0999755859375,113.0860004239597,26209.490234375,354.4198394873331,5193.38232421875,1.123103380203247,1301.5,112.3248921114055,26101.240234375,359.7714699465743,5204.10546875,1.12649405002594,1304.0,112.5316146577548,26173.7109375,8285000.0,15504590933,0.0,66.0,16477200.0,203130000.0
2019-04-11,361.49029541015625,5064.48779296875,1.1276500225067139,1288.5999755859375,113.06720733642578,26143.05078125,362.38873092635066,5354.2255859375,1.1287446022033691,1307.0999755859375,113.55581838405448,26229.880859375,355.67964150607554,5017.29638671875,1.1256064176559448,1288.5999755859375,112.6819503899703,26062.58984375,356.08004226107033,5325.08154296875,1.1276118755340576,1307.0,113.26453144232804,26188.2109375,6598400.0,16555616019,0.0,420.0,14209100.0,211680000.0
2019-04-12,370.74822998046875,5089.5390625,1.1260753870010376,1290.5999755859375,113.64976501464844,26412.30078125,371.0509668936293,5103.2744140625,1.132502794265747,1293.4000244140625,113.6779603133897,26436.6796875,363.28715686214616,4955.8525390625,1.1258344650268555,1289.199951171875,113.10477777701549,26309.720703125,366.94932578212746,5061.20068359375,1.1259359121322632,1293.4000244140625,113.35847811445636,26357.7890625,7334600.0,13675206312,0.0,607.0,19745100.0,369910000.0
2019-04-13,,5096.58642578125,,,,,,5127.1220703125,,,,,,5061.58935546875,,,,,,5088.85009765625,,,,,,10823289598,,,,
2019-04-14,,5167.72216796875,,,,,,5184.01611328125,,,,,,5053.568359375,,,,,,5095.7587890625,,,,,,10391952498,,,,
2019-04-15,366.6661071777344,5067.1083984375,1.1305055618286133,1286.800048828125,113.74375915527344,26384.76953125,369.048960789453,5196.60693359375,1.1322463750839233,1287.300048828125,114.24176867187921,26424.849609375,364.9277988678222,5024.0693359375,1.1299434900283813,1282.300048828125,113.29272747540283,26316.419921875,367.8770846248285,5167.32177734375,1.130365014076233,1284.800048828125,113.64039787798862,26407.759765625,3822100.0,12290155061,0.0,523.0,15792600.0,250620000.0
2019-04-16,372.77947998046875,5235.5595703125,1.1304928064346313,1272.5999755859375,113.48065185546875,26452.66015625,375.6311018070584,5238.9453125,1.1314995288848877,1285.199951171875,114.30754206424058,26530.7109375,366.2461685920158,5055.19482421875,1.128604531288147,1272.199951171875,112.85109293299404,26397.189453125,367.69151524423324,5066.57763671875,1.130441665649414,1285.199951171875,114.29814362943947,26482.189453125,7083800.0,11618660197,0.0,643.0,14071800.0,302340000.0
2019-04-17,368.6778869628906,5251.93798828125,1.128502607345581,1272.199951171875,114.42029571533203,26449.5390625,375.19167835967454,5274.275390625,1.13237464427948,1273.5,114.4954688566591,26501.01953125,368.63884528278106,5219.20556640625,1.1281843185424805,1271.5999755859375,113.2645391352761,26391.859375,375.10378987521415,5236.13525390625,1.1285152435302734,1273.5,113.92228619962457,26468.529296875,4424400.0,12438480677,0.0,308.0,19300900.0,367780000.0
2019-04-18,371.1681823730469,5298.3857421875,1.129713773727417,1271.9000244140625,115.9237060546875,26559.5390625,373.2190030992119,5319.986328125,1.130600094795227,1273.5999755859375,116.06464670459386,26602.419921875,368.6778894188431,5250.5068359375,1.1237722635269165,1270.0999755859375,113.97864622803735,26444.529296875,368.6778894188431,5251.48046875,1.1300712823867798,1270.800048828125,114.81492753903306,26463.369140625,4703100.0,13256489918,0.0,27.0,27991000.0,332850000.0
2019-04-19,,5303.8125,1.1235954761505127,,,,,5336.68017578125,1.125112533569336,,,,,5233.3349609375,1.1233052015304565,,,,,5298.154296875,1.123608112335205,,,,,13780238655,0.0,,,
2019-04-20,,5337.88623046875,,,,,,5358.49072265625,,,,,,5295.8779296875,,,,,,5304.16064453125,,,,,,13169647522,,,,
2019-04-21,,5314.53125,,,,,,5359.9248046875,,,,,,5257.33935546875,,,,,,5335.87890625,,,,,,13731844223,,,,
2019-04-22,366.3829650878906,5399.365234375,1.1244546175003052,1273.5,116.29017639160156,26511.05078125,370.0744305867828,5422.6875,1.1263798475265503,1273.5,116.51568862034767,26553.05078125,366.1192698218774,5280.27685546875,1.1236711740493774,1273.5,115.17199934385685,26458.609375,366.89077517351444,5312.49462890625,1.1244546175003052,1273.5,115.21898434392685,26510.76953125,4147700.0,14601631648,0.0,147.0,15648700.0,232570000.0
2019-04-23,365.2598571777344,5572.3623046875,1.1258978843688965,1269.300048828125,117.86875915527344,26656.390625,368.0431116906041,5633.80224609375,1.1261261701583862,1269.800048828125,118.00030853361521,26695.9609375,363.88287800183446,5389.40869140625,1.1193444728851318,1266.0,116.35593413543965,26503.560546875,366.74427547942963,5399.36572265625,1.125885248184204,1266.4000244140625,116.60963445969779,26513.830078125,4894500.0,15867308108,0.0,206.0,24025500.0,311690000.0
2019-04-24,366.6661071777344,5464.86669921875,1.122435212135315,1275.5,117.4647445678711,26597.05078125,372.22284049820547,5642.04443359375,1.1224603652954102,1275.5,118.2540410528095,26680.580078125,364.9082780293942,5418.26318359375,1.1183055639266968,1267.800048828125,117.00431444941829,26582.859375,369.0392152716424,5571.50830078125,1.1224478483200073,1268.4000244140625,118.19766478071544,26652.560546875,9855100.0,17048033399,0.0,518.0,31257000.0,283370000.0
2019-04-25,373.8341979980469,5210.515625,1.1153494119644165,1275.800048828125,121.35485076904297,26462.080078125,375.7873547896831,5542.23828125,1.1164003610610962,1280.800048828125,123.44085874099422,26536.48046875,364.0293723620545,5181.3388671875,1.1121737957000732,1275.800048828125,121.05417255624629,26310.279296875,367.2032521484634,5466.5244140625,1.1156978607177734,1280.5999755859375,122.2099290797944,26426.369140625,6615000.0,15330283408,0.0,95.0,38033900.0,296730000.0
2019-04-26,371.87127685546875,5279.34814453125,1.113684892654419,1284.9000244140625,122.05017852783203,26543.330078125,375.00608500250087,5383.63427734375,1.1172809600830078,1284.9000244140625,122.64215796259982,26543.560546875,369.28335019817416,5177.36865234375,1.112297534942627,1284.9000244140625,121.23269404195915,26392.55078125,374.8986756897481,5210.3046875,1.113709807395935,1284.9000244140625,121.8716441371682,26454.619140625,4259600.0,16812108040,0.0,804.0,23654900.0,317290000.0
2019-04-27,,5268.291015625,,,,,,5310.75,,,,,,5233.6357421875,,,,,,5279.47119140625,,,,,,13111274675,,,,
2019-04-28,,5285.13916015625,,,,,,5326.23193359375,,,,,,5255.68359375,,,,,,5271.74658203125,,,,,,12819992056,,,,
2019-04-29,370.17205810546875,5247.3525390625,1.1150261163711548,1278.5999755859375,121.93743133544922,26554.390625,376.2756735590137,5311.27490234375,1.116994023323059,1284.9000244140625,122.32267392720593,26602.5390625,367.935714861313,5216.48779296875,1.1145538091659546,1277.0999755859375,121.54278314094614,26520.75,369.6251765450559,5284.8583984375,1.1149017810821533,1284.800048828125,122.05957513087054,26559.869140625,5457300.0,13735490672,0.0,568.0,16324200.0,279450000.0
2019-04-30,368.8438720703125,5350.7265625,1.1185182332992554,1282.800048828125,122.71733856201172,26592.91015625,372.2130792320209,5363.25732421875,1.12296462059021,1283.300048828125,122.81129422642175,26614.0390625,366.26569097216947,5224.18994140625,1.117655634880066,1280.800048828125,121.58036462151854,26419.470703125,370.61147646448256,5247.72607421875,1.1184180974960327,1281.699951171875,121.97501282278304,26594.560546875,3732800.0,13878964574,0.0,114.0,24166500.0,340320000.0
2019-05-01,367.9747314453125,5402.697265625,1.121604323387146,1281.4000244140625,120.16150665283203,26430.140625,372.271700273791,5418.00390625,1.1249985694885254,1283.300048828125,122.76431379392501,26689.390625,367.5645852043809,5347.64599609375,1.1214408874511719,1278.699951171875,119.99237067900941,26426.380859375,369.66422281663733,5350.91455078125,1.1218308210372925,1278.699951171875,122.6515612573132,26639.060546875,2765600.0,13679528236,0.0,70.0,26821700.0,303850000.0
2019-05-02,366.9981384277344,5505.28369140625,1.1200841665267944,1269.699951171875,118.59229278564453,26307.7890625,368.8048143673946,5522.2626953125,1.1218183040618896,1270.800048828125,120.27425391551279,26454.689453125,364.5078755128017,5394.21728515625,1.1173559427261353,1266.5999755859375,117.94393709158189,26180.359375,366.7051768387329,5402.4228515625,1.1201846599578857,1269.199951171875,120.25546421765632,26407.150390625,2438800.0,14644460907,0.0,63.0,27350200.0,287610000.0
2019-05-03,367.6427001953125,5768.28955078125,1.1173559427261353,1279.199951171875,121.11992645263672,26504.94921875,369.04897549112866,5865.8818359375,1.1200717687606812,1279.199951171875,121.61793588792014,26534.9609375,365.4551740919576,5490.20166015625,1.1141316890716553,1270.0999755859375,119.56952188434808,26370.08984375,367.27159563074883,5505.55224609375,1.1172560453414917,1270.0999755859375,119.67288314475454,26379.140625,2953800.0,18720780006,0.0,15.0,24911100.0,248900000.0
2019-05-04,,5831.16748046875,,,,,,5886.8935546875,,,,,,5645.46923828125,,,,,,5769.20263671875,,,,,,17567780766,,,,
2019-05-05,,5795.70849609375,,,,,,5833.86279296875,,,,,,5708.03515625,,,,,,5831.068359375,,,,,,14808830723,,,,
2019-05-06,362.89654541015625,5746.80712890625,1.1185808181762695,1281.699951171875,120.41520690917969,26438.48046875,363.7559391848371,5802.95751953125,1.1204482316970825,1282.199951171875,120.80046385929943,26476.26953125,357.0663710734958,5653.6875,1.1179929971694946,1280.300048828125,118.49834209963903,26033.94921875,359.2636725098833,5791.693359375,1.1187058687210083,1282.199951171875,118.76144091001109,26160.619140625,4747600.0,15737171804,0.0,12.0,24239800.0,283020000.0
2019-05-07,348.86309814453125,5829.50146484375,1.1201846599578857,1283.5,117.94395446777344,25965.08984375,359.0976202798012,5988.17822265625,1.121956706047058,1283.5,119.50376486911462,26276.900390625,346.7048385116981,5741.39599609375,1.1176055669784546,1280.5,116.7224231978234,25789.7109375,357.7499373750439,5745.59912109375,1.1204482316970825,1280.5,118.8272209441428,26276.900390625,9740300.0,18026409033,0.0,8.0,36017700.0,334960000.0
2019-05-08,351.3240661621094,5982.45751953125,1.1191065311431885,1279.4000244140625,117.9345474243164,25967.330078125,353.0525991359675,5989.98095703125,1.1214998960494995,1279.4000244140625,118.74264065226775,26118.099609375,345.0544199571143,5794.7158203125,1.118956208229065,1279.4000244140625,117.22041702472826,25889.41015625,349.39043027395803,5849.4814453125,1.118956208229065,1279.4000244140625,117.86877272757172,25933.7890625,6030000.0,15320605300,0.0,5.0,28419000.0,276420000.0
2019-05-09,347.82257080078125,6174.52880859375,1.1198333501815796,1283.5,117.92516326904297,25828.359375,349.315487184693,6183.0390625,1.1250998973846436,1285.0,118.19766052252292,25884.890625,341.2811889258846,5982.31640625,1.1175681352615356,1278.800048828125,116.11165250332857,25517.390625,348.44135462292417,5982.31640625,1.1197456121444702,1278.9000244140625,116.78819641970567,25878.849609375,6075200.0,16784645411,0.0,38.0,27235800.0,334760000.0
2019-05-10,348.3529968261719,6378.84912109375,1.1222084760665894,1285.699951171875,119.45679473876953,25942.369140625,349.20749648732846,6434.61767578125,1.1252391338348389,1286.5,120.20851189765315,26019.3203125,341.35978574700874,6161.51904296875,1.1218559741973877,1283.300048828125,116.34657915247814,25469.859375,345.6028495548523,6175.82275390625,1.1218559741973877,1285.4000244140625,117.37079360223443,25763.720703125,4574100.0,19419875368,0.0,6.0,30915100.0,294580000.0
2019-05-11,,7204.771484375,,,,,,7333.0029296875,,,,,,6375.69873046875,,,,,,6379.6669921875,,,,,,28867562329,,,,
2019-05-12,,6972.37158203125,,,,,,7503.8720703125,,,,,,6815.77099609375,,,,,,7203.50732421875,,,,,,27773333680,,,,
2019-05-13,331.3610534667969,7814.9150390625,1.1236460208892822,1300.0999755859375,115.90492248535156,25324.990234375,340.4561319724728,8047.4130859375,1.126341700553894,1300.0999755859375,117.97214067094319,25568.060546875,330.9976483816285,6898.2822265625,1.1224100589752197,1281.800048828125,115.61363555025692,25222.509765625,338.3738963690022,6971.17822265625,1.1236711740493774,1286.699951171875,116.61905292538538,25568.060546875,7757800.0,28677672181,0.0,56.0,33944900.0,361240000.0
2019-05-14,336.93011474609375,7994.416015625,1.1232547760009766,1294.699951171875,117.20162963867188,25532.05078125,339.93561061496627,8268.712890625,1.1246063709259033,1297.800048828125,118.2822129395221,25688.9609375,331.22359919301016,7696.39111328125,1.120485782623291,1294.699951171875,116.23379169761566,25384.029296875,333.84602697367893,7807.88427734375,1.1232421398162842,1297.800048828125,116.39353639477913,25384.029296875,4747800.0,32031452227,0.0,6.0,25266300.0,291570000.0
2019-05-15,339.48382568359375,8205.16796875,1.1204482316970825,1296.300048828125,118.85210418701172,25648.01953125,342.58751659523205,8216.423828125,1.1222715377807617,1296.9000244140625,119.50285997371107,25724.890625,331.62631356008814,7899.10693359375,1.1180429458618164,1296.0,116.66406377447252,25341.939453125,333.74781545628827,7989.37451171875,1.120360255241394,1296.9000244140625,117.19221642263173,25400.130859375,4810000.0,28344112920,0.0,55.0,24722700.0,270720000.0
2019-05-16,347.50823974609375,7884.9091796875,1.1207244396209717,1285.0,121.59656524658203,25862.6796875,350.1503301894848,8320.82421875,1.122435212135315,1285.4000244140625,122.0209811451514,25957.630859375,339.6605603105337,7729.6083984375,1.1174308061599731,1285.0,119.2670627727902,25692.140625,342.43034010215206,8194.5009765625,1.1209505796432495,1285.199951171875,119.54056868491078,25692.140625,6036500.0,33167197581,0.0,3.0,30112200.0,320960000.0
2019-05-17,348.69671630859375,7343.8955078125,1.1173559427261353,1274.5,120.78546905517578,25764.0,353.5781966740335,7929.1455078125,1.1184431314468384,1280.0,123.03952684240978,25948.740234375,344.9054812831279,7038.12451171875,1.1157352924346924,1274.5,120.6439923225603,25657.779296875,345.2394219350579,7886.92578125,1.117480754852295,1280.0,121.01180880195399,25719.94921875,5282900.0,30066644905,0.0,1.0,25770500.0,283760000.0
2019-05-18,,7271.2080078125,,,,,,7447.27197265625,,,,,,7251.50439453125,,,,,,7341.66455078125,,,,,,21354286562,,,,
2019-05-19,,8197.689453125,,,,,,8261.94140625,,,,,,7267.962890625,,,,,,7267.962890625,,,,,,25902422040,,,,
2019-05-20,346.5064392089844,7978.30908203125,1.1165324449539185,1276.0999755859375,119.04071807861328,25679.900390625,349.60032832762096,8200.9677734375,1.1177005767822266,1276.0999755859375,120.33278907320177,25751.7109375,344.2866826470166,7678.78173828125,1.1151255369186401,1276.0999755859375,118.60688333925702,25560.55078125,346.7126904904862,8196.923828125,1.1165324449539185,1276.0999755859375,119.32365002405018,25655.310546875,3219900.0,23843404340,0.0,20.0,23706900.0,279560000.0
2019-05-21,352.36029052734375,7963.32763671875,1.1168566942214966,1272.0,119.68205261230469,25877.330078125,354.3443014422412,8062.16796875,1.11831796169281,1272.0,120.27621623344382,25898.26953125,348.5592240358271,7843.33984375,1.1142433881759644,1272.0,119.38025418952009,25779.609375,351.6531132749201,7977.96923828125,1.1169440746307373,1272.0,120.181905575469,25782.33984375,4022600.0,25127245056,0.0,0.0,15293300.0,260870000.0
2019-05-22,346.4966125488281,7680.06640625,,1273.5999755859375,120.40825653076172,25776.609375,351.20130595729347,7997.6123046875,,1273.5999755859375,120.94584240922411,25878.2109375,345.48495914106485,7615.9873046875,,1273.5999755859375,119.32366593998285,25755.109375,350.85753383398935,7956.2919921875,,1273.5999755859375,119.41798379648361,25818.4609375,3841400.0,24719473175,,0.0,15396500.0,241760000.0
2019-05-23,344.30633544921875,7881.8466796875,1.1155484914779663,1284.800048828125,119.00297546386719,25490.470703125,345.2099625007033,7943.79150390625,1.1172809600830078,1284.800048828125,119.10671932107925,25657.990234375,335.0737650186216,7533.19677734375,1.1109507083892822,1284.800048828125,117.64487929341135,25328.08984375,339.75882564340145,7677.26904296875,1.115511178970337,1284.800048828125,119.02183471270564,25657.990234375,5305400.0,24457107820,0.0,0.0,23603800.0,316940000.0
2019-05-24,348.578857421875,7987.37158203125,1.1184556484222412,1283.0,119.0595703125,25585.689453125,354.96308568957977,8140.7197265625,1.1212018728256226,1283.0,120.17245316801507,25670.810546875,346.71270438458237,7824.44873046875,1.1178054809570312,1283.0,118.80493085707167,25496.19921875,348.6770823131069,7881.6953125,1.1183805465698242,1283.0,119.69146673049035,25551.0703125,5387500.0,25919126991,0.0,9.0,14123400.0,201370000.0
2019-05-25,,8052.5439453125,,,,,,8117.92578125,,,,,,7965.97607421875,,,,,,7991.88525390625,,,,,,22256813107,,,,
2019-05-26,,8673.2158203125,,,,,,8687.5205078125,,,,,,7924.67041015625,,,,,,8055.2060546875,,,,,,26677970091,,,,
2019-05-27,,8805.7783203125,1.1209630966186523,,,,,8907.1748046875,1.1218308210372925,,,,,8668.705078125,1.118806004524231,,,,,8674.072265625,1.1206364631652832,,,,,27949839564,0.0,,,
2019-05-28,348.5592041015625,8719.9619140625,1.1193821430206299,1276.5,118.98413848876953,25347.76953125,352.91029376567576,8807.0166015625,1.1199462413787842,1276.5,120.7194775243704,25717.630859375,348.5592041015625,8634.7216796875,1.1171810626983643,1276.5,118.8803946121367,25342.279296875,348.9619051503036,8802.7578125,1.1193571090698242,1276.5,119.75749735384237,25616.55078125,3504300.0,24226919267,0.0,0.0,23128400.0,358980000.0
2019-05-29,342.58746337890625,8659.4873046875,1.1170687675476074,1280.5999755859375,117.83351135253906,25126.41015625,346.5064173240886,8755.8525390625,1.1175681352615356,1280.5999755859375,118.25791282102927,25231.4609375,339.886444006018,8482.728515625,1.1125946044921875,1280.5999755859375,116.98470122011818,24938.240234375,346.3099675619048,8718.591796875,1.1170687675476074,1280.5999755859375,118.24847959860224,25231.4609375,4160500.0,23473479966,0.0,189694.0,22763100.0,298930000.0
2019-05-30,343.638427734375,8319.47265625,1.1137346029281616,1287.0999755859375,118.5785903930664,25169.880859375,345.65193297602065,9008.314453125,1.1146035194396973,1288.300048828125,118.60688286795354,25218.5390625,341.74281033962757,8221.2734375,1.1118524074554443,1273.9000244140625,117.68262124747336,25066.75,343.7661170879948,8661.7607421875,1.1138337850570679,1279.4000244140625,118.13532243199128,25139.939453125,2183900.0,29246528551,0.0,55573.0,16829600.0,215240000.0
2019-05-31,335.52557373046875,8574.501953125,1.1131147146224976,1305.800048828125,116.64521026611328,24815.0390625,339.6900755203215,8586.6591796875,1.1179429292678833,1306.4000244140625,117.53174634436314,25046.310546875,335.28002647766726,8172.55078125,1.1126564741134644,1287.5,116.30568611680238,24809.509765625,339.6900755203215,8320.2861328125,1.1129908561706543,1287.699951171875,117.16392971518341,25046.310546875,3217600.0,25365190957,0.0,2814.0,26646800.0,292230000.0
2019-06-01,,8564.0166015625,,,,,,8625.6005859375,,,,,,8481.578125,,,,,,8573.83984375,,,,,,22488303544,,,,
2019-06-02,,8742.9580078125,,,,,,8809.3037109375,,,,,,8561.2353515625,,,,,,8565.4736328125,,,,,,20266216022,,,,
2019-06-03,332.8540344238281,8208.9951171875,1.1174057722091675,1322.699951171875,113.02360534667969,24819.779296875,333.07008722215613,8743.5,1.1211000680923462,1327.800048828125,117.29594907331234,24935.2109375,324.78043989163695,8204.185546875,1.1162209510803223,1307.0,112.24082046721445,24680.5703125,332.1763216366201,8741.7470703125,1.1173434257507324,1307.0,116.80552217523817,24830.16015625,5148000.0,22004511436,0.0,812.0,37983600.0,328240000.0
2019-06-04,338.4819641113281,7707.77099609375,1.124631643295288,1323.4000244140625,116.15476989746094,25332.1796875,340.2400907918627,8210.9853515625,1.1277772188186646,1328.5999755859375,116.26793979687059,25343.76953125,334.0621136671221,7564.48876953125,1.1227755546569824,1320.800048828125,113.78753449711253,24962.8203125,336.468488676357,8210.9853515625,1.1245558261871338,1324.300048828125,114.38169805533683,24962.8203125,3592300.0,24609731549,0.0,302.0,29382600.0,281690000.0
2019-06-05,342.53839111328125,7824.2314453125,1.1254037618637085,1328.300048828125,118.67288970947266,25539.5703125,346.9582413211946,7901.84912109375,1.130454421043396,1343.300048828125,118.71061540420028,25544.66015625,326.567989436999,7668.66845703125,1.123987078666687,1326.300048828125,117.1450314524864,25373.580078125,340.05345430645997,7704.34326171875,1.1255050897598267,1328.9000244140625,117.84293881634606,25451.0,3188400.0,21760923463,0.0,622.0,24926100.0,262660000.0
2019-06-06,344.394775390625,7822.0234375,1.1229015588760376,1337.5999755859375,120.54972076416016,25720.66015625,345.37696441926715,7937.3408203125,1.1307867765426636,1338.699951171875,120.69119034718373,25800.30078125,339.42487132958763,7571.47119140625,1.1223849058151245,1326.199951171875,118.45599108264857,25518.05078125,341.97856879886336,7819.63330078125,1.122725009918213,1330.800048828125,119.24821643031544,25567.44921875,2582300.0,19474611077,0.0,161.0,21459000.0,248070000.0
2019-06-07,347.4002380371094,8043.951171875,1.1276500225067139,1341.199951171875,123.92607879638672,25983.939453125,348.95208336466686,8126.1533203125,1.1348161697387695,1347.699951171875,124.72773730669587,26072.75,346.0251495499244,7788.37353515625,1.1253150701522827,1329.800048828125,120.96467978681957,25768.720703125,346.0251495499244,7826.9013671875,1.127548336982727,1333.0999755859375,121.84178969499521,25768.720703125,2470700.0,19141423231,0.0,240.0,33885600.0,263010000.0
2019-06-08,,7954.1279296875,,,,,,8076.89111328125,,,,,,7837.61083984375,,,,,,8036.77490234375,,,,,,16522722810,,,,
2019-06-09,,7688.0771484375,,,,,,7975.97412109375,,,,,,7583.2197265625,,,,,,7949.6748046875,,,,,,16610726547,,,,
2019-06-10,347.4984130859375,8000.32958984375,1.1320157051086426,1324.699951171875,125.05782318115234,26062.6796875,351.034299041941,8031.90966796875,1.1326953172683716,1336.5,126.45363792839265,26210.609375,347.2528658664098,7586.73095703125,1.12920343875885,1324.0999755859375,124.49194494776454,26054.310546875,349.65924060739127,7692.28466796875,1.1319003105163574,1335.800048828125,124.86918750943556,26090.220703125,2560800.0,18689275117,0.0,268.0,26477100.0,249280000.0
2019-06-11,343.1080627441406,7927.71435546875,1.1318106651306152,1326.4000244140625,124.58624267578125,26048.509765625,349.138717460953,8026.39404296875,1.1332728862762451,1328.4000244140625,126.604520275828,26248.669921875,341.9294539541061,7772.8037109375,1.1304799318313599,1319.0999755859375,123.81287684102891,25998.869140625,349.08962000162904,8004.24365234375,1.1318362951278687,1328.4000244140625,126.26499626876972,26180.58984375,2702700.0,17107279932,0.0,201.0,23913700.0,253490000.0
2019-06-12,340.8490295410156,8145.857421875,1.1329518556594849,1331.9000244140625,124.01095581054688,26004.830078125,343.04912319359244,8196.6484375,1.1343011856079102,1334.5,124.46364975282671,26082.099609375,336.69435949891727,7862.35986328125,1.1308507919311523,1326.9000244140625,123.27532275776178,25958.66015625,342.7839429681926,7925.43408203125,1.132939100265503,1326.9000244140625,123.92606400377863,26040.30078125,2738300.0,19034432883,0.0,139.0,17092500.0,223690000.0
2019-06-13,342.64642333984375,8230.923828125,1.1295605897903442,1339.199951171875,124.79375457763672,26106.76953125,342.8428731198164,8311.5673828125,1.1305004358291626,1341.0999755859375,125.4350698315583,26146.91015625,337.9712243115817,8087.06103515625,1.127116084098816,1331.5999755859375,124.0769735398635,25995.7109375,341.065113514968,8145.54541015625,1.1293054819107056,1331.5999755859375,124.4730825597942,26036.939453125,2621300.0,18669407147,0.0,157.0,17200800.0,213400000.0
2019-06-14,340.9767150878906,8693.8330078125,1.1280443668365479,1340.0999755859375,124.91638946533203,26089.609375,342.95092444365633,8710.63671875,1.1290504932403564,1355.4000244140625,126.18016831231436,26162.279296875,339.72934592810395,8183.39306640625,1.1215037107467651,1339.300048828125,124.15246366067683,25988.08984375,341.8017501983827,8230.8984375,1.1279551982879639,1345.4000244140625,124.73719414999093,26076.359375,2258400.0,19831162906,0.0,914.0,17821700.0,208020000.0
2019-06-15,,8838.375,,,,,,8859.1279296875,,,,,,8618.3955078125,,,,,,8689.74609375,,,,,,18371033226,,,,
2019-06-16,,8994.48828125,,,,,,9335.8671875,,,,,,8814.556640625,,,,,,8841.4404296875,,,,,,23348550311,,,,
2019-06-17,348.578857421875,9320.3525390625,1.1217050552368164,1338.699951171875,125.29364776611328,26112.529296875,349.7083687359709,9416.4072265625,1.1246000528335571,1340.300048828125,126.123584573977,26165.779296875,340.8686680576105,8988.923828125,1.1205360889434814,1335.0,124.99184209715457,26049.80078125,342.410711925269,8988.923828125,1.121604323387146,1339.0,125.08615996642575,26108.529296875,3746400.0,15562951919,0.0,76.0,14517800.0,199500000.0
2019-06-18,367.29937744140625,9081.7626953125,1.1224603652954102,1346.5999755859375,127.47222900390625,26465.5390625,367.9770902260692,9348.3740234375,1.12440025806427,1349.300048828125,127.54768040559775,26527.189453125,351.2307803404213,9004.9013671875,1.1182304620742798,1341.5999755859375,125.97267017135654,26227.80078125,351.2405818477448,9335.466796875,1.12271249294281,1349.300048828125,126.55740054586144,26228.900390625,9199200.0,15848210536,0.0,29.0,25934500.0,273490000.0
2019-06-19,361.9955749511719,9273.521484375,1.1198208332061768,1344.5999755859375,127.9720458984375,26504.0,372.55410668685334,9299.62109375,1.1222084760665894,1344.5999755859375,128.19838564886882,26569.75,361.78932365417984,9070.3955078125,1.1188685894012451,1344.0,126.1989744353689,26415.05078125,368.7137441051778,9078.7275390625,1.1197456121444702,1344.0,127.32129033418873,26490.16015625,5716000.0,15546809946,0.0,129.0,23744400.0,240950000.0
2019-06-20,368.2030029296875,9527.16015625,1.1238480806350708,1392.9000244140625,129.1603546142578,26753.169921875,369.0967984821348,9594.419921875,1.1315160989761353,1392.9000244140625,129.8299765272561,26798.630859375,362.3884310851388,9232.484375,1.1235828399658203,1379.5,128.00032038363997,26539.689453125,366.35648288498567,9273.060546875,1.1235828399658203,1381.5,129.6319148825763,26665.380859375,3794500.0,17846823784,0.0,76.0,33042600.0,278170000.0
2019-06-21,365.2171325683594,10144.556640625,1.1295605897903442,1396.199951171875,129.17922973632812,26719.130859375,369.4110685597274,10144.556640625,1.1333370208740234,1406.0,129.8959962116289,26907.369140625,365.09927469117287,9525.07421875,1.1283625364303589,1390.300048828125,128.69824341103293,26705.869140625,367.72173235468375,9525.07421875,1.1293182373046875,1406.0,128.81141327795456,26749.119140625,4923700.0,20624008643,0.0,35.0,36727900.0,485560000.0
2019-06-22,,10701.69140625,,,,,,11157.345703125,,,,,,10107.03515625,,,,,,10175.923828125,,,,,,29995204861,,,,
2019-06-23,,10855.37109375,,,,,,11246.14453125,,,,,,10556.095703125,,,,,,10696.69140625,,,,,,20998326502,,,,
2019-06-24,367.3288269042969,11011.1025390625,1.1384724378585815,1414.300048828125,129.9431915283203,26727.5390625,368.8021102935425,11065.896484375,1.1401208639144897,1420.5999755859375,130.52792185908748,26806.51953125,365.4725054203415,10610.427734375,1.1373846530914307,1402.0999755859375,129.20755840545763,26723.369140625,366.3073720023862,10853.744140625,1.1383039951324463,1406.0,129.20755840545763,26727.609375,2323200.0,19271652365,0.0,125.0,20628800.0,232390000.0
2019-06-25,362.74200439453125,11790.9169921875,1.140029788017273,1414.9000244140625,125.84063720703125,26548.220703125,368.5663772597939,11790.9169921875,1.141396164894104,1433.300048828125,129.7640243040797,26752.310546875,361.4749723464672,11007.2021484375,1.1378376483917236,1414.9000244140625,125.18045533754845,26527.66015625,368.07528281974083,11007.2021484375,1.1400169134140015,1418.0999755859375,129.4433665947431,26731.609375,3005400.0,24879684533,0.0,105.0,33327400.0,282160000.0
2019-06-26,368.2619323730469,13016.2314453125,1.1369967460632324,1411.5999755859375,126.3121566772461,26536.8203125,372.2299841783195,13796.4892578125,1.1389521360397339,1413.300048828125,128.01921734386272,26660.0390625,363.4099164954289,11755.59765625,1.1350866556167603,1405.800048828125,126.00093948993312,26536.330078125,364.41173844754985,11778.5810546875,1.1368545293807983,1407.199951171875,126.7082800610423,26599.419921875,4542000.0,45105733173,0.0,1333.0,23657700.0,274340000.0
2019-06-27,357.53643798828125,11182.806640625,1.1374752521514893,1408.4000244140625,126.51964569091797,26526.580078125,363.3411787212659,13311.14453125,1.1383039951324463,1410.800048828125,127.04780541109149,26607.240234375,355.89619910245415,10491.8525390625,1.1348419189453125,1399.800048828125,125.91604897302913,26465.3203125,360.9937625386785,13017.125,1.1374623775482178,1407.0,126.51021966392378,26523.720703125,8980000.0,39977475223,0.0,437.0,16557500.0,246930000.0
2019-06-28,357.526611328125,12407.33203125,1.1372941732406616,1409.699951171875,126.3404769897461,26599.9609375,359.70707200856987,12445.1748046875,1.1393414735794067,1422.0,126.94407376571549,26638.349609375,355.1300678784819,10914.4951171875,1.1361312866210938,1408.300048828125,125.58597742206376,26522.26953125,357.4382179190023,11162.16796875,1.1371389627456665,1408.300048828125,126.9157812911296,26605.9296875,4737100.0,35087757766,0.0,356.0,30043000.0,499350000.0
2019-06-29,,11959.37109375,,,,,,12400.91015625,,,,,,11508.37890625,,,,,,12400.763671875,,,,,,29923961128,,,,
2019-06-30,,10817.1552734375,,,,,,12178.3837890625,,,,,,10799.0087890625,,,,,,11931.9912109375,,,,,,27256473494,,,,
2019-07-01,350.111083984375,10583.134765625,1.1364928483963013,1385.5999755859375,127.962646484375,26717.4296875,358.7249007331111,11206.439453125,1.1367511749267578,1395.800048828125,128.92463390459372,26890.640625,347.0270260982112,10089.314453125,1.1305694580078125,1382.800048828125,127.29303865361554,26616.2109375,358.38112858689414,10796.9306640625,1.1363636255264282,1386.5999755859375,128.8586229198593,26805.859375,6392600.0,29378589324,0.0,214.0,22613500.0,267670000.0
2019-07-02,347.85205078125,10801.677734375,1.1287446022033691,1404.5999755859375,128.8114471435547,26786.6796875,350.42538109841377,10912.1884765625,1.1321053504943848,1418.4000244140625,128.8208731713169,26787.560546875,346.40823178987574,9737.884765625,1.1276754140853882,1390.800048828125,127.6419721113461,26632.650390625,349.29586977262426,10588.68359375,1.1287063360214233,1391.0999755859375,128.3776052214973,26719.529296875,3774700.0,31015895223,0.0,38.0,15237800.0,219270000.0
2019-07-03,348.1565246582031,11961.26953125,1.1293054819107056,1417.699951171875,129.64137268066406,26966.0,348.52976126185797,11968.078125,1.1305310726165771,1434.0,129.90544531505958,26966.0,345.9858954318239,10818.15625,1.127039909362793,1413.0999755859375,128.53790884087223,26831.439453125,348.18598912827963,10818.15625,1.1290887594223022,1431.0,129.0189095892121,26832.3203125,2164900.0,30796494294,0.0,46.0,13629300.0,149840000.0
2019-07-04,,11215.4375,1.1287955045700073,,,,,12006.0751953125,1.1298158168792725,,,,,11166.5693359375,1.1274338960647583,,,,,11972.71875,1.1287955045700073,,,,,25920294033,0.0,,,
2019-07-05,349.521728515625,10978.4599609375,1.128579020500183,1396.699951171875,129.26414489746094,26922.119140625,350.8869854778652,11395.6611328125,1.1287955045700073,1418.300048828125,129.51879156330088,26950.810546875,345.1706388705756,10874.96484375,1.120824933052063,1390.199951171875,128.00036637806392,26733.330078125,347.6948715441967,11203.1025390625,1.128604531288147,1418.300048828125,128.20785412195087,26867.75,3208200.0,23838480210,0.0,20.0,18141100.0,192170000.0
2019-07-06,,11208.55078125,,,,,,11620.96484375,,,,,,10982.5439453125,,,,,,10982.5439453125,,,,,,21092024306,,,,
2019-07-07,,11450.8466796875,,,,,,11541.6201171875,,,,,,11148.8046875,,,,,,11217.6162109375,,,,,,19369044277,,,,
2019-07-08,344.8662109375,12285.9580078125,1.1227376461029053,1397.0,129.16981506347656,26806.140625,346.6734351742611,12345.8330078125,1.123721718788147,1397.0,129.30185138344893,26839.140625,343.1768445896969,11393.3740234375,1.1208375692367554,1393.5999755859375,127.67024224057963,26744.869140625,344.16886511181133,11446.5966796875,1.1227880716323853,1395.9000244140625,128.64165539270758,26835.640625,3262300.0,23482551458,0.0,14.0,16779700.0,214290000.0
2019-07-09,346.8011169433594,12573.8125,1.121604323387146,1397.5,128.69830322265625,26783.490234375,347.5475901891049,12779.1318359375,1.1222084760665894,1397.5,129.17928977148654,26807.69921875,341.70355353945024,12233.26171875,1.1195324659347534,1386.199951171875,128.0758398835453,26665.5703125,342.8330649159129,12284.326171875,1.12147855758667,1394.5,128.26446121303454,26725.119140625,4828200.0,28167921523,0.0,53.0,19953100.0,218330000.0
2019-07-10,346.025146484375,12156.5126953125,1.120824933052063,1410.0999755859375,130.00926208496094,26860.19921875,350.1699849491897,13129.529296875,1.1262998580932617,1410.0999755859375,130.6977365257329,26983.44921875,344.99386010215034,11710.978515625,1.1202598810195923,1409.9000244140625,129.22646976862578,26813.109375,348.1761426292686,12571.537109375,1.1204607486724854,1409.9000244140625,129.33021367539038,26851.9609375,2946700.0,33627574244,0.0,50.0,24204400.0,207990000.0
2019-07-11,352.6058349609375,11358.662109375,1.125885248184204,1404.300048828125,130.5279541015625,27088.080078125,352.8612136810105,12144.623046875,1.1287955045700073,1424.0,131.30132030892395,27088.44921875,344.45367862136834,11158.9228515625,1.1251758337020874,1404.300048828125,130.02810107129656,26916.3203125,346.3394646301326,12139.7138671875,1.1261261701583862,1424.0,130.33933276029182,26950.16015625,5059200.0,28595327690,0.0,6.0,22327900.0,252300000.0
2019-07-12,358.8230895996094,11815.986328125,1.1252391338348389,1409.9000244140625,130.99949645996094,27332.029296875,358.9409774562889,11905.4873046875,1.1278001070022583,1410.0999755859375,131.21642464364177,27333.7890625,351.7611783558902,11179.14453125,1.123974323272705,1405.5999755859375,130.16011937560694,27135.44921875,353.58803548502885,11354.2998046875,1.1250239610671997,1405.5999755859375,130.95235192435405,27139.490234375,3592800.0,23534692797,0.0,8.0,18936800.0,248390000.0
2019-07-13,,11392.37890625,,,,,,11841.95703125,,,,,,10908.4794921875,,,,,,11813.126953125,,,,,,21042616384,,,,
2019-07-14,,10256.05859375,,,,,,11451.2041015625,,,,,,10234.576171875,,,,,,11381.0205078125,,,,,,22486000001,,,,
2019-07-15,355.1693420410156,10895.08984375,1.1272051334381104,1411.4000244140625,130.99949645996094,27359.16015625,356.3872767563975,11052.7666015625,1.1285994052886963,1415.0,131.6030933027449,27364.689453125,352.62547618420604,9992.0068359375,1.1255683898925781,1411.4000244140625,130.58453532314013,27294.169921875,354.07912666268106,10257.8388671875,1.1271796226501465,1414.4000244140625,131.5087898406472,27364.689453125,4814600.0,25384047207,0.0,25.0,16651500.0,199730000.0
2019-07-16,356.2890319824219,9477.6416015625,1.1261768341064453,1409.199951171875,129.28302001953125,27335.630859375,358.842729178204,10996.6328125,1.126633644104004,1413.699951171875,131.14096942026552,27398.6796875,354.76665114068123,9448.1064453125,1.1209003925323486,1405.0,128.75487459633675,27290.240234375,354.82558007816624,10896.6533203125,1.1260881423950195,1413.5999755859375,131.0560919895843,27349.3203125,2960400.0,24151199070,0.0,13.0,22726100.0,226000000.0
2019-07-17,362.9384765625,9693.802734375,1.1212271451950073,1421.300048828125,128.51910400390625,27219.849609375,363.16439082817584,9963.134765625,1.1233429908752441,1421.300048828125,130.08467394272452,27343.060546875,355.55242590885643,9163.134765625,1.1201093196868896,1404.5999755859375,128.47194507525072,27218.380859375,356.28906767524217,9471.2138671875,1.1213276386260986,1404.5999755859375,129.8677601399705,27320.91015625,4010000.0,24569921549,0.0,6.0,20211000.0,193930000.0
2019-07-18,354.67822265625,10666.482421875,1.12296462059021,1426.0999755859375,128.66058349609375,27222.970703125,361.88751562778685,10736.8427734375,1.1247328519821167,1444.199951171875,128.84920484489638,27266.810546875,353.3424601271105,9376.798828125,1.1206239461898804,1419.5,127.01012151001949,27068.7890625,361.0526490600613,9698.5029296875,1.1227755546569824,1422.300048828125,127.84007271381478,27191.98046875,4582800.0,25187024648,0.0,66.0,30381800.0,216070000.0
2019-07-19,370.6387939453125,10530.732421875,1.1261515617370605,1425.0999755859375,128.84918212890625,27154.19921875,371.6602788078995,10716.98046875,1.1271415948867798,1442.0,132.66882493002737,27342.9609375,361.9366145607736,10229.62890625,1.1215037107467651,1425.0999755859375,128.68885329114553,27145.779296875,364.0679776912637,10653.9560546875,1.1261515617370605,1440.5,132.24442337232145,27246.380859375,9504000.0,20727426310,0.0,22.0,48992400.0,287690000.0
2019-07-20,,10767.1396484375,,,,,,11048.662109375,,,,,,10451.2763671875,,,,,,10525.8193359375,,,,,,20206615155,,,,
2019-07-21,,10599.10546875,,,,,,10841.8876953125,,,,,,10389.599609375,,,,,,10777.529296875,,,,,,17130580467,,,,
2019-07-22,366.7690124511719,10343.1064453125,1.1218308210372925,1425.300048828125,130.55624389648438,27171.900390625,375.6676419779434,10651.791015625,1.12271249294281,1425.300048828125,131.27302512580252,27227.76953125,365.26626455026746,10154.921875,1.1208375692367554,1424.0,129.5188193454019,27088.900390625,370.2263067791666,10596.9482421875,1.1218056678771973,1425.300048828125,129.59427075853463,27174.1796875,4265100.0,16334414913,0.0,1.0,25074900.0,216310000.0
2019-07-23,366.4252624511719,9900.767578125,1.1206114292144775,1420.0999755859375,131.3672637939453,27349.189453125,369.7254031489161,10346.748046875,1.121076226234436,1421.300048828125,132.02745973545242,27368.810546875,364.0778163214304,9883.5947265625,1.1149640083312988,1416.300048828125,130.17893700281383,27204.580078125,367.60387128292484,10346.748046875,1.1204984188079834,1418.5999755859375,131.81053163312706,27231.859375,3354900.0,17851916995,0.0,5.0,18034600.0,248850000.0
2019-07-24,354.9925231933594,9811.92578125,1.1151255369186401,1422.800048828125,132.71595764160156,27269.970703125,364.74565167384304,9908.796875,1.1155734062194824,1422.800048828125,132.734824086695,27291.0390625,353.617464742651,9614.306640625,1.1130032539367676,1422.800048828125,130.95232638371508,27191.119140625,363.68490086158977,9887.73046875,1.115100622177124,1422.800048828125,130.999470910127,27262.240234375,7447900.0,17398734322,0.0,20.0,20738300.0,244320000.0
2019-07-25,341.8901672363281,9911.841796875,1.1142433881759644,1413.9000244140625,132.2161102294922,27140.98046875,351.31918768141657,10154.25390625,1.1186933517456055,1413.9000244140625,132.61221924749916,27298.4296875,339.5525526080175,9773.95703125,1.110383152961731,1413.9000244140625,131.3955997201122,27062.48046875,349.836072691818,9809.0966796875,1.114230990409851,1413.9000244140625,132.44245001642093,27247.390625,9663700.0,15821952090,0.0,4.0,18356900.0,241420000.0
2019-07-26,338.8551940917969,9870.3037109375,1.1146159172058105,1418.5,133.30072021484375,27192.44921875,342.22409505958035,9916.517578125,1.1153244972229004,1423.0,133.6213779047087,27213.69921875,335.90862718665085,9717.982421875,1.1115680932998657,1418.5,132.31988069558489,27123.25,340.03383284346677,9913.126953125,1.1145166158676147,1422.800048828125,132.385891683082,27166.0,4441100.0,14495714483,0.0,5.0,19037600.0,233650000.0
2019-07-27,,9477.677734375,,,,,,10167.3203125,,,,,,9411.521484375,,,,,,9871.1650390625,,,,,,16817809536,,,,
2019-07-28,,9552.8603515625,,,,,,9575.544921875,,,,,,9252.296875,,,,,,9491.626953125,,,,,,13738687093,,,,
2019-07-29,334.1504821777344,9519.1455078125,1.1132138967514038,1419.5999755859375,133.0083770751953,27221.349609375,339.91592630946013,9681.6484375,1.1144545078277588,1419.5999755859375,133.46107120605828,27275.849609375,333.0700683770811,9472.9482421875,1.1114444732666016,1419.5999755859375,131.44279248363918,27178.060546875,338.84534398963956,9548.1787109375,1.113089919090271,1419.5999755859375,133.45164517510443,27192.240234375,4116600.0,13791445323,0.0,224267.0,16605900.0,250850000.0
2019-07-30,341.2713623046875,9607.423828125,1.1143054962158203,1429.699951171875,132.36700439453125,27198.01953125,341.30082677406494,9701.759765625,1.1158099174499512,1433.9000244140625,133.18751485047696,27224.359375,330.5655088031429,9437.3359375,1.1133253574371338,1422.0999755859375,131.84828509846412,27069.859375,333.787087342533,9522.3291015625,1.1142184734344482,1426.300048828125,132.16894270298536,27145.390625,4528000.0,13829811132,0.0,73874.0,16846500.0,293250000.0
2019-07-31,335.1032409667969,10085.6279296875,1.1157974004745483,1426.0999755859375,128.51910400390625,26864.26953125,345.03318749562,10085.6279296875,1.1164453029632568,1435.800048828125,132.4990758155734,27281.650390625,334.9755515989934,9598.09765625,1.1127803325653076,1411.199951171875,127.39678769997333,26719.599609375,342.28304026901435,9604.05078125,1.1157352924346924,1431.300048828125,132.3481730002295,27244.669921875,5219700.0,16631520648,0.0,3294.0,38598800.0,385150000.0
2019-08-01,328.3359375,10399.6689453125,1.1071745157241821,1420.9000244140625,130.207275390625,26583.419921875,338.15782655163997,10446.919921875,1.1072970628738403,1445.199951171875,132.92346831785986,27175.58984375,327.068905419611,9922.01953125,1.1027547121047974,1400.9000244140625,129.14154411747563,26548.7109375,335.82021216150537,10077.4423828125,1.1072235107421875,1411.300048828125,129.20756949126317,26879.859375,6465300.0,17165337858,0.0,2431.0,40557500.0,386320000.0
2019-08-02,333.5120849609375,10518.1748046875,1.1078859567642212,1445.5999755859375,129.11325073242188,26485.009765625,334.4746409442244,10657.953125,1.1114197969436646,1448.0,130.4524951291536,26570.01953125,326.4010463947808,10371.013671875,1.1070764064788818,1432.300048828125,127.56653296881987,26249.220703125,328.60114010054673,10402.04296875,1.1081806421279907,1448.0,130.23556695184885,26528.66015625,4675400.0,17489094082,0.0,1873.0,30791600.0,327640000.0
2019-08-03,,10821.7265625,,,,,,10946.78125,,,,,,10503.5048828125,,,,,,10519.2783203125,,,,,,15352685061,,,,
2019-08-04,,10970.1845703125,,,,,,11009.20703125,,,,,,10620.2783203125,,,,,,10821.6328125,,,,,,16530894787,,,,
2019-08-05,325.1634521484375,11805.6533203125,1.1108025312423706,1464.5999755859375,124.6900405883789,25717.740234375,327.43230609076215,11895.091796875,1.1199462413787842,1469.699951171875,126.31219555783336,26259.23046875,321.1364716969172,10960.7353515625,1.1107407808303833,1440.4000244140625,123.3413700010672,25523.380859375,326.5385106022667,10960.7353515625,1.1107407808303833,1440.4000244140625,125.71803908101124,26259.23046875,5876100.0,23875988832,0.0,1008.0,42749600.0,422240000.0
2019-08-06,326.5287170410156,11478.1689453125,1.1243788003921509,1472.4000244140625,127.02893829345703,26029.51953125,329.720831017304,12273.8212890625,1.1249732971191406,1475.0,127.96261864176837,26038.6796875,323.2776741277026,11290.7314453125,1.1170687675476074,1457.699951171875,125.63312358902175,25710.869140625,328.041266390019,11811.544921875,1.1242650747299194,1469.699951171875,126.18956138723085,25810.619140625,3653300.0,23635107660,0.0,460.0,32696700.0,318160000.0
2019-08-07,325.4777526855469,11941.96875,1.1206992864608765,1507.300048828125,127.58538818359375,26007.0703125,327.70731063081905,12036.990234375,1.1240994930267334,1509.9000244140625,127.93433829505418,26073.2109375,318.7890488757048,11433.701171875,1.1180930137634277,1473.199951171875,124.33162411022316,25440.390625,322.74726882465706,11476.193359375,1.1205862760543823,1473.5,126.18013292815006,25814.220703125,4187600.0,22194988641,0.0,824.0,33414500.0,344790000.0
2019-08-08,332.42071533203125,11966.4072265625,1.1204355955123901,1497.699951171875,130.99005126953125,26378.189453125,332.49976748926923,11979.419921875,1.1228384971618652,1508.5,131.0843691087158,26383.609375,325.0181941159331,11556.16796875,1.1184431314468384,1492.0,128.1984072857203,26038.099609375,327.42969208609975,11954.0400390625,1.120485782623291,1498.4000244140625,128.8303109046697,26086.51953125,3673000.0,19481591730,0.0,367.0,27496500.0,282530000.0
2019-08-09,333.606689453125,11862.9365234375,1.1187183856964111,1496.5999755859375,129.87721252441406,26287.439453125,335.11881460817494,11970.4580078125,1.1219818592071533,1507.5,131.45222302858284,26413.359375,329.2778824594432,11709.7451171875,1.1184055805206299,1495.5999755859375,128.6983111538489,26097.640625,330.15746969185017,11953.4697265625,1.118730902671814,1506.199951171875,130.72601575486664,26337.08984375,3102900.0,18339989960,0.0,74.0,23466700.0,240260000.0
2019-08-10,,11354.0244140625,,,,,,11915.6552734375,,,,,,11323.8984375,,,,,,11861.556640625,,,,,,18125355447,,,,
2019-08-11,,11523.5791015625,,,,,,11523.5791015625,,,,,,11248.294921875,,,,,,11349.740234375,,,,,,15774371518,,,,
2019-08-12,329.050537109375,11382.6162109375,1.1208499670028687,1505.300048828125,128.06637573242188,25896.439453125,332.0846800527171,11528.189453125,1.1230276823043823,1514.9000244140625,130.01864282763896,26178.94921875,327.49887089470695,11320.951171875,1.1163331270217896,1488.0999755859375,127.54767077016326,25824.939453125,329.78188264397966,11528.189453125,1.1206867694854736,1496.0,129.27358367740547,26169.91015625,2683400.0,13647198229,0.0,257.0,20484300.0,199390000.0
2019-08-13,328.9714660644531,10895.830078125,1.1218308210372925,1502.199951171875,130.71653747558594,26279.91015625,333.4584375620654,11420.0498046875,1.1228259801864624,1531.4000244140625,130.90515874130492,26426.970703125,326.63905040874084,10830.3271484375,1.117817997932434,1483.699951171875,127.32129712912392,25833.25,327.943637213326,11385.052734375,1.1218308210372925,1510.4000244140625,128.31157676274867,25888.880859375,3689700.0,16681503537,0.0,672.0,25154600.0,308900000.0
2019-08-14,316.6767883300781,10051.7041015625,1.1177055835723877,1515.9000244140625,126.78006744384766,25479.419921875,325.6902414299679,10889.556640625,1.1191002130508423,1520.5,129.562077592322,26035.080078125,316.6668955009875,10028.1357421875,1.1139951944351196,1497.0,126.4867287915173,25471.58984375,324.5141408886249,10889.4873046875,1.1177555322647095,1500.0,129.03217364762205,26035.080078125,5110400.0,19990838300,0.0,328.0,32527300.0,352250000.0
2019-08-15,324.1682434082031,10311.5458984375,1.1143302917480469,1519.5999755859375,126.4962158203125,25579.390625,324.2374328939278,10437.4111328125,1.1158995628356934,1522.699951171875,127.34785973550814,25639.689453125,315.81694580475437,9675.31640625,1.1095577478408813,1510.5999755859375,125.14306896178591,25339.599609375,319.2266543318586,10038.421875,1.114504098892212,1519.800048828125,127.16806776100674,25514.25,4721800.0,22899115082,0.0,87.0,28074400.0,332600000.0
2019-08-16,326.58966064453125,10374.3388671875,1.1113580465316772,1512.5,128.81454467773438,25886.009765625,327.2913579052631,10524.349609375,1.1113580465316772,1524.5999755859375,129.12681261342365,25929.650390625,322.66603739280777,9855.478515625,1.1067456007003784,1504.699951171875,127.48031289037117,25678.169921875,326.3623366705731,10319.419921875,1.1111358404159546,1524.5999755859375,127.63171815109331,25678.169921875,3866600.0,20228207096,0.0,1815.0,24449100.0,276210000.0
2019-08-17,,10231.744140625,,,,,,10452.625,,,,,,10086.6982421875,,,,,,10358.72265625,,,,,,13778035685,,,,
2019-08-18,,10345.810546875,,,,,,10487.0703125,,,,,,10119.0947265625,,,,,,10233.005859375,,,,,,12999813869,,,,
2019-08-19,329.8807067871094,10916.0537109375,1.109385371208191,1500.4000244140625,130.97207641601562,26135.7890625,331.98582848035613,10916.0537109375,1.1110000610351562,1507.5999755859375,131.1045524674143,26222.3203125,327.5285056493231,10313.2041015625,1.108819603919983,1492.9000244140625,129.5337546873968,26020.060546875,330.27602786615955,10350.283203125,1.109385371208191,1507.199951171875,130.44217221042098,26020.060546875,2335600.0,16038264603,0.0,205.0,24355700.0,252640000.0
2019-08-20,327.87445068359375,10763.232421875,1.1083157062530518,1504.5999755859375,129.8838348388672,25962.439453125,329.60400694190963,10947.0419921875,1.1099001169204712,1506.0999755859375,131.2559254227919,26160.119140625,325.03798324572654,10618.9609375,1.1068925857543945,1497.5,129.8649200067657,25952.0,328.58604075060066,10916.3466796875,1.1082541942596436,1497.5,130.78279472179804,26086.859375,2039000.0,15053082175,0.0,486.0,21170800.0,238100000.0
2019-08-21,336.0181884765625,10138.0498046875,1.1097793579101562,1504.5999755859375,131.3316192626953,26202.73046875,338.5779281824844,10798.7294921875,1.1107407808303833,1505.0,131.99401382354478,26268.3203125,329.31739441458984,9962.7216796875,1.1088809967041016,1498.800048828125,130.58407907613025,26141.76953125,331.56089531934066,10764.572265625,1.1098532676696777,1504.9000244140625,131.10452575731034,26145.359375,3265600.0,19473084768,0.0,350.0,14970300.0,208790000.0
2019-08-22,350.26971435546875,10131.0556640625,1.10907781124115,1497.300048828125,130.37591552734375,26252.240234375,352.27599827866237,10232.99609375,1.1114000082015991,1497.300048828125,131.71960519902063,26388.779296875,337.02626189648726,9831.462890625,1.1064517498016357,1493.800048828125,128.96598061637593,26099.009765625,338.42965627923803,10142.521484375,1.1090408563613892,1495.0999755859375,131.20863031382734,26271.640625,8320900.0,17097508856,0.0,686.0,18697000.0,222810000.0
2019-08-23,351.8510437011719,10407.96484375,1.1084016561508179,1526.5999755859375,126.22183227539062,25628.900390625,365.3712245072307,10442.443359375,1.1149004697799683,1527.5999755859375,130.91529609117305,26320.2890625,350.2104324682308,10078.1923828125,1.105299711227417,1493.5,125.66354140542228,25507.1796875,351.19875030775677,10136.3095703125,1.1083279848098755,1493.5,129.81762918700056,26134.2109375,11518700.0,15627023886,0.0,983.0,38508600.0,364260000.0
2019-08-24,,10159.9609375,,,,,,10418.0205078125,,,,,,9982.296875,,,,,,10407.64453125,,,,,,15451030650,,,,
2019-08-25,,10138.517578125,,,,,,10304.6220703125,,,,,,10008.7890625,,,,,,10160.7373046875,,,,,,14153856610,,,,
2019-08-26,354.84564208984375,10370.8203125,1.1143054962158203,1526.300048828125,128.1710968017578,25898.830078125,363.04866801352813,10512.328125,1.1152499914169312,1543.300048828125,128.2751861276735,25941.25,352.72076478778735,10126.2998046875,1.110839605331421,1524.300048828125,126.70438882341962,25716.390625,360.7755490692011,10126.2998046875,1.1143054962158203,1543.199951171875,127.73582466705759,25826.05078125,4661100.0,18438654080,0.0,334.0,20312600.0,222780000.0
2019-08-27,350.58599853515625,10185.5,1.1103708744049072,1541.0,128.44552612304688,25777.900390625,357.0891166569398,10381.328125,1.1118524074554443,1542.0999755859375,129.37285824127366,26054.01953125,349.48895004808156,10087.30078125,1.1088809967041016,1528.5,127.423562090412,25721.849609375,355.2212116215283,10372.826171875,1.110111951828003,1530.5,129.06059025029055,26014.4609375,3740300.0,14762609503,0.0,166.0,23102100.0,263530000.0
2019-08-28,355.7647705078125,9754.4228515625,1.109004020690918,1537.800048828125,128.27520751953125,26036.099609375,355.98220163687733,10279.3662109375,1.1100010871887207,1538.0999755859375,128.464456933083,26041.5703125,347.07744833612816,9716.65625,1.107444167137146,1537.800048828125,126.37322708930843,25637.4296875,349.18257014001347,10203.4267578125,1.109004020690918,1538.0999755859375,127.63175662569438,25712.990234375,2402000.0,17603790323,0.0,2756.0,17393300.0,207070000.0
2019-08-29,358.5024108886719,9510.2001953125,1.1085859537124634,1526.5,130.69761657714844,26362.25,361.7638779233471,9756.7861328125,1.1090162992477417,1549.300048828125,131.00042714796504,26408.83984375,355.9624569108562,9421.6298828125,1.1056197881698608,1519.5999755859375,129.55264839840464,26185.7109375,359.5994593970387,9756.7861328125,1.1085368394851685,1537.5,129.87437380079524,26249.08984375,2717500.0,17045878501,0.0,704.0,20168700.0,208650000.0
2019-08-30,359.8366394042969,9598.173828125,1.1061947345733643,1519.0999755859375,130.4515838623047,26403.279296875,362.09000287717487,9656.1240234375,1.106096863746643,1530.4000244140625,131.70064127459696,26514.619140625,358.16637983875717,9428.302734375,1.0987199544906616,1516.699951171875,128.9470318552338,26295.58984375,360.11336719356024,9514.8447265625,1.1059622764587402,1524.5999755859375,131.67225459059952,26476.390625,3147000.0,13595263986,0.0,276.0,23940100.0,216160000.0
2019-08-31,,9630.6640625,,,,,,9673.220703125,,,,,,9531.7998046875,,,,,,9597.5390625,,,,,,11454806419,,,,
2019-09-01,,9757.970703125,,,,,,9796.755859375,,,,,,9582.9443359375,,,,,,9630.5927734375,,,,,,11445355859,,,,
2019-09-02,,10346.7607421875,1.0991789102554321,,,,,10396.591796875,1.0997470617294312,,,,,9730.650390625,1.0958784818649292,,,,,9757.4736328125,1.0990943908691406,,,,,17248102294,0.0,,,
2019-09-03,350.2796325683594,10623.5400390625,1.0968520641326904,1545.9000244140625,128.7293701171875,26118.01953125,351.16911261866863,10736.1044921875,1.0977309942245483,1547.300048828125,129.82703659856472,26198.259765625,346.51411373749704,10308.5478515625,1.0930395126342773,1521.0,128.40764476744602,25978.220703125,349.97322628064137,10345.7255859375,1.0967316627502441,1522.9000244140625,129.2687459436368,26198.259765625,4272200.0,19384917989,0.0,139.0,18869300.0,223210000.0
2019-09-04,352.3649597167969,10594.4931640625,1.0974539518356323,1550.300048828125,130.23399353027344,26355.470703125,353.84743648280494,10762.64453125,1.103499412536621,1553.199951171875,130.29076691820134,26362.349609375,350.28948621217216,10434.7099609375,1.0972732305526733,1534.800048828125,129.1457839860308,26244.439453125,353.50151920518965,10621.1806640625,1.0973576307296753,1549.0,129.9217254578633,26301.990234375,2737100.0,16742664769,0.0,46.0,17995900.0,202710000.0
2019-09-05,356.09088134765625,10575.533203125,1.10349702835083,1515.4000244140625,132.52392578125,26728.150390625,360.4493663434683,10627.26953125,1.1082788705825806,1551.0999755859375,132.83619380847887,26836.30078125,354.9345664440914,10516.41796875,1.1018311977386475,1511.0999755859375,131.3032403621913,26603.150390625,355.932777045802,10588.18359375,1.1037527322769165,1551.0,131.63443766225953,26603.150390625,3643300.0,14551239508,0.0,125.0,26101800.0,256670000.0
2019-09-06,358.7593688964844,10353.302734375,1.1036310195922852,1506.199951171875,131.62493896484375,26797.4609375,360.64705955325667,10898.76171875,1.10574209690094,1526.0,132.64688835679075,26860.869140625,354.92469092658604,10292.2998046875,1.1021226644515991,1504.5,130.77329521982114,26708.390625,357.385592648467,10578.1982421875,1.1036310195922852,1517.300048828125,132.50495495202037,26790.25,3022600.0,19536574783,0.0,54.0,20824500.0,209700000.0
2019-09-07,,10517.2548828125,,,,,,10558.673828125,,,,,,10348.9189453125,,,,,,10353.931640625,,,,,,15307366476,,,,
2019-09-08,,10441.2763671875,,,,,,10595.6376953125,,,,,,10409.0908203125,,,,,,10518.1142578125,,,,,,13670567493,,,,
2019-09-09,354.5886535644531,10334.974609375,1.1020619869232178,1502.199951171875,130.12986755371094,26835.509765625,356.71353076920263,10450.3115234375,1.106525182723999,1513.0,132.24002636446158,26900.830078125,350.5859786011125,10144.9296875,1.1016126871109009,1498.0,129.12683281242505,26762.1796875,353.79801140117223,10443.228515625,1.102074146270752,1509.0,132.08862108005547,26866.23046875,4183300.0,17595943368,0.0,69.0,25773900.0,273120000.0
2019-09-10,365.17352294921875,10115.9755859375,1.1048381328582764,1490.300048828125,128.76727294921875,26909.4296875,365.17352294921875,10394.353515625,1.1059499979019165,1498.5,129.53374249148942,26909.4296875,354.36132413953715,10020.5732421875,1.1031805276870728,1486.9000244140625,127.28163539094666,26717.05078125,354.80607920017496,10336.408203125,1.1047282218933105,1498.5,129.4485824176383,26805.830078125,4547200.0,14906809639,0.0,23.0,28903400.0,322340000.0
2019-09-11,378.4664306640625,10178.3720703125,1.1050333976745605,1494.4000244140625,128.8051300048828,27137.0390625,379.0198862336827,10215.9482421875,1.1058276891708374,1496.5999755859375,128.9470779143746,27137.0390625,363.7009599321909,9980.7763671875,1.0986233949661255,1490.199951171875,127.83048166936099,26885.48046875,364.4323054718177,10123.03515625,1.1049723625183105,1491.699951171875,128.6064231459238,26928.05078125,8437000.0,15428063426,0.0,8.0,24726100.0,272590000.0
2019-09-12,371.2418212890625,10410.126953125,1.1013457775115967,1498.699951171875,130.12986755371094,27182.44921875,379.5140364771294,10442.25390625,1.1077508926391602,1515.4000244140625,130.98149701059072,27306.73046875,369.93723455001657,10099.2421875,1.0929558277130127,1498.699951171875,129.5147890003621,27105.009765625,379.2274158690665,10176.8193359375,1.1014429330825806,1499.5,130.44213553824756,27197.3203125,4495300.0,15323563925,0.0,27.0,27010000.0,250010000.0
2019-09-13,375.3235778808594,10360.546875,1.1058276891708374,1490.9000244140625,129.94061279296875,27219.51953125,377.2903206539453,10441.4892578125,1.110913634300232,1490.9000244140625,130.64083693647956,27277.55078125,372.6452149233146,10226.5966796875,1.1057665348052979,1486.9000244140625,129.23091679532268,27193.94921875,372.98126951750123,10415.3623046875,1.1057665348052979,1490.9000244140625,130.3758849191292,27216.669921875,3628900.0,14109864675,0.0,1.0,23363100.0,255260000.0
2019-09-14,,10358.048828125,,,,,,10422.1337890625,,,,,,10291.6943359375,,,,,,10345.4033203125,,,,,,13468713124,,,,
2019-09-15,,10347.712890625,,,,,,10387.03515625,,,,,,10313.0927734375,,,,,,10356.4658203125,,,,,,12043433567,,,,
2019-09-16,374.4241943359375,10276.7939453125,1.1083402633666992,1503.0999755859375,129.0038299560547,27076.8203125,377.1717165384545,10386.8671875,1.1084262132644653,1506.800048828125,129.35394208501495,27172.869140625,370.61916487764734,10189.744140625,1.099493145942688,1496.9000244140625,128.3698364938922,27032.560546875,373.7224971622006,10347.22265625,1.1084139347076416,1506.5999755859375,128.53069921365244,27146.060546875,3055500.0,15160167779,0.0,21.0,16731400.0,220620000.0
2019-09-17,379.7117004394531,10241.2724609375,1.100594401359558,1505.0999755859375,130.00685119628906,27110.80078125,380.80871869013856,10296.771484375,1.1068068742752075,1505.0999755859375,130.1298697968399,27110.80078125,373.386442563594,10199.7392578125,1.0992876291275024,1497.9000244140625,129.0984339129961,26984.140625,373.9893320888593,10281.513671875,1.1004005670547485,1497.9000244140625,129.59996573108685,27010.119140625,3269500.0,15304603363,0.0,3.0,17814200.0,223580000.0
2019-09-18,381.8959045410156,10198.248046875,1.1074687242507935,1507.5,131.07615661621094,27147.080078125,382.2220361610758,10275.9287109375,1.1077877283096313,1509.4000244140625,131.21809007607706,27161.9296875,375.36310786015304,10191.4697265625,1.1037527322769165,1489.300048828125,129.1930908954214,26899.150390625,378.77281651157256,10247.7958984375,1.1074320077896118,1508.9000244140625,129.9784897305606,27075.390625,4186400.0,16169268880,0.0,8.0,23982100.0,212860000.0
2019-09-19,379.94891357421875,10266.4150390625,1.1031439304351807,1498.4000244140625,133.48910522460938,27094.7890625,383.98123709852734,10295.6689453125,1.107499361038208,1502.4000244140625,134.7192335174894,27272.169921875,378.4268956525087,9851.6923828125,1.102353572845459,1496.0999755859375,132.5428438062073,27064.2109375,381.6290659699697,10200.49609375,1.1031439304351807,1496.0999755859375,132.7604798895748,27186.05078125,2928800.0,19937691247,0.0,10.0,35772100.0,212360000.0
2019-09-20,374.9579162597656,10181.6416015625,1.1048502922058105,1507.300048828125,131.94668579101562,26935.0703125,380.23552985627964,10285.8720703125,1.1068999767303467,1507.300048828125,134.0379153020489,27194.75,373.5050878422204,10132.1865234375,1.0998800992965698,1503.0,130.8206324671658,26926.6796875,379.62274746596086,10266.318359375,1.1046061515808105,1503.0,133.43230861176025,27102.1796875,6643000.0,14734189639,0.0,2.0,39167300.0,497640000.0
2019-09-21,,10019.716796875,,,,,,10188.09765625,,,,,,10000.7080078125,,,,,,10183.6484375,,,,,,13425266806,,,,
2019-09-22,,10070.392578125,,,,,,10074.4443359375,,,,,,9922.533203125,,,,,,10024.115234375,,,,,,13199651698,,,,
2019-09-23,372.6254577636719,9729.32421875,1.1019041538238525,1523.699951171875,131.66281127929688,26949.990234375,375.6596006388506,10074.23828125,1.102803349494934,1523.699951171875,132.1264845655933,27011.0703125,370.0459627910404,9727.1435546875,1.0968279838562012,1515.5,131.00043118373284,26831.33984375,372.2103510180996,10067.962890625,1.1019526720046997,1515.5,131.74797134041157,26851.44921875,2674900.0,15144925408,0.0,5.0,17139300.0,204240000.0
2019-09-24,377.1914978027344,8620.56640625,1.0993722677230835,1532.0999755859375,129.99740600585938,26807.76953125,377.428714593985,9804.3173828125,1.1013944149017334,1533.0,133.1295291766946,27079.6796875,370.92556631315745,8370.8017578125,1.0985147953033447,1515.0999755859375,129.52427526854157,26704.9609375,375.1061616365466,9729.3212890625,1.0993722677230835,1515.0999755859375,132.81726115740835,27034.0703125,3533300.0,25002886689,0.0,25.0,29773200.0,301750000.0
2019-09-25,381.6883544921875,8486.9931640625,1.1016855239868164,1504.5999755859375,131.87098693847656,26970.7109375,386.43226796803356,8744.828125,1.1019283533096313,1527.9000244140625,132.43874954390984,27016.560546875,378.6245632152149,8325.396484375,1.094834566116333,1504.5999755859375,128.7199347998079,26755.859375,380.4134160581407,8603.4287109375,1.1015641689300537,1527.5999755859375,130.11094018819685,26866.7109375,4705500.0,21744728353,0.0,25.0,21382000.0,237220000.0
2019-09-26,382.37030029296875,8118.9677734375,1.0952903032302856,1507.5,132.04132080078125,26891.119140625,383.6946425678044,8515.685546875,1.0967316627502441,1507.5,132.64692757150533,27015.0703125,378.85186106477056,7895.62939453125,1.092514157295227,1507.5,131.00044183421406,26803.83984375,382.5778385924778,8487.669921875,1.0951822996139526,1507.5,131.9467033158957,27004.109375,2520400.0,19258205289,0.0,8178.0,17456600.0,229180000.0
2019-09-27,378.3873596191406,8251.845703125,1.0922753810882568,1499.0999755859375,130.32859802246094,26820.25,385.13758746132805,8271.5205078125,1.0958423614501953,1506.0999755859375,132.8172704961554,27012.5390625,376.8554790077866,7965.9228515625,1.0905839204788208,1485.5999755859375,129.30663382534084,26715.8203125,383.6551106783142,8113.10107421875,1.0923112630844116,1504.199951171875,132.6185492194354,26987.259765625,2730800.0,16408941156,0.0,7827.0,22477700.0,217780000.0
2019-09-28,,8245.9150390625,,,,,,8285.6171875,,,,,,8125.431640625,,,,,,8251.2734375,,,,,,14141152736,,,,
2019-09-29,,8104.185546875,,,,,,8261.70703125,,,,,,7990.4970703125,,,,,,8246.037109375,,,,,,13034629109,,,,
2019-09-30,376.0252685546875,8293.8681640625,1.0942714214324951,1465.699951171875,131.55874633789062,26916.830078125,379.28670517806654,8314.2314453125,1.0948106050491333,1495.9000244140625,131.73853834833454,26998.859375,372.289428536917,7830.7587890625,1.088767170906067,1463.5,130.3759193626605,26852.330078125,378.5257113422288,8104.2265625,1.0941636562347412,1495.9000244140625,130.63141403217585,26852.330078125,3183300.0,17115474183,0.0,1078.0,17280900.0,222680000.0
2019-10-01,370.55987548828125,8343.2763671875,1.0899657011032104,1482.0,129.70408630371094,26573.0390625,378.37747284534413,8497.6923828125,1.0937328338623047,1485.5,132.7131913042607,27046.2109375,370.2534993855283,8232.6796875,1.0881510972976685,1458.300048828125,129.63784106013344,26562.220703125,377.2409134163189,8299.720703125,1.0899182558059692,1468.699951171875,132.15490041756343,26962.5390625,2943800.0,15305343413,0.0,219.0,21466600.0,260110000.0
2019-10-02,363.06842041015625,8393.0419921875,1.0934937000274658,1501.0,127.41409301757812,26078.619140625,368.63265457068417,8393.0419921875,1.0957943201065063,1503.699951171875,129.04166379707252,26438.0390625,359.5203630504826,8227.6953125,1.090524435043335,1474.0999755859375,126.40160081755963,25974.119140625,367.5059879379869,8344.212890625,1.0935415029525757,1476.5999755859375,128.92811704834605,26425.859375,3698300.0,13125712443,0.0,205.0,30521700.0,309640000.0
2019-10-03,367.7234191894531,8259.9921875,1.0963709354400635,1507.0999755859375,128.9564666748047,26201.0390625,367.90130915871816,8414.2275390625,1.0998317003250122,1518.199951171875,129.40121056457298,26205.19921875,358.98669326421947,8146.43701171875,1.0941877365112305,1496.5999755859375,126.06090990400638,25743.4609375,361.93186107005033,8390.7744140625,1.0962027311325073,1497.4000244140625,127.69793762916245,26039.01953125,2623900.0,13668823409,0.0,1213.0,24132900.0,241610000.0
2019-10-04,371.31103515625,8205.939453125,1.0975382328033447,1506.199951171875,130.69761657714844,26573.720703125,371.73600460093013,8260.0556640625,1.0992271900177002,1508.699951171875,130.820635176393,26590.740234375,367.37751918273335,8151.23681640625,1.0959144830703735,1497.0999755859375,129.08897512639277,26271.69921875,367.9013264464495,8259.494140625,1.0974900722503662,1505.5999755859375,129.40124311299635,26271.69921875,2008400.0,13139456229,0.0,233.0,22897700.0,221310000.0
2019-10-05,,8151.50048828125,,,,,,8215.5263671875,,,,,,8071.12060546875,,,,,,8210.1494140625,,,,,,12200497197,,,,
2019-10-06,,7988.15576171875,,,,,,8161.41015625,,,,,,7958.8505859375,,,,,,8149.876953125,,,,,,13160830305,,,,
2019-10-07,372.1412048339844,8245.623046875,1.098659634590149,1497.699951171875,129.7513885498047,26478.01953125,373.73238206588286,8308.4501953125,1.1001100540161133,1505.800048828125,130.7544235555265,26655.83984375,368.7018479213095,7905.76611328125,1.0963709354400635,1489.0999755859375,129.6567710512083,26424.5390625,369.6901657531172,7989.12060546875,1.098659634590149,1504.800048828125,129.77031782504656,26502.330078125,1931800.0,18009742607,0.0,121.0,15303700.0,195200000.0
2019-10-08,369.7297058105469,8228.783203125,1.0972130298614502,1497.199951171875,128.3792266845703,26164.0390625,372.93184592452764,8332.71484375,1.0998003482818604,1506.300048828125,130.35690868687905,26421.810546875,364.33349891004355,8185.76318359375,1.094666838645935,1489.300048828125,128.33191074734634,26139.80078125,366.7153183358692,8246.849609375,1.0972732305526733,1489.4000244140625,129.71345814478306,26276.58984375,4030200.0,15592264032,0.0,46.0,25550500.0,244590000.0
2019-10-09,370.57965087890625,8595.740234375,1.0960105657577515,1506.0999755859375,130.81121826171875,26346.009765625,373.445766598452,8627.7060546875,1.0991994142532349,1507.699951171875,131.24649054353102,26424.310546875,369.13671526967113,8169.298828125,1.095554232597351,1498.4000244140625,129.60946189976303,26249.75,371.6075098832566,8229.8408203125,1.0960224866867065,1507.699951171875,130.07313531533518,26308.23046875,2774100.0,19384942333,0.0,120.0,19749900.0,190060000.0
2019-10-10,366.6659240722656,8586.4736328125,1.0987803936004639,1494.800048828125,131.62493896484375,26496.669921875,370.16457772279796,8625.2724609375,1.1033873558044434,1511.199951171875,132.16430034177134,26603.310546875,366.0037378387857,8471.93359375,1.0980443954467773,1490.5999755859375,130.82061116767795,26314.509765625,369.3343943442266,8585.2802734375,1.098587155342102,1511.199951171875,131.04771905411067,26317.349609375,2723700.0,17618660671,0.0,78.0,17654600.0,217680000.0
2019-10-11,370.5401306152344,8321.7568359375,1.1011033058166504,1482.699951171875,132.17381286621094,26816.58984375,372.536521755105,8721.7802734375,1.1061996221542358,1494.9000244140625,133.45127179698633,27013.970703125,365.75664582121095,8316.181640625,1.1003884077072144,1476.9000244140625,132.0034927094708,26694.19921875,368.6425471285827,8585.2626953125,1.1014429330825806,1491.9000244140625,132.59017027887273,26694.19921875,3935400.0,19604381101,0.0,57.0,25446000.0,282080000.0
2019-10-12,,8336.5556640625,,,,,,8415.2421875,,,,,,8313.3408203125,,,,,,8315.6650390625,,,,,,14532641605,,,,
2019-10-13,,8321.005859375,,,,,,8470.98828125,,,,,,8276.6123046875,,,,,,8336.90234375,,,,,,13808286059,,,,
2019-10-14,368.8204345703125,8374.6865234375,1.1030004024505615,1491.699951171875,132.05078125,26787.359375,374.2759682063856,8390.208984375,1.1043000221252441,1493.5,132.75100544512486,26874.330078125,368.32627566333866,8284.130859375,1.1015156507492065,1481.300048828125,132.02239456310593,26749.1796875,369.8779418698923,8320.83203125,1.1028155088424683,1484.4000244140625,132.1832572684401,26766.4296875,2124500.0,15151387859,0.0,400.0,13304300.0,178620000.0
2019-10-15,366.6263732910156,8205.369140625,1.1029006242752075,1477.5999755859375,133.96224975585938,27024.80078125,369.1663573494414,8410.71484375,1.1045451164245605,1495.4000244140625,134.17041400568684,27120.109375,366.2014038633288,8182.70654296875,1.0992755889892578,1476.5999755859375,132.29682024680068,26811.19921875,368.2274433477458,8373.4580078125,1.1025844812393188,1488.9000244140625,132.53338562580973,26811.19921875,2836600.0,15220412632,0.0,367.0,19695700.0,245510000.0
2019-10-16,368.0792236328125,8047.52685546875,1.1034727096557617,1488.0,132.8645782470703,27001.98046875,373.01095040136386,8216.8125,1.1076282262802124,1488.0,133.4134116396757,27058.33984375,364.9264871585464,7985.08984375,1.102353572845459,1480.0,132.03186352190292,26943.2890625,365.89504954635953,8204.6748046875,1.103399634361267,1482.0,133.2241477920981,26972.310546875,3657100.0,16071646996,0.0,383.0,20751600.0,214660000.0
2019-10-17,364.74859619140625,8103.9111328125,1.107493281364441,1492.300048828125,132.1833038330078,27025.880859375,369.4332133143302,8134.83154296875,1.1139951944351196,1493.199951171875,133.82033258872727,27112.16015625,364.74859619140625,8000.94287109375,1.1065863370895386,1485.800048828125,131.5493102043628,26970.2890625,368.06935996845397,8047.8125,1.1074295043945312,1486.199951171875,133.3755884189779,27032.380859375,2397100.0,14313052244,0.0,271.0,21460600.0,222540000.0
2019-10-18,339.9813537597656,7973.20751953125,1.1127183437347412,1488.199951171875,130.0258026123047,26770.19921875,365.03521827398527,8138.41357421875,1.1161960363388062,1489.0999755859375,132.47661655322608,27018.25,339.9813537597656,7902.1640625,1.1115063428878784,1486.5999755859375,129.2214745219951,26770.130859375,364.6893009806788,8100.93359375,1.1127183437347412,1487.300048828125,132.24950858402207,27004.490234375,13544300.0,15651592610,0.0,82.0,32273500.0,288970000.0
2019-10-19,,7988.560546875,,,,,,8082.62939453125,,,,,,7944.77685546875,,,,,,7973.8037109375,,,,,,13797825640,,,,
2019-10-20,,8222.078125,,,,,,8281.818359375,,,,,,7949.439453125,,,,,,7997.80712890625,,,,,,15504249442,,,,
2019-10-21,327.1924743652344,8243.720703125,1.1155734062194824,1482.4000244140625,130.99098205566406,26827.640625,330.33531759523845,8296.6943359375,1.118067979812622,1489.9000244140625,131.05722729611554,26852.669921875,320.6102744813556,8196.416015625,1.1140000820159912,1481.5,129.6472923604472,26747.619140625,329.0011127515458,8225.115234375,1.1156107187271118,1489.9000244140625,131.00991132990816,26852.669921875,15493100.0,15868748866,0.0,72.0,20078200.0,241030000.0
2019-10-22,333.0631103515625,8078.203125,1.1151753664016724,1481.699951171875,129.04164123535156,26788.099609375,337.4907851097691,8296.6513671875,1.116071343421936,1483.5,132.48603158626617,26946.640625,330.5527746058912,8074.462890625,1.1124708652496338,1481.699951171875,128.93755192095026,26782.609375,332.1439820037884,8243.40234375,1.115200161933899,1483.4000244140625,131.50192624549086,26850.4296875,7949700.0,16803377857,0.0,99.0,27431000.0,265510000.0
2019-10-23,336.522216796875,7514.671875,1.112928867340088,1489.9000244140625,129.8649139404297,26833.94921875,346.70187825082684,8092.99951171875,1.1133378744125366,1490.300048828125,130.06362073983522,26896.890625,332.5689455276019,7469.32275390625,1.1108025312423706,1486.4000244140625,128.3225033068228,26745.0,340.9696469748073,8076.228515625,1.1129660606384277,1486.4000244140625,129.52425927407486,26835.240234375,10960800.0,21942878958,0.0,67.0,29844600.0,247680000.0
2019-10-24,340.52490234375,7493.48876953125,1.1132385730743408,1498.9000244140625,132.41983032226562,26805.529296875,341.70100299534016,7532.86767578125,1.1165698766708374,1501.199951171875,132.8740317777983,26931.779296875,333.8241085431184,7446.98876953125,1.109385371208191,1485.9000244140625,131.21807423155636,26714.33984375,337.70822060679814,7509.72802734375,1.1132633686065674,1490.5,131.89938363425736,26893.9296875,5382700.0,16268708849,0.0,115.0,37029300.0,253590000.0
2019-10-25,335.86004638671875,8660.7001953125,1.1103955507278442,1499.5,133.16734313964844,26958.060546875,339.35870006969503,8691.5400390625,1.1125946044921875,1514.300048828125,133.55531372174337,27015.369140625,334.94091801203433,7479.984375,1.1080454587936401,1499.0,131.71956456627072,26765.6796875,338.9139751276224,7490.703125,1.1104449033737183,1501.4000244140625,131.85204056518106,26789.609375,4058000.0,28705065488,0.0,93.0,25959700.0,274610000.0
2019-10-26,,9244.97265625,,,,,,10021.744140625,,,,,,8662.6220703125,,,,,,8667.5771484375,,,,,,44496255609,,,,
2019-10-27,,9551.71484375,,,,,,9749.529296875,,,,,,9112.5419921875,,,,,,9241.70703125,,,,,,32593129501,,,,
2019-10-28,336.89776611328125,9256.1484375,1.1084262132644653,1490.0,136.44142150878906,27090.720703125,340.94987500068896,9805.1181640625,1.1106668710708618,1504.0999755859375,137.84188421406174,27167.880859375,335.5239899362822,9256.1484375,1.107714056968689,1490.0,135.79795630552206,27028.7109375,337.5105183046379,9565.1015625,1.1084753274917603,1504.0999755859375,136.6401282994849,27040.330078125,3234500.0,30948255332,0.0,37.0,35280100.0,290770000.0
2019-10-29,344.8537292480469,9427.6875,1.1099148988723755,1487.0,135.15451049804688,27071.4609375,345.6345087699359,9516.1806640625,1.1118770837783813,1487.0,136.7347652215847,27165.939453125,335.2571716733538,9232.6484375,1.1075055599212646,1485.9000244140625,134.98417594668706,27039.759765625,336.2158411639569,9248.4404296875,1.1102476119995117,1485.9000244140625,136.33733718681492,27061.0703125,6113600.0,28426779937,0.0,425.0,20589500.0,269610000.0
2019-10-30,342.01727294921875,9205.7265625,1.1114816665649414,1493.199951171875,136.83889770507812,27186.689453125,345.9112476932799,9426.8740234375,1.1125946044921875,1495.4000244140625,137.20793917081286,27204.359375,339.2598577010792,9085.3701171875,1.1103339195251465,1481.0,135.11669457244474,26999.640625,342.58062136268967,9422.462890625,1.111222267150879,1487.199951171875,135.80747597248705,27110.7109375,3997600.0,27706531577,0.0,320.0,18496600.0,231750000.0
2019-10-31,335.9391174316406,9199.5849609375,1.1154489517211914,1511.4000244140625,135.66549682617188,27046.23046875,342.0172660578537,9383.1611328125,1.1176930665969849,1513.0999755859375,137.1416623492386,27188.369140625,335.4844996746456,9028.7177734375,1.113374948501587,1496.0999755859375,135.30592730055537,26918.2890625,340.6731682854974,9202.4580078125,1.1154240369796753,1496.0999755859375,137.11327566139528,27188.369140625,3868400.0,26583653947,0.0,210.0,24605100.0,273830000.0
2019-11-01,341.1574401855469,9261.1044921875,1.1157102584838867,1508.0,135.99668884277344,27347.359375,341.1574401855469,9275.6572265625,1.1174432039260864,1511.5999755859375,136.6590689315044,27347.4296875,335.53390922048317,9132.0478515625,1.1130775213241577,1503.0,135.28699279653247,27142.94921875,336.6111720549116,9193.9921875,1.1156107187271118,1511.0,136.5076636429936,27142.94921875,3538200.0,24324691031,0.0,235.0,33128400.0,270870000.0
2019-11-02,,9324.7177734375,,,,,,9377.486328125,,,,,,9249.587890625,,,,,,9259.783203125,,,,,,21242676385,,,,
2019-11-03,,9235.3544921875,,,,,,9379.806640625,,,,,,9141.251953125,,,,,,9324.787109375,,,,,,21132220847,,,,
2019-11-04,346.9884948730469,9412.6123046875,1.1166571378707886,1508.0,136.78207397460938,27462.109375,347.34430496694455,9505.0517578125,1.1177005767822266,1511.5999755859375,137.20788867238403,27517.580078125,342.0073646859405,9191.4853515625,1.1141999959945679,1508.0,136.41303264469778,27402.060546875,342.4125786057095,9235.607421875,1.1169440746307373,1511.5999755859375,137.04702598383813,27402.060546875,3703000.0,26170255634,0.0,101.0,16912000.0,273030000.0
2019-11-05,354.1044006347656,9342.52734375,1.1128545999526978,1480.800048828125,136.69686889648438,27492.630859375,357.38559287903496,9457.41796875,1.1138995885849,1507.0999755859375,137.22677274039782,27560.359375,349.063973713978,9256.931640625,1.1064640283584595,1480.800048828125,136.1764224644991,27453.55078125,351.08015051450633,9413.0048828125,1.1128298044204712,1507.0999755859375,137.1794568031634,27500.23046875,5468900.0,26198609048,0.0,31.0,18250200.0,286350000.0
2019-11-06,350.05230712890625,9360.8798828125,1.107419729232788,1490.199951171875,136.31845092773438,27492.560546875,355.20143476209995,9423.2373046875,1.1095085144042969,1491.0,136.75373763961446,27526.05078125,349.0046926045575,9305.9091796875,1.1067456007003784,1483.199951171875,135.5046653315466,27407.810546875,354.66773466973075,9340.8642578125,1.107444167137146,1483.199951171875,136.61178972889388,27502.740234375,3815700.0,23133895765,0.0,567.0,16575800.0,237910000.0
2019-11-07,355.1966857910156,9267.5615234375,1.1070396900177002,1464.199951171875,136.5076904296875,27674.80078125,357.2743208351131,9368.4765625,1.109139323234558,1489.0999755859375,137.09438242809176,27774.669921875,352.9500428644524,9202.353515625,1.1038014888763428,1464.199951171875,136.04403149599426,27590.16015625,354.01372162500064,9352.3935546875,1.1070642471313477,1489.0999755859375,136.1102622984622,27590.16015625,2834500.0,22700383839,0.0,581.0,17786700.0,259020000.0
2019-11-08,348.92401123046875,8804.880859375,1.1019697189331055,1461.300048828125,138.11631774902344,27681.240234375,354.8885242429554,9272.759765625,1.103813648223877,1469.0999755859375,138.14470443539548,27694.94921875,348.4766606196995,8775.5341796875,1.1017802953720093,1461.300048828125,136.03453115638695,27578.970703125,354.29206687429036,9265.3681640625,1.103460431098938,1469.0999755859375,136.2427098156506,27686.19921875,3218200.0,24333037836,0.0,21.0,16732700.0,221440000.0
2019-11-09,,8813.58203125,,,,,,8891.818359375,,,,,,8793.1630859375,,,,,,8809.46875,,,,,,17578630606,,,,
2019-11-10,,9055.5263671875,,,,,,9103.826171875,,,,,,8806.162109375,,,,,,8812.4892578125,,,,,,20587919881,,,,
2019-11-11,364.78961181640625,8757.7880859375,1.102244257926941,1455.5,138.25823974609375,27691.490234375,367.56311889555906,9081.279296875,1.1043622493743896,1461.0,138.5515784402127,27714.390625,343.51618787877885,8700.6083984375,1.101722002029419,1449.300048828125,136.95239452576902,27517.669921875,346.9756163897338,9056.91796875,1.102280616760254,1461.0,137.5296144989327,27580.66015625,11483400.0,20265510765,0.0,22.0,14362600.0,202350000.0
2019-11-12,360.7337341308594,8815.662109375,1.1035456657409668,1452.0999755859375,139.16668701171875,27691.490234375,364.93869618239364,8853.7685546875,1.1041183471679688,1454.9000244140625,139.63981776605712,27770.859375,357.88071373395235,8685.427734375,1.1003884077072144,1447.0999755859375,138.21095364712016,27635.3203125,364.32236805530886,8759.751953125,1.1034847497940063,1454.9000244140625,138.41913233413342,27701.58984375,5769700.0,20309769107,0.0,6.0,18641600.0,213670000.0
2019-11-13,360.3559875488281,8808.2626953125,1.1012367010116577,1461.699951171875,139.39378356933594,27783.58984375,364.45161488441556,8836.841796875,1.1020498275756836,1463.300048828125,139.5357314620123,27806.400390625,358.9841447285023,8761.6513671875,1.1001100540161133,1456.800048828125,138.4191353492728,27587.19921875,359.72970884067234,8812.033203125,1.1012123823165894,1456.800048828125,138.8544220058199,27622.0390625,3453700.0,17545755405,0.0,56.0,16919200.0,278390000.0
2019-11-14,365.26678466796875,8708.0947265625,1.1013215780258179,1471.800048828125,140.1034698486328,27781.9609375,366.3006420996767,8826.943359375,1.1017826795578003,1471.800048828125,140.4346671360793,27800.7109375,359.34204348306713,8692.5517578125,1.0990822315216064,1463.699951171875,139.10043500844046,27676.970703125,360.9524571661207,8811.9365234375,1.1008729934692383,1463.800048828125,139.11936428055844,27757.19921875,5339600.0,19084739975,0.0,83.0,19729800.0,303970000.0
2019-11-15,369.481689453125,8491.9921875,1.1020498275756836,1467.300048828125,141.9108428955078,28004.890625,371.27106154614364,8730.873046875,1.1055831909179688,1469.0999755859375,141.92977216898475,28004.890625,367.11576112139653,8484.84375,1.1015278100967407,1467.300048828125,140.30220118129054,27843.5390625,367.81163310263963,8705.7080078125,1.102292776107788,1469.0999755859375,140.92672281797846,27843.5390625,5493100.0,21796856471,0.0,13.0,23485700.0,283720000.0
2019-11-16,,8550.7607421875,,,,,,8591.9970703125,,,,,,8473.9736328125,,,,,,8491.166015625,,,,,,16495389808,,,,
2019-11-17,,8577.9755859375,,,,,,8727.7890625,,,,,,8500.9677734375,,,,,,8549.470703125,,,,,,18668638897,,,,
2019-11-18,367.2748107910156,8309.2861328125,1.105509877204895,1470.9000244140625,142.26097106933594,28036.220703125,373.37851016419427,8653.2802734375,1.1090999841690063,1472.0,142.45969236622008,28040.970703125,365.72403987828307,8273.5732421875,1.1053999662399292,1469.699951171875,140.97405466520974,27969.240234375,369.47176153162104,8573.98046875,1.1053999662399292,1472.0,142.00549082323636,27993.220703125,3823800.0,21579470673,0.0,141.0,21534000.0,252320000.0
2019-11-19,364.8293762207031,8206.1455078125,1.1072357892990112,1473.300048828125,142.3082275390625,27934.01953125,372.613052288758,8408.5166015625,1.1085245609283447,1474.300048828125,143.19771541632704,28090.2109375,359.47124084737914,8099.96337890625,1.1064271926879883,1467.699951171875,142.12843559296,27894.51953125,371.30088249313815,8305.134765625,1.1072235107421875,1467.699951171875,142.77190074538996,28079.759765625,6670200.0,21083613816,0.0,18.0,23935700.0,245890000.0
2019-11-20,368.71624755859375,8027.26806640625,1.1080001592636108,1473.300048828125,142.0614013671875,27821.08984375,368.79576104836127,8237.240234375,1.1082788705825806,1474.5,143.21976982554105,27897.279296875,363.5867628617756,8010.51171875,1.1053632497787476,1467.300048828125,140.96001396227345,27675.279296875,363.83528423078565,8203.61328125,1.108033299446106,1472.5999755859375,142.71654584634737,27879.55078125,3774800.0,20764300437,0.0,31.0,25696800.0,258140000.0
2019-11-21,364.2726745605469,7642.75,1.1078859567642212,1463.0999755859375,141.928466796875,27766.2890625,368.5671309835078,8110.09814453125,1.1096439361572266,1463.0999755859375,142.2323077802058,27828.330078125,364.0937464605269,7597.3818359375,1.106378197669983,1463.0999755859375,140.99797913931158,27708.33984375,367.56309497159526,8023.64453125,1.107898235321045,1463.0999755859375,141.8525065510423,27820.279296875,2703800.0,22514243371,0.0,16.0,18576100.0,232020000.0
2019-11-22,369.1437072753906,7296.57763671875,1.1065863370895386,1463.0999755859375,142.0329132080078,27875.619140625,371.34062774401735,7697.3828125,1.1078613996505737,1468.5999755859375,142.7070513485023,27898.4609375,364.44167192189826,6936.70654296875,1.102864146232605,1463.0999755859375,141.30182299190173,27773.98046875,366.0918574983644,7643.5693359375,1.1065618991851807,1468.5999755859375,142.48867469225863,27831.23046875,3915700.0,34242315785,0.0,19.0,15901800.0,214780000.0
2019-11-23,,7397.796875,,,,,,7442.2587890625,,,,,,7151.41796875,,,,,,7296.16455078125,,,,,,21008924418,,,,
2019-11-24,,7047.9169921875,,,,,,7408.5771484375,,,,,,7029.2890625,,,,,,7398.6337890625,,,,,,30433517289,,,,
2019-11-25,370.9231262207031,7146.1337890625,1.1022562980651855,1456.5999755859375,143.5900421142578,28066.470703125,372.0861892630233,7319.85693359375,1.1033873558044434,1457.0999755859375,143.70398971346074,28068.689453125,367.01637749974975,6617.1669921875,1.100618600845337,1455.5,142.34622402312368,27917.76953125,370.31671829246125,7039.97705078125,1.1024142503738403,1457.0999755859375,142.4221842599477,27917.76953125,3324400.0,42685231262,0.0,14.0,22420900.0,248420000.0
2019-11-26,371.3008728027344,7218.37109375,1.1014429330825806,1459.800048828125,144.3496551513672,28121.6796875,372.55339986300436,7320.23046875,1.102657437324524,1459.800048828125,144.71995231545992,28146.01953125,369.16356477720245,7098.572265625,1.1008002758026123,1459.800048828125,143.6755314749622,28042.2109375,371.449979555495,7145.1591796875,1.1012003421783447,1459.800048828125,143.7135043560251,28080.75,2859000.0,21129505542,0.0,346362.0,24620100.0,324050000.0
2019-11-27,365.8234558105469,7531.66357421875,1.1022562980651855,1453.4000244140625,144.62501525878906,28164.0,369.6307898419985,7619.693359375,1.1022076606750488,1461.9000244140625,144.79591495830078,28174.970703125,364.6305411024191,6974.17431640625,1.09933602809906,1452.0,143.86542723355166,28075.23046875,367.77185485254637,7220.880859375,1.1022076606750488,1461.0999755859375,144.63450485722754,28156.470703125,4145000.0,23991412764,0.0,88364.0,15184400.0,198210000.0
2019-11-28,,7463.10595703125,1.1004853248596191,,,,,7730.07275390625,1.1019283533096313,,,,,7454.12158203125,1.100158452987671,,,,,7536.8203125,1.1006064414978027,,,,,19050116751,0.0,,,
2019-11-29,364.01422119140625,7761.24365234375,1.101176142692566,1465.5999755859375,143.7324981689453,28051.41015625,366.12167759794966,7781.1796875,1.102669596672058,1465.5999755859375,144.6060193135359,28119.509765625,364.01422119140625,7460.75634765625,1.0982855558395386,1452.0999755859375,143.63754423429873,28042.529296875,365.32642133260265,7466.72705078125,1.1011276245117188,1453.5999755859375,144.41612593217906,28103.16015625,1390900.0,19709695456,0.0,7020.0,11977300.0,120630000.0
2019-11-30,,7569.6298828125,,,,,,7836.10205078125,,,,,,7515.849609375,,,,,,7764.05712890625,,,,,,17158194786,,,,
2019-12-01,,7424.29248046875,,,,,,7571.6162109375,,,,,,7291.341796875,,,,,,7571.6162109375,,,,,,18720708479,,,,
2019-12-02,353.07928466796875,7321.98828125,1.1019041538238525,1462.300048828125,141.9949188232422,27783.0390625,365.20714004221884,7474.81884765625,1.1089179515838623,1464.4000244140625,144.15973483779825,28109.83984375,353.05941387908985,7233.3994140625,1.1003763675689697,1453.300048828125,140.8270609835844,27782.349609375,364.9088961865412,7424.0361328125,1.1017705202102661,1462.800048828125,144.1407411568471,28109.740234375,4794500.0,17082040706,0.0,2172.0,27418400.0,236610000.0
2019-12-03,349.99761962890625,7320.1455078125,1.1079105138778687,1478.199951171875,141.76705932617188,27502.810546875,353.4570481904535,7418.85888671875,1.1092623472213745,1480.4000244140625,141.88099245305773,27524.740234375,345.55405610172096,7229.35693359375,1.1066476106643677,1459.5,139.24143543533958,27325.130859375,350.00757019206065,7323.9755859375,1.1076037883758545,1461.5999755859375,140.03901078734793,27501.98046875,4683500.0,14797485769,0.0,1460.0,24066000.0,275350000.0
2019-12-04,346.7767639160156,7252.03466796875,1.1085245609283447,1474.0,142.27976989746094,27649.779296875,353.1886271881577,7539.78466796875,1.1113457679748535,1483.4000244140625,142.5930859579139,27727.44921875,346.7568931284116,7170.9228515625,1.1067945957183838,1471.199951171875,141.66259839745004,27612.080078125,352.60212041449677,7320.125,1.1081806421279907,1477.5,142.5551130829279,27634.630859375,3014200.0,21664240918,0.0,613.0,17574700.0,218200000.0
2019-12-05,343.6354675292969,7448.3076171875,1.108303427696228,1476.9000244140625,142.35572814941406,27677.7890625,348.34745341713415,7743.431640625,1.1104941368103027,1478.0,142.72603977470254,27745.19921875,343.54600347496273,7232.6767578125,1.1079963445663452,1472.300048828125,141.92846445061193,27562.80078125,348.14862418278153,7253.24169921875,1.1082665920257568,1474.699951171875,142.46967576024716,27736.05078125,4719600.0,18816085231,0.0,907.0,17869100.0,208600000.0
2019-12-06,351.9957275390625,7546.99658203125,1.1105434894561768,1459.0999755859375,144.08380126953125,28015.060546875,352.30389161401826,7546.99658203125,1.1112345457077026,1476.0,144.19773440045816,28035.849609375,345.0569998970122,7392.17529296875,1.1042280197143555,1458.199951171875,142.67857286566638,27839.6796875,345.6832786096905,7450.5615234375,1.1104201078414917,1475.0,143.36220062710038,27839.6796875,2856100.0,18104466307,0.0,899.0,16403500.0,223310000.0
2019-12-07,,7556.23779296875,,,,,,7589.95166015625,,,,,,7525.71142578125,,,,,,7547.265625,,,,,,15453520564,,,,
2019-12-08,,7564.34521484375,,,,,,7634.6064453125,,,,,,7476.09130859375,,,,,,7551.3388671875,,,,,,15409908086,,,,
2019-12-09,349.13275146484375,7400.8994140625,1.105888843536377,1459.300048828125,143.71351623535156,27909.599609375,351.50863031382863,7618.091796875,1.108033299446106,1464.199951171875,144.52058128202933,28010.419921875,347.5024670597976,7365.9853515625,1.1053999662399292,1458.5999755859375,143.28625247037877,27906.140625,350.5841381022248,7561.79541015625,1.105780005455017,1458.800048828125,143.43817298306075,27987.05078125,2844600.0,17872021272,0.0,1461.0,16687400.0,217000000.0
2019-12-10,345.84234619140625,7278.11962890625,1.106499433517456,1462.5999755859375,143.49510192871094,27881.720703125,349.32164550990547,7424.02294921875,1.1097548007965088,1467.199951171875,144.21670244283945,27949.01953125,345.3950259098487,7246.0439453125,1.106353759765625,1460.699951171875,143.14378402425768,27804.0,348.07903861044144,7397.13427734375,1.1064517498016357,1460.699951171875,143.64700791362546,27900.650390625,2920900.0,18249031195,0.0,367.0,16476100.0,213250000.0
2019-12-11,347.929931640625,7217.42724609375,1.1092746257781982,1469.4000244140625,144.0363311767578,27911.30078125,347.9597529927109,7324.15625,1.1098779439926147,1475.4000244140625,144.19774128258666,27925.5,336.49794817243304,7195.52734375,1.1071745157241821,1463.0999755859375,142.73554624347213,27801.80078125,340.07666210815313,7277.19775390625,1.109385371208191,1463.0999755859375,143.88441066964705,27867.310546875,7369100.0,16350490689,0.0,393.0,18856600.0,213510000.0
2019-12-12,344.24188232421875,7243.13427734375,1.1135857105255127,1466.699951171875,145.49850463867188,28132.05078125,348.9936098840371,7266.6396484375,1.1153370141983032,1483.9000244140625,145.68839798152246,28224.94921875,338.98316144264624,7164.7412109375,1.1111851930618286,1463.699951171875,143.39065521078382,27859.869140625,346.19028144399283,7216.73876953125,1.1133253574371338,1475.0999755859375,143.98881851636642,27898.33984375,5970000.0,18927080224,0.0,955.0,24612100.0,277740000.0
2019-12-13,339.6492004394531,7269.6845703125,1.1186057329177856,1475.5999755859375,146.7233428955078,28135.380859375,347.24399775685174,7293.560546875,1.1186933517456055,1475.9000244140625,147.06515674014935,28290.73046875,339.08256443305254,7227.12255859375,1.111889362335205,1463.0999755859375,145.10922759667514,28028.3203125,344.2517907441467,7244.662109375,1.1183431148529053,1463.0999755859375,145.27063767776494,28123.640625,4526300.0,17125736940,0.0,468.0,23845400.0,250660000.0
2019-12-14,,7124.673828125,,,,,,7308.83642578125,,,,,,7097.208984375,,,,,,7268.90283203125,,,,,,17137029730,,,,
2019-12-15,,7152.3017578125,,,,,,7181.07568359375,,,,,,6924.3759765625,,,,,,7124.23974609375,,,,,,16881129804,,,,
2019-12-16,325.0659484863281,6932.48046875,1.1124460697174072,1475.0,147.6728515625,28235.890625,334.2413682900284,7171.1689453125,1.115785002708435,1475.300048828125,148.02415506952832,28337.490234375,324.49931248788374,6903.6826171875,1.1123470067977905,1473.800048828125,146.998727833449,28191.669921875,326.5868980409919,7153.6630859375,1.1125203371047974,1473.800048828125,147.27407108448304,28191.669921875,16488200.0,20213265950,0.0,99.0,24144200.0,286770000.0
2019-12-17,325.0659484863281,6640.51513671875,1.1136974096298218,1474.5999755859375,146.8752899169922,28267.16015625,328.99259822520025,6964.0751953125,1.1173185110092163,1476.9000244140625,147.84376506645128,28328.630859375,318.7137277752093,6587.97412109375,1.113089919090271,1474.0,146.64740915007906,28220.560546875,320.1551638406385,6931.3154296875,1.113709807395935,1474.0999755859375,147.5968906136444,28221.75,13526400.0,22363804217,0.0,410.0,25425600.0,286770000.0
2019-12-18,328.72418212890625,7276.802734375,1.115138053894043,1472.5999755859375,146.5714111328125,28239.279296875,333.2671600932545,7324.98486328125,1.1151504516601562,1472.5999755859375,147.62533586536176,28323.25,326.1992268302571,6540.04931640625,1.1111358404159546,1472.5999755859375,146.39100738314306,28239.279296875,326.7757830653986,6647.6982421875,1.1151504516601562,1472.5999755859375,146.50495498121165,28291.439453125,7029300.0,31836522778,0.0,250.0,24129200.0,289890000.0
2019-12-19,331.5274963378906,7202.84423828125,1.1115927696228027,1478.199951171875,147.84373474121094,28376.9609375,332.8297458455648,7346.6025390625,1.1142433881759644,1478.9000244140625,147.90070129927008,28381.48046875,329.0224119345874,7041.3818359375,1.110987663269043,1473.300048828125,145.98274507965075,28278.240234375,330.9310390027003,7277.5908203125,1.1115927696228027,1475.9000244140625,146.22011539685346,28278.310546875,5492600.0,25904604416,0.0,319.0,24958900.0,262570000.0
2019-12-20,326.0600280761719,7218.81640625,1.1125946044921875,1474.699951171875,149.45782470703125,28455.08984375,333.51566896206,7257.921875,1.1125946044921875,1478.0999755859375,150.48326604235788,28608.640625,326.0600280761719,7086.1240234375,1.1074320077896118,1474.699951171875,148.39439601413773,28445.599609375,332.6408689108496,7208.63671875,1.112371802330017,1476.699951171875,149.40085815861286,28608.640625,9489400.0,22633815180,0.0,118.0,53477500.0,603780000.0
2019-12-21,,7191.15869140625,,,,,,7223.22607421875,,,,,,7112.73583984375,,,,,,7220.59375,,,,,,19312552168,,,,
2019-12-22,,7511.5888671875,,,,,,7518.033203125,,,,,,7167.17919921875,,,,,,7191.1884765625,,,,,,23134537956,,,,
2019-12-23,335.5535583496094,7355.62841796875,1.1079840660095215,1482.5,149.45782470703125,28551.529296875,338.57558685368804,7656.17626953125,1.1097548007965088,1482.5,150.13194818055797,28582.490234375,332.22339609543354,7326.1923828125,1.1071499586105347,1479.9000244140625,149.32489793141104,28491.779296875,334.75830206083845,7508.90234375,1.1079840660095215,1482.300048828125,150.13194818055797,28491.779296875,9534800.0,27831788041,0.0,391.0,17718200.0,223530000.0
2019-12-24,331.03045654296875,7322.5322265625,1.109385371208191,1499.0999755859375,149.4293975830078,28515.44921875,337.7405333647857,7535.716796875,1.1097548007965088,1499.0999755859375,149.7427282049792,28576.80078125,330.65269921610394,7269.52880859375,1.1070642471313477,1488.699951171875,149.1825231298524,28503.2109375,337.50196256343133,7354.39306640625,1.1092993021011353,1488.699951171875,149.52433703673594,28572.5703125,4120100.0,22991622105,0.0,52.0,8989200.0,86150000.0
2019-12-25,,7275.15576171875,1.1090162992477417,,,,,7357.02001953125,1.110864281654358,,,,,7220.9912109375,1.1077877283096313,,,,,7325.755859375,1.109139323234558,,,,,21559505149,0.0,,,
2019-12-26,327.96868896484375,7238.966796875,1.1095454692840576,1509.300048828125,150.6542205810547,28621.390625,331.3883150439416,7388.302734375,1.1104941368103027,1512.300048828125,150.71118715022982,28624.099609375,327.3523304952682,7200.38671875,1.1082788705825806,1505.0,149.4483750777448,28535.150390625,330.73224533566565,7274.79931640625,1.1095085144042969,1505.199951171875,149.60029558750327,28539.4609375,4593400.0,22787010034,0.0,126.0,14520600.0,155970000.0
2019-12-27,328.1874084472656,7290.08837890625,1.110111951828003,1513.800048828125,150.92953491210938,28645.259765625,331.6766279965737,7363.529296875,1.118067979812622,1513.800048828125,151.48972533181646,28701.66015625,327.2231442784637,7189.93408203125,1.1099998950958252,1513.800048828125,150.22691362248713,28608.98046875,328.24705115155587,7238.14111328125,1.1101243495941162,1513.800048828125,151.39477141853968,28675.33984375,4124000.0,22777360996,0.0,839.0,18412800.0,182280000.0
2019-12-28,,7317.990234375,,,,,,7399.041015625,,,,,,7286.9052734375,,,,,,7289.03125,,,,,,21365673026,,,,
2019-12-29,,7422.65283203125,,,,,,7513.9482421875,,,,,,7279.865234375,,,,,,7317.6474609375,,,,,,22445257702,,,,
2019-12-30,324.4695129394531,7292.9951171875,1.1182304620742798,1514.5,149.62876892089844,28462.140625,328.67450567881485,7454.82421875,1.1220699548721313,1515.0999755859375,150.98653484366739,28664.689453125,323.78359149252714,7276.30810546875,1.1181554794311523,1510.0,148.81221434517386,28428.98046875,328.54526970517907,7420.27294921875,1.1181554794311523,1512.5999755859375,150.95805156097413,28654.759765625,4525500.0,22874131672,0.0,446.0,16348400.0,181600000.0
2019-12-31,323.83331298828125,7193.59912109375,1.120229721069336,1519.5,149.73321533203125,28538.439453125,324.6385198431698,7335.2900390625,1.1241008043289185,1523.4000244140625,149.79968598488423,28547.349609375,321.4077418604176,7169.77783203125,1.1200717687606812,1513.800048828125,148.54636357054093,28376.490234375,323.4853769842606,7294.43896484375,1.1204482316970825,1513.800048828125,148.850204575692,28414.640625,4958800.0,21167946112,0.0,301.0,18369400.0,193340000.0
2020-01-01,,7200.17431640625,1.1220825910568237,,,,,7254.33056640625,1.1228384971618652,,,,,7174.9443359375,1.115946888923645,,,,,7194.89208984375,1.1220825910568237,,,,,18565664997,0.0,,,
2020-01-02,331.34857177734375,6985.47021484375,1.1220825910568237,1524.5,152.5056610107422,28868.80078125,331.37839312756773,7212.1552734375,1.12271249294281,1528.699951171875,152.6101045190427,28872.80078125,325.76181636345586,6935.27001953125,1.1166820526123047,1518.0,150.3313555044007,28627.76953125,326.60676473216284,7202.55126953125,1.1218937635421753,1518.0999755859375,150.75861913365446,28638.970703125,4544400.0,20802083465,0.0,214.0,22622100.0,251820000.0
2020-01-03,330.7919006347656,7344.88427734375,1.1171437501907349,1549.199951171875,150.60671997070312,28634.880859375,332.90930760335885,7413.71533203125,1.118067979812622,1552.699951171875,151.86953184497025,28716.310546875,328.34642846245924,6914.99609375,1.112569808959961,1530.0999755859375,150.0750127579454,28500.359375,328.67449366617245,6984.4287109375,1.1170812845230103,1530.0999755859375,150.32188716953644,28553.330078125,3875900.0,28111481032,0.0,107.0,21116200.0,239590000.0
2020-01-04,,7410.65673828125,,,,,,7427.3857421875,,,,,,7309.51416015625,,,,,,7345.37548828125,,,,,,18444271275,,,,
2020-01-05,,7411.3173828125,,,,,,7544.4970703125,,,,,,7400.53564453125,,,,,,7410.45166015625,,,,,,19725074095,,,,
2020-01-06,331.7660827636719,7769.21923828125,1.1161960363388062,1566.199951171875,150.99598693847656,28703.380859375,332.8794536620254,7781.8671875,1.120824933052063,1580.0,151.0624575735421,28708.01953125,325.94075633582884,7409.29296875,1.1158099174499512,1560.4000244140625,148.6032903709724,28418.630859375,327.35234074728356,7410.4521484375,1.1162458658218384,1580.0,149.1445015835941,28465.5,5355000.0,23276261598,0.0,416.0,20813700.0,252760000.0
2020-01-07,335.28515625,8163.6923828125,1.1197994947433472,1571.800048828125,149.61929321289062,28583.6796875,342.15429069593097,8178.2158203125,1.1199462413787842,1576.300048828125,151.6037060270749,28685.5,328.7540072336429,7768.2275390625,1.1134865283966064,1558.300048828125,149.37243324398585,28565.279296875,332.2830289611392,7768.68212890625,1.1195825338363647,1558.300048828125,151.27139620215743,28639.1796875,9898600.0,28767291327,0.0,47.0,21634100.0,258900000.0
2020-01-08,329.41009521484375,8079.86279296875,1.1154738664627075,1557.4000244140625,152.00245666503906,28745.08984375,332.05436618843447,8396.73828125,1.1165200471878052,1604.199951171875,152.67659475751987,28866.1796875,327.6505748656441,7956.7744140625,1.111086368560791,1552.300048828125,149.97056727826134,28522.509765625,330.434002028855,8161.935546875,1.1155734062194824,1579.699951171875,150.90105488844765,28556.140625,8239200.0,31672559265,0.0,236.0,27746500.0,291750000.0
2020-01-09,334.3507080078125,7879.0712890625,1.1113210916519165,1551.699951171875,153.90142822265625,28956.900390625,339.7088433277258,8082.2958984375,1.1122233867645264,1555.699951171875,154.0248654340376,28988.009765625,330.0860727875837,7842.40380859375,1.1095085144042969,1543.300048828125,152.89498031182998,28844.310546875,332.96894496050135,8082.2958984375,1.1114444732666016,1555.699951171875,153.66405788565248,28851.970703125,8175600.0,24045990466,0.0,54.0,21385000.0,275060000.0
2020-01-10,327.96868896484375,8166.55419921875,1.1111111640930176,1557.5,153.1893310546875,28823.76953125,335.70267264556696,8166.55419921875,1.1120996475219727,1558.800048828125,154.97436078640044,29009.0703125,327.50146758422983,7726.77490234375,1.1086229085922241,1545.4000244140625,153.03741054817215,28789.099609375,333.57531519513043,7878.3076171875,1.1109259128570557,1551.199951171875,154.59457400804902,28977.51953125,7161700.0,28714583844,0.0,16.0,20725900.0,237830000.0
2020-01-11,,8037.53759765625,,,,,,8218.359375,,,,,,8029.64208984375,,,,,,8162.19091796875,,,,,,25521165085,,,,
2020-01-12,,8192.494140625,,,,,,8200.0634765625,,,,,,8009.05908203125,,,,,,8033.26171875,,,,,,22903438381,,,,
2020-01-13,328.26690673828125,8144.1943359375,1.1116669178009033,1548.4000244140625,155.03128051757812,28907.05078125,332.12396323486524,8197.7880859375,1.114466905593872,1558.0,155.0597637929525,28909.91015625,328.1277202099949,8079.70068359375,1.1114075183868408,1548.4000244140625,153.11332454408566,28819.4296875,330.4340057926857,8189.77197265625,1.1116546392440796,1557.4000244140625,153.58806511756865,28869.009765625,5648500.0,22482910688,0.0,48.0,21626500.0,249830000.0
2020-01-14,330.3843078613281,8827.7646484375,1.1135733127593994,1542.4000244140625,153.939453125,28939.669921875,333.366564233772,8879.51171875,1.1145787239074707,1546.699951171875,155.33519220594115,29054.16015625,326.33837276847987,8140.93310546875,1.11055588722229,1534.9000244140625,153.55016220028816,28872.26953125,328.8037156243825,8140.93310546875,1.1134493350982666,1546.699951171875,155.13579469954706,28895.5,6945300.0,44841784107,0.0,32.0,23477400.0,287440000.0
2020-01-15,327.8493957519531,8807.0107421875,1.113089919090271,1552.0999755859375,154.9363555908203,29030.220703125,331.1398164302177,8890.1171875,1.1163455247879028,1553.9000244140625,155.65797066977998,29127.58984375,327.7400609054219,8657.1875,1.112025499343872,1545.5999755859375,154.35718589124411,28897.349609375,330.38433205642025,8825.34375,1.1129660606384277,1548.0,154.40464836712493,28901.80078125,4578300.0,40102834650,0.0,11.0,21417900.0,260270000.0
2020-01-16,330.036376953125,8723.7861328125,1.1154004335403442,1549.0,157.7753448486328,29297.640625,330.90122646048485,8846.4609375,1.117193579673767,1556.0999755859375,157.841815510258,29300.3203125,327.36228460446,8612.095703125,1.112978458404541,1548.5,155.7434549443291,29131.94921875,329.0919836191797,8812.4814453125,1.1152697801589966,1555.699951171875,156.04729598957823,29131.94921875,4024100.0,31313981931,0.0,98.0,23865400.0,252110000.0
2020-01-17,322.2328186035156,8929.0380859375,1.1139578819274902,1558.800048828125,158.65835571289062,29348.099609375,330.53343884956024,8958.1220703125,1.1145004034042358,1558.800048828125,159.00965921241536,29373.619140625,321.0896263110014,8677.31640625,1.1087580919265747,1553.5999755859375,157.07270894577653,29289.91015625,330.42410400301884,8725.2099609375,1.113800287246704,1554.0999755859375,158.9621822424408,29313.310546875,11061700.0,36372139320,0.0,108.0,34371700.0,321820000.0
2020-01-18,,8942.80859375,,,,,,9012.1982421875,,,,,,8827.33203125,,,,,,8927.2119140625,,,,,,32337772627,,,,
2020-01-19,,8706.2451171875,,,,,,9164.3623046875,,,,,,8620.080078125,,,,,,8941.4453125,,,,,,34217320471,,,,
2020-01-20,,8657.642578125,1.1094592809677124,,,,,8745.5908203125,1.1104941368103027,,,,,8560.4736328125,1.1077508926391602,,,,,8704.6318359375,1.1095207929611206,,,,,26422375678,0.0,,,
2020-01-21,311.5165710449219,8745.89453125,1.109693169593811,1556.4000244140625,158.08865356445312,29196.0390625,324.66833324795715,8755.7060546875,1.1119760274887085,1566.199951171875,159.6932794532372,29341.2109375,303.94164432164825,8544.5205078125,1.1086474657058716,1551.0,158.02218291204835,29146.470703125,320.69199121267803,8658.9912109375,1.1096439361572266,1559.300048828125,158.25955326274573,29269.05078125,19318000.0,24097418512,0.0,45.0,29517200.0,320640000.0
2020-01-22,307.17242431640625,8680.8759765625,1.108561396598816,1555.300048828125,157.32908630371094,29186.26953125,310.98970905581075,8792.994140625,1.1097793579101562,1557.0999755859375,159.0286663522028,29320.19921875,300.9295684920027,8636.7470703125,1.1071622371673584,1549.800048828125,157.3100926165268,29172.259765625,307.9875817200874,8744.2109375,1.1085859537124634,1549.800048828125,158.94320200384328,29263.630859375,18792600.0,22600204051,0.0,42.0,24138800.0,283440000.0
2020-01-23,315.9104309082031,8406.515625,1.1096439361572266,1564.5999755859375,158.2975616455078,29160.08984375,316.2881882418153,8687.7470703125,1.1103215217590332,1564.5999755859375,158.3735219063668,29190.470703125,305.8801121276974,8333.6376953125,1.1037039756774902,1552.199951171875,156.92081632629257,28966.98046875,306.6753683711369,8680.650390625,1.1097548007965088,1553.0999755859375,157.7943375942632,29111.01953125,9702100.0,25770680779,0.0,15.0,19680800.0,307060000.0
2020-01-24,321.1393127441406,8445.4345703125,1.1055220365524292,1571.0999755859375,156.702392578125,28989.73046875,324.27070637882355,8514.6669921875,1.1060845851898193,1571.0999755859375,159.06660630924776,29288.7890625,310.6616732829415,8266.8408203125,1.1021226644515991,1556.300048828125,156.14220206963714,28843.310546875,320.09553509063454,8405.5673828125,1.105534315109253,1556.300048828125,159.0476126259956,29230.390625,17798200.0,24397913026,0.0,43.0,24918100.0,380010000.0
2020-01-25,,8367.84765625,,,,,,8458.453125,,,,,,8296.21875,,,,,,8440.119140625,,,,,,19647331549,,,,
2020-01-26,,8596.830078125,,,,,,8602.4013671875,,,,,,8325.498046875,,,,,,8364.41015625,,,,,,22177678796,,,,
2020-01-27,314.72747802734375,8909.8193359375,1.1025358438491821,1576.800048828125,154.08181762695312,28535.80078125,319.35992013694477,8977.7265625,1.1039965152740479,1584.5,155.12625280753838,28671.7890625,312.71940588464,8597.30859375,1.1010063886642456,1576.800048828125,152.1068948687137,28440.470703125,314.3397701172677,8597.30859375,1.1026331186294556,1584.300048828125,153.00889916761867,28542.490234375,7468100.0,28647338393,0.0,22.0,32078100.0,337270000.0
2020-01-28,314.6877136230469,9358.58984375,1.101976990699768,1569.199951171875,157.10121154785156,28722.849609375,317.47114097816836,9358.58984375,1.102657437324524,1576.4000244140625,157.38604440058108,28823.23046875,312.1428570877693,8908.447265625,1.099855899810791,1569.199951171875,154.8319513975017,28575.75,316.16889135804905,8912.5244140625,1.1019648313522339,1576.4000244140625,155.50607513287835,28594.279296875,5502200.0,34398744403,0.0,3.0,24899900.0,330140000.0
2020-01-29,320.1153869628906,9316.6298828125,1.1022562980651855,1569.800048828125,159.5508270263672,28734.44921875,325.2448715457745,9406.431640625,1.1030223369598389,1569.800048828125,160.22496510609736,28944.240234375,317.2524463386331,9269.4677734375,1.0993238687515259,1569.800048828125,157.3195547235763,28728.189453125,322.4316230593828,9357.470703125,1.102292776107788,1569.800048828125,159.36093366901352,28820.529296875,12454700.0,30682598115,0.0,251274.0,34754500.0,302290000.0
2020-01-30,321.3878173828125,9508.9931640625,1.1016855239868164,1583.5,164.05140686035156,28859.439453125,323.4257107799609,9553.1259765625,1.1036553382873535,1585.0,165.25725238117488,28879.7109375,315.7613203705977,9230.8974609375,1.1008244752883911,1571.4000244140625,162.16193352362347,28489.759765625,318.6043902270497,9316.0166015625,1.101406455039978,1576.800048828125,165.25725238117488,28640.16015625,6022000.0,32378792851,0.0,62336.0,51597500.0,326850000.0
2020-01-31,316.3875732421875,9350.529296875,1.1029127836227417,1582.9000244140625,161.6302032470703,28256.029296875,320.02592972154304,9521.7060546875,1.1090162992477417,1589.0,163.69057600096366,28813.0390625,315.11514504752887,9230.7763671875,1.1017948389053345,1570.0,161.0130461758437,28169.529296875,319.84700161692257,9508.3134765625,1.1028763055801392,1573.4000244140625,163.51018671757376,28813.0390625,4999600.0,29432489719,0.0,1095.0,36142700.0,403890000.0
2020-02-01,,9392.875,,,,,,9439.3232421875,,,,,,9313.2392578125,,,,,,9346.357421875,,,,,,25922656496,,,,
2020-02-02,,9344.365234375,,,,,,9468.7978515625,,,,,,9217.82421875,,,,,,9389.8203125,,,,,,30835736946,,,,
2020-02-03,314.1310119628906,9293.521484375,1.1089794635772705,1577.199951171875,165.57058715820312,28399.810546875,318.842967434468,9540.3720703125,1.108905553817749,1593.300048828125,165.6845203010666,28630.390625,313.017641078221,9248.6337890625,1.104349970817566,1568.199951171875,161.7916403899352,28319.650390625,316.8647470353525,9344.68359375,1.108905553817749,1592.9000244140625,161.82012367565108,28319.650390625,4841800.0,30934096509,0.0,1062.0,30107000.0,307910000.0
2020-02-04,316.0595397949219,9180.962890625,1.1062926054000854,1550.4000244140625,171.02059936523438,28807.630859375,317.5904399278108,9331.265625,1.1065618991851807,1577.699951171875,171.51433379094814,28904.880859375,313.16674740898316,9112.8115234375,1.1033873558044434,1547.800048828125,167.40307724823202,28696.740234375,316.39752521751893,9292.841796875,1.1062926054000854,1577.699951171875,168.19114861437248,28696.740234375,3779800.0,29893183716,0.0,978.0,36433300.0,332750000.0
2020-02-05,327.6008605957031,9613.423828125,1.1047282218933105,1557.800048828125,170.81166076660156,29290.849609375,327.73009656313934,9701.2998046875,1.1048502922058105,1560.699951171875,174.89443279267977,29308.890625,317.34192141071037,9163.7041015625,1.0998317003250122,1547.699951171875,169.39694306179686,29000.849609375,318.60439905973817,9183.416015625,1.104472041130066,1553.199951171875,174.73302272847744,29048.73046875,6071800.0,35222060874,0.0,1305.0,39186300.0,357540000.0
2020-02-06,339.4106140136719,9729.8017578125,1.1002310514450073,1565.0999755859375,174.35328674316406,29379.76953125,341.40873562969546,9824.619140625,1.1012852191925049,1565.5999755859375,174.53369054029702,29408.05078125,323.73389618296295,9539.818359375,1.0965512990951538,1551.5999755859375,170.96363094550762,29246.9296875,328.9528451968062,9617.8212890625,1.1000494956970215,1553.5999755859375,171.82766255917738,29388.580078125,12845500.0,37628823716,0.0,110.0,27751400.0,263700000.0
2020-02-07,334.75830078125,9795.943359375,1.0982975959777832,1568.5999755859375,174.60012817382812,29102.509765625,338.72469232094755,9834.716796875,1.0986994504928589,1571.9000244140625,176.25223096972772,29286.919921875,333.70457255096903,9726.0029296875,1.0946906805038452,1560.5,173.26135596790618,29056.98046875,338.3568855303699,9726.0029296875,1.0981045961380005,1564.9000244140625,173.61267392584617,29286.919921875,5337800.0,34522718159,0.0,431.0,33529100.0,252860000.0
2020-02-08,,9865.119140625,,,,,,9876.7490234375,,,,,,9678.91015625,,,,,,9793.0703125,,,,,,35172043762,,,,
2020-02-09,,10116.673828125,,,,,,10129.435546875,,,,,,9850.392578125,,,,,,9863.89453125,,,,,,35807884663,,,,
2020-02-10,342.6314697265625,9856.611328125,1.0949305295944214,1574.699951171875,179.16712951660156,29276.8203125,343.89394741634914,10165.765625,1.0961307287216187,1574.699951171875,179.30005632732252,29278.0703125,334.3308495623045,9784.5634765625,1.090959906578064,1568.5999755859375,173.9924590084795,28995.66015625,335.22552046340985,10115.5595703125,1.0948705673217773,1569.300048828125,174.30578959545088,28995.66015625,5876400.0,39386548075,0.0,128.0,35844300.0,250510000.0
2020-02-11,342.3829345703125,10208.236328125,1.0913456678390503,1565.5999755859375,175.12234497070312,29276.33984375,346.01134050701995,10210.052734375,1.0927003622055054,1571.0999755859375,181.06609308949365,29415.390625,340.0766489744631,9729.3349609375,1.089348316192627,1561.9000244140625,174.22983017110295,29210.470703125,345.5838910312693,9855.8916015625,1.091226577758789,1570.9000244140625,181.01861612373997,29390.7109375,5311500.0,37648059389,0.0,440.0,53159900.0,279540000.0
2020-02-12,345.39501953125,10326.0546875,1.091941475868225,1567.4000244140625,175.37867736816406,29551.419921875,347.8802332842822,10393.611328125,1.0924997329711914,1568.699951171875,176.46108534764494,29568.5703125,343.804476661893,10202.3876953125,1.0887079238891602,1561.0,172.66316057923015,29406.75,344.371112678484,10202.3876953125,1.0921800136566162,1565.199951171875,176.20472136915564,29406.75,4421500.0,43444303830,0.0,36.0,47062900.0,309530000.0
2020-02-13,342.82000732421875,10214.3798828125,1.0875948667526245,1575.0999755859375,174.42921447753906,29423.310546875,347.8900146484375,10457.626953125,1.0890873670578003,1575.0999755859375,176.8218969013737,29535.400390625,342.6300048828125,10116.1611328125,1.0835527181625366,1570.199951171875,173.63163918165944,29345.9296875,344.32000732421875,10323.9609375,1.0876421928405762,1570.199951171875,173.83103662761303,29436.029296875,3783100.0,49356071373,0.0,74.0,35295800.0,291150000.0
2020-02-14,340.489990234375,10312.1162109375,1.0845986604690552,1582.699951171875,175.98638916015625,29398.080078125,344.5,10321.99609375,1.0862481594085693,1582.699951171875,176.04335572798814,29463.0390625,338.0,10125.5341796875,1.0831302404403687,1574.800048828125,173.42277770422567,29283.1796875,342.29998779296875,10211.55078125,1.0845986604690552,1575.800048828125,173.99247235841844,29440.470703125,4199800.0,43338264162,0.0,68.0,23149500.0,231000000.0
2020-02-15,,9889.4248046875,,,,,,10341.5556640625,,,,,,9874.427734375,,,,,,10313.8564453125,,,,,,43865054831,,,,
2020-02-16,,9934.43359375,,,,,,10053.96875,,,,,,9722.38671875,,,,,,9889.1796875,,,,,,43374780305,,,,
2020-02-17,,9690.142578125,1.0841753482818604,,,,,9938.8154296875,1.0854003429412842,,,,,9507.6376953125,1.0830246210098267,,,,,9936.560546875,1.0840578079223633,,,,,45998298413,0.0,,,
2020-02-18,338.8800048828125,10141.99609375,1.0840108394622803,1600.0,177.77137756347656,29232.189453125,339.989990234375,10161.935546875,1.0839003324508667,1604.300048828125,178.2176349280417,29330.16015625,336.1000061035156,9632.3828125,1.078690528869629,1579.800048828125,176.12877899123126,29116.810546875,338.7699890136719,9691.23046875,1.0837054252624512,1579.800048828125,176.23322251246853,29282.779296875,2904600.0,47271023953,0.0,310.0,27792200.0,256600000.0
2020-02-19,338.29998779296875,9633.38671875,1.079540491104126,1607.5,178.30458068847656,29348.029296875,341.4700012207031,10191.67578125,1.0808473825454712,1610.5,179.16144226141978,29409.08984375,335.8599853515625,9611.2236328125,1.0783600807189941,1599.699951171875,177.53340236732572,29274.380859375,338.1199951171875,10143.798828125,1.0794706344604492,1600.5999755859375,179.0471979256966,29312.69921875,4935700.0,46992019710,0.0,542.0,29997500.0,240640000.0
2020-02-20,336.2799987792969,9608.4755859375,1.081009864807129,1616.5999755859375,175.58163452148438,29219.98046875,341.239990234375,9643.216796875,1.0821000337600708,1621.0,178.2760079740867,29368.44921875,335.3900146484375,9507.900390625,1.0779578685760498,1603.0,172.42075371010682,28959.650390625,338.2900085449219,9629.3251953125,1.080964207649231,1606.5,177.99038262590284,29296.25,2807500.0,44925260237,0.0,117.0,36862400.0,287780000.0
2020-02-21,330.3800048828125,9686.44140625,1.078799843788147,1644.5999755859375,170.03102111816406,28992.41015625,334.6600036621094,9723.0146484375,1.0863661766052246,1645.0,174.70571148986244,29146.529296875,330.2300109863281,9589.7431640625,1.078771948814392,1619.300048828125,168.75524447726494,28892.69921875,334.04998779296875,9611.7822265625,1.078771948814392,1619.300048828125,174.3915250882964,29146.529296875,3709900.0,40930547513,0.0,186.0,48572600.0,311210000.0
2020-02-22,,9663.181640625,,,,,,9698.2314453125,,,,,,9600.728515625,,,,,,9687.70703125,,,,,,35838025154,,,,
2020-02-23,,9924.515625,,,,,,9937.404296875,,,,,,9657.791015625,,,,,,9663.318359375,,,,,,41185185761,,,,
2020-02-24,317.8999938964844,9650.1748046875,1.0839051008224487,1672.4000244140625,162.70004272460938,27960.80078125,321.739990234375,9951.74609375,1.0863661766052246,1686.5999755859375,166.18463956657936,28402.9296875,316.3299865722656,9537.04296875,1.0808473825454712,1650.0,155.40714713360293,27912.439453125,320.0,9921.5830078125,1.0838581323623657,1657.0,159.72957434916313,28402.9296875,6073200.0,45080496648,0.0,435.0,68311100.0,452580000.0
2020-02-25,304.1400146484375,9341.705078125,1.0849199295043945,1646.9000244140625,160.0151824951172,27081.359375,320.6400146484375,9652.7373046875,1.088174819946289,1653.699951171875,166.46071697660787,28149.19921875,303.6300048828125,9305.021484375,1.083177089691162,1632.300048828125,159.61529838516014,26997.619140625,318.260009765625,9651.3125,1.084904670715332,1645.0999755859375,165.85138982322823,28037.650390625,8052500.0,42515259129,0.0,409.0,68073300.0,513270000.0
2020-02-26,305.5899963378906,8820.5224609375,1.0881996154785156,1640.0,162.01458740234375,26957.58984375,315.2200012207031,9354.7783203125,1.090358018875122,1648.0999755859375,164.95649541870915,27542.779296875,304.05999755859375,8704.4267578125,1.085564136505127,1636.4000244140625,160.1485286944431,26890.970703125,307.0,9338.2900390625,1.0881001949310303,1644.0,161.5766410745246,27159.4609375,6987300.0,50420050762,0.0,1990.0,56206100.0,472450000.0
2020-02-27,287.760009765625,8784.494140625,1.0885894298553467,1640.0,150.59915161132812,25766.640625,301.0,8932.892578125,1.1005700826644897,1658.0,159.02501754037993,26775.310546875,284.2900085449219,8577.19921875,1.088565707206726,1638.5,150.40873959890718,25752.8203125,300.3699951171875,8825.09375,1.088565707206726,1641.0999755859375,155.49282894832933,26526.0,10982400.0,45470195695,0.0,707.0,93174900.0,664980000.0
2020-02-28,275.1099853515625,8672.455078125,1.0997228622436523,1564.0999755859375,154.24562072753906,25409.359375,282.8599853515625,8890.4560546875,1.10527765750885,1642.5,155.86415937952862,25494.240234375,269.6000061035156,8492.9326171875,1.095158338546753,1564.0999755859375,144.7153579750086,24681.009765625,278.07000732421875,8788.728515625,1.0995535850524902,1640.300048828125,145.1057120982535,25270.830078125,15364300.0,44605450443,0.0,289.0,97012700.0,915990000.0
2020-02-29,,8599.5087890625,,,,,,8775.6318359375,,,,,,8599.5087890625,,,,,,8671.212890625,,,,,,35792392544,,,,
2020-03-01,,8562.4541015625,,,,,,8726.796875,,,,,,8471.212890625,,,,,,8599.7587890625,,,,,,35349164300,,,,
2020-03-02,289.2699890136719,8869.669921875,1.1051311492919922,1592.300048828125,164.50897216796875,26703.3203125,291.7099914550781,8921.30859375,1.116407871246338,1608.300048828125,164.63274652111016,26706.169921875,274.2900085449219,8532.630859375,1.1037284135818481,1574.300048828125,154.5312339166153,25391.9609375,279.5400085449219,8563.2646484375,1.1052532196044922,1583.9000244140625,157.3874578629097,25590.509765625,11012300.0,42857674409,0.0,537.0,71030800.0,637200000.0
2020-03-03,280.6199951171875,8787.7861328125,1.1144047975540161,1642.0999755859375,156.62579345703125,25917.41015625,297.44000244140625,8901.5986328125,1.120749592781067,1645.300048828125,166.6130616388873,27084.58984375,278.0799865722656,8704.990234375,1.1097301244735718,1594.0,154.48362552167413,25706.279296875,292.0,8865.3876953125,1.1144297122955322,1594.5,165.47057497886473,26762.470703125,7499300.0,42386715821,0.0,610.0,71677000.0,647080000.0
2020-03-04,283.1199951171875,8755.24609375,1.118067979812622,1641.0999755859375,162.3763427734375,27090.859375,285.9100036621094,8843.3662109375,1.1185681819915771,1645.9000244140625,162.51914816724377,27102.33984375,277.010009765625,8712.431640625,1.109693169593811,1631.300048828125,157.6826069544084,26286.310546875,284.54998779296875,8788.5419921875,1.1177304983139038,1645.4000244140625,160.41507121846044,26383.6796875,6986100.0,34746706368,0.0,83.0,49814400.0,457590000.0
2020-03-05,260.3699951171875,9078.7626953125,1.113908290863037,1666.4000244140625,158.30145263671875,26121.279296875,276.30999755859375,9142.0546875,1.1204482316970825,1672.9000244140625,162.6809872137587,26671.919921875,259.6499938964844,8757.25390625,1.1121737957000732,1637.199951171875,157.74924760857994,25943.330078125,275.7900085449219,8760.28515625,1.113908290863037,1637.300048828125,158.09199505613142,26671.919921875,14669100.0,39698054597,0.0,154.0,47817300.0,477370000.0
2020-03-06,262.3299865722656,9122.5458984375,1.1223849058151245,1670.800048828125,153.8267059326172,25864.779296875,264.2900085449219,9167.6953125,1.135473370552063,1686.199951171875,155.29289448015368,25994.380859375,249.8000030517578,9032.0791015625,1.1213905811309814,1647.199951171875,148.52364323617397,25226.619140625,253.6999969482422,9078.30859375,1.1223849058151245,1670.800048828125,154.816857162089,25457.2109375,12861800.0,40826885651,0.0,175.0,72821100.0,599780000.0
2020-03-07,,8909.9541015625,,,,,,9163.220703125,,,,,,8890.744140625,,,,,,9121.6005859375,,,,,,36216930370,,,,
2020-03-08,,8108.1162109375,,,,,,8914.34375,,,,,,8105.2529296875,,,,,,8908.2060546875,,,,,,39973102121,,,,
2020-03-09,227.1699981689453,7923.64453125,1.1386020183563232,1674.5,143.4014892578125,23851.01953125,241.47999572753906,8177.79345703125,1.1495838165283203,1701.5999755859375,150.1897866403432,24992.359375,224.3699951171875,7690.09814453125,1.1356796026229858,1657.699951171875,142.8112075819428,23706.0703125,238.0,8111.146484375,1.1386150121688843,1696.0999755859375,143.76328229915575,24992.359375,11585500.0,46936995808,0.0,161.0,70419300.0,750430000.0
2020-03-10,231.00999450683594,7909.7294921875,1.1397960186004639,1659.0999755859375,153.20785522460938,25018.16015625,237.8300018310547,8136.9453125,1.1422958374023438,1674.5999755859375,153.31258402014208,25020.990234375,215.0,7814.76318359375,1.1334141492843628,1643.0,145.2675559078778,23690.33984375,237.0,7922.14697265625,1.1397439241409302,1671.5999755859375,150.5801343469339,24453.0,13059600.0,42213940994,0.0,48.0,65354400.0,654860000.0
2020-03-11,189.0800018310547,7911.43017578125,1.1316505670547485,1641.4000244140625,146.26719665527344,23553.220703125,226.99000549316406,7950.814453125,1.1365960836410522,1666.5,150.14213196022055,24604.630859375,187.0,7642.8125,1.1259005069732666,1635.0,143.90604165224397,23328.3203125,222.99000549316406,7910.08984375,1.1316184997558594,1656.5999755859375,149.59945709934462,24604.630859375,28503500.0,38682762605,0.0,47.0,56371600.0,663960000.0
2020-03-12,154.83999633789062,4970.7880859375,1.1261515617370605,1589.300048828125,132.39549255371094,21200.619140625,189.85000610351562,7929.1162109375,1.1332857608795166,1647.5,146.11489113015546,22837.94921875,154.80999755859375,4860.35400390625,1.1080824136734009,1566.4000244140625,131.93850080995347,21154.4609375,160.52999877929688,7913.6162109375,1.1260753870010376,1637.0,138.33644333258042,22184.7109375,31734400.0,53980357243,0.0,256.0,93226400.0,908260000.0
2020-03-13,170.1999969482422,5563.70703125,1.1184931993484497,1515.699951171875,151.21803283691406,23185.619140625,178.27999877929688,5838.11474609375,1.1221328973770142,1589.800048828125,154.15042478211845,23189.759765625,161.3800048828125,4106.98095703125,1.1065373420715332,1513.800048828125,133.9854742160237,21285.369140625,174.97000122070312,5017.8310546875,1.118355631828308,1574.9000244140625,140.43102427946823,21973.8203125,21168500.0,74156772075,0.0,89.0,92727400.0,843080000.0
2020-03-14,,5200.3662109375,,,,,,5625.2265625,,,,,,5125.0693359375,,,,,,5573.07763671875,,,,,,36154506008,,,,
2020-03-15,,5392.31494140625,,,,,,5836.64501953125,,,,,,5169.283203125,,,,,,5201.06689453125,,,,,,33997889639,,,,
2020-03-16,129.61000061035156,5014.47998046875,1.115536093711853,1485.9000244140625,128.9299774169922,20188.51953125,151.0,5385.2294921875,1.1235400438308716,1569.0999755859375,142.1923879376455,21768.279296875,128.75999450683594,4575.35791015625,1.1088687181472778,1452.0999755859375,128.5301077140718,20116.4609375,149.4199981689453,5385.2294921875,1.1159594058990479,1569.0999755859375,133.29048207385222,20917.529296875,26844400.0,45368026430,0.0,193.0,87905900.0,770130000.0
2020-03-17,124.13999938964844,5225.62939453125,1.1163206100463867,1524.9000244140625,139.5456085205078,21237.380859375,134.9600067138672,5371.3486328125,1.1189061403274536,1537.699951171875,140.43103109931985,21379.349609375,101.25,4981.9091796875,1.0957943201065063,1469.300048828125,128.53009626039446,19882.259765625,132.50999450683594,5002.578125,1.1163331270217896,1469.300048828125,133.29047019596462,20487.05078125,54492200.0,38622642935,0.0,122.0,81059800.0,793060000.0
2020-03-18,101.88999938964844,5238.4384765625,1.101552128791809,1477.300048828125,133.6712646484375,19898.919921875,107.8499984741211,5331.833984375,1.1045000553131104,1542.0,139.00288808460238,20489.330078125,89.0,5069.3359375,1.0831888914108276,1477.300048828125,128.54911330868097,18917.4609375,99.86000061035156,5227.11376953125,1.1016855239868164,1537.5,131.3862914772269,20188.689453125,61943200.0,37878801016,0.0,333.0,81593200.0,871360000.0
2020-03-19,97.70999908447266,6191.19287109375,1.0961546897888184,1478.5999755859375,135.87057495117188,20087.189453125,103.56999969482422,6329.73583984375,1.0945589542388916,1491.5999755859375,142.9539978968266,20442.630859375,90.3499984741211,5236.96875,1.0697933435440063,1471.0,132.33837173085726,19177.130859375,98.80000305175781,5245.41650390625,1.0943433046340942,1481.5,135.9276971037771,19830.009765625,40210600.0,51000731797,0.0,262.0,85922700.0,780300000.0
2020-03-20,95.01000213623047,6198.7783203125,1.0657345056533813,1484.0,130.76747131347656,19173.98046875,107.0,6844.26171875,1.0829894542694092,1484.0,140.05020002588367,20531.259765625,94.27999877929688,5865.78173828125,1.0654505491256714,1483.5,129.34887472137007,19094.26953125,99.8499984741211,6191.65380859375,1.0658481121063232,1483.5,139.00291200117317,20253.150390625,41370700.0,54442976103,0.0,14.0,84866200.0,872290000.0
2020-03-21,,6185.06640625,,,,,,6378.13525390625,,,,,,5932.8232421875,,,,,,6206.521484375,,,,,,42494390880,,,,
2020-03-22,,5830.2548828125,,,,,,6359.697265625,,,,,,5823.7138671875,,,,,,6185.55810546875,,,,,,40099664740,,,,
2020-03-23,105.62000274658203,6416.31494140625,1.0694386959075928,1567.0,129.4630889892578,18591.9296875,114.48999786376953,6443.9345703125,1.0824854373931885,1567.0,133.83312207113354,19121.009765625,93.55999755859375,5785.00439453125,1.0660412311553955,1490.199951171875,126.16891928985302,18213.650390625,98.75,5831.37451171875,1.0687528848648071,1505.300048828125,130.44372458134978,19028.359375,46140100.0,46491916000,0.0,51.0,78975200.0,787970000.0
2020-03-24,127.68000030517578,6734.8037109375,1.0764610767364502,1660.199951171875,141.23074340820312,20704.91015625,127.95999908447266,6789.02294921875,1.0888501405715942,1685.5,142.43036670801416,20737.69921875,116.12999725341797,6411.06640625,1.0753382444381714,1592.699951171875,134.4995835056753,19649.25,123.68000030517578,6436.642578125,1.0764726400375366,1592.699951171875,136.8607244581916,19722.189453125,43683100.0,48221910672,0.0,442.0,82516700.0,799340000.0
2020-03-25,158.72999572753906,6681.06298828125,1.080263614654541,1632.300048828125,139.8788604736328,21200.55078125,174.77000427246094,6892.51123046875,1.0849517583847046,1676.5,146.93373987248373,22019.9296875,141.0,6536.92626953125,1.0770175457000732,1631.0999755859375,137.5177184870345,20538.33984375,154.89999389648438,6738.716796875,1.0801235437393188,1676.5,141.7734949971098,21050.33984375,77826000.0,44590107888,0.0,476.0,75638200.0,796320000.0
2020-03-26,180.5500030517578,6716.4404296875,1.0889569520950317,1650.0999755859375,148.62838745117188,22552.169921875,186.47999572753906,6735.4638671875,1.1025480031967163,1660.5,149.1520314608854,22595.060546875,167.17999267578125,6590.962890625,1.0876539945602417,1650.0999755859375,141.25932377290354,21427.099609375,172.2899932861328,6675.1708984375,1.0887553691864014,1660.5,141.28788485275086,21468.380859375,63267300.0,35319797642,0.0,3.0,64568100.0,705180000.0
2020-03-27,162.0,6469.79833984375,1.1048258543014526,1623.9000244140625,142.52554321289062,21636.779296875,172.9199981689453,6793.83642578125,1.1086474657058716,1623.9000244140625,147.4668119658446,22327.5703125,155.5399932861328,6466.70166015625,1.0955182313919067,1623.9000244140625,142.0495059847063,21469.26953125,172.0,6719.38916015625,1.1046184301376343,1623.9000244140625,144.47729875394708,21898.470703125,47880200.0,34585598367,0.0,100638.0,57042300.0,588830000.0
2020-03-28,,6242.19384765625,,,,,,6467.5009765625,,,,,,6117.837890625,,,,,,6467.25390625,,,,,,34885225901,,,,
2020-03-29,,5922.04296875,,,,,,6250.46728515625,,,,,,5920.0859375,,,,,,6245.62451171875,,,,,,28373690931,,,,
2020-03-30,152.27999877929688,6429.841796875,1.113908290863037,1622.0,152.55091857910156,22327.48046875,153.80999755859375,6517.19580078125,1.1137841939926147,1652.800048828125,152.90319608171725,22378.08984375,140.67999267578125,5903.234375,1.1012245416641235,1607.199951171875,142.82071439967373,21522.080078125,153.80999755859375,5925.53857421875,1.1135361194610596,1641.199951171875,145.1342633758814,21678.220703125,51052500.0,37101651525,0.0,16389.0,63420300.0,545540000.0
2020-03-31,149.13999938964844,6438.64453125,1.1030466556549072,1583.4000244140625,150.15174865722656,21917.16015625,160.63999938964844,6504.51513671875,1.1043622493743896,1621.0,156.88291108462403,22480.369140625,149.0,6374.162109375,1.0929678678512573,1576.0,149.05685373436089,21852.080078125,155.0,6430.6064453125,1.1028398275375366,1618.699951171875,151.76074313998413,22208.419921875,29954000.0,32786468812,0.0,2874.0,77927200.0,571210000.0
2020-04-01,130.6999969482422,6606.7763671875,1.102657437324524,1578.199951171875,144.820068359375,20943.509765625,144.3800048828125,6612.57373046875,1.1037527322769165,1600.0,150.18976853607813,21487.240234375,130.0,6202.37353515625,1.0918699502944946,1570.0,143.5918985143203,20784.4296875,138.91000366210938,6437.3193359375,1.1028155088424683,1570.0,145.66741417445297,21227.380859375,41899700.0,40346426266,0.0,2158.0,57969900.0,506680000.0
2020-04-02,123.2699966430664,6793.62451171875,1.0953621864318848,1625.699951171875,147.81907653808594,21413.439453125,136.67999267578125,7088.24755859375,1.0962989330291748,1631.199951171875,148.02853408305677,21477.76953125,120.0199966430664,6595.91845703125,1.0844340324401855,1586.0,143.15391746010667,20735.01953125,128.50999450683594,6606.7763671875,1.0950982570648193,1590.9000244140625,144.582029160815,20819.4609375,42372400.0,47660646124,0.0,1294.0,49630700.0,529540000.0
2020-04-03,124.5199966430664,6733.38720703125,1.0847399234771729,1633.699951171875,146.45765686035156,21052.529296875,131.2899932861328,7003.220703125,1.085894227027893,1636.0,149.83752504353316,21447.810546875,122.5,6673.3359375,1.0776199102401733,1619.800048828125,144.89625489063627,20863.08984375,125.0,6797.396484375,1.084386944770813,1624.5,147.66679583020962,21285.9296875,37347400.0,38976504903,0.0,643.0,41243300.0,450010000.0
2020-04-04,,6867.52734375,,,,,,6878.95361328125,,,,,,6696.48486328125,,,,,,6738.3828125,,,,,,33185988584,,,,
2020-04-05,,6791.12939453125,,,,,,6883.4140625,,,,,,6715.92919921875,,,,,,6862.53759765625,,,,,,29510409856,,,,
2020-04-06,148.77000427246094,7271.78125,1.0806955099105835,1677.0,157.34938049316406,22679.990234375,149.69000244140625,7271.78125,1.083435297012329,1696.699951171875,158.52042823766854,22783.44921875,129.2100067138672,6782.8896484375,1.0769248008728027,1625.9000244140625,150.02792415586416,21693.630859375,133.6999969482422,6788.0498046875,1.0808240175247192,1629.0999755859375,152.63661391051838,21693.630859375,51085500.0,46896904615,0.0,1063.0,67111700.0,610760000.0
2020-04-07,141.5800018310547,7176.41455078125,1.0803803205490112,1664.800048828125,155.65469360351562,22653.859375,164.8000030517578,7427.939453125,1.0923351049423218,1724.4000244140625,161.8526944982216,23617.240234375,140.25999450683594,7136.71435546875,1.0791398286819458,1658.0,155.4357059688015,22634.44921875,162.0,7273.64404296875,1.0801936388015747,1695.699951171875,161.46234039547727,23537.439453125,56699100.0,44243482668,0.0,1144.0,62769000.0,594660000.0
2020-04-08,146.8699951171875,7334.0986328125,1.0895144939422607,1665.4000244140625,157.21612548828125,23433.5703125,154.0,7356.2236328125,1.0896213054656982,1677.0,158.68231437318792,23513.400390625,144.5500030517578,7153.3056640625,1.083177089691162,1662.5,155.66423882549927,22682.990234375,147.50999450683594,7179.283203125,1.0894314050674438,1669.699951171875,157.7302395179861,22893.470703125,41351000.0,37563249549,0.0,747.0,48318200.0,472740000.0
2020-04-09,151.83999633789062,7302.08935546875,1.0863661766052246,1736.199951171875,157.2256317138672,23719.369140625,157.97999572753906,7341.4482421875,1.0943553447723389,1736.199951171875,159.3487544477742,24008.990234375,150.08999633789062,7179.09423828125,1.0841801166534424,1662.699951171875,155.5023786522089,23504.08984375,154.7100067138672,7337.96630859375,1.0861183404922485,1662.699951171875,158.38716413076,23690.66015625,37874200.0,34815139178,0.0,825.0,51385100.0,566400000.0
2020-04-10,,6865.4931640625,1.0927408933639526,,,,,7303.8154296875,1.0954102277755737,,,,,6802.47509765625,1.0921083688735962,,,,,7303.8154296875,1.0925976037979126,,,,,43622840992,0.0,,,
2020-04-11,,6859.0830078125,,,,,,6926.06982421875,,,,,,6789.9208984375,,,,,,6867.4404296875,,,,,,31222085946,,,,
2020-04-12,,6971.091796875,,,,,,7119.947265625,,,,,,6811.078125,,,,,,6858.06787109375,,,,,,35759567632,,,,
2020-04-13,147.3300018310547,6845.03759765625,1.0932666063308716,1744.800048828125,157.577880859375,23390.76953125,156.0,6965.61669921875,1.0968520641326904,1756.800048828125,157.63501754538458,23698.9296875,146.25999450683594,6668.259765625,1.089360237121582,1710.699951171875,154.52172915944234,23095.349609375,155.5,6965.61669921875,1.093135118484497,1722.0,156.47348523081303,23698.9296875,26034100.0,38619308647,0.0,696.0,41905300.0,394320000.0
2020-04-14,141.0,6842.427734375,1.0922993421554565,1756.699951171875,165.3753662109375,23949.759765625,152.39999389648438,6958.55712890625,1.0983941555023193,1775.0,165.42297284963294,24040.580078125,140.0,6793.8212890625,1.0915720462799072,1739.5,159.94854353230696,23683.439453125,150.50999450683594,6843.28173828125,1.0919533967971802,1756.800048828125,160.90061819618973,23690.5703125,33970500.0,34110434052,0.0,675.0,52874300.0,485910000.0
2020-04-15,145.97999572753906,6642.10986328125,1.098538875579834,1727.199951171875,163.6426239013672,23504.349609375,148.69000244140625,6928.66455078125,1.0989010334014893,1744.9000244140625,165.2516326636138,23649.720703125,132.89999389648438,6633.40283203125,1.0857645273208618,1722.699951171875,161.12914697009398,23233.3203125,139.0,6845.5615234375,1.0982372760772705,1739.4000244140625,162.99520547266337,23600.720703125,39297600.0,32288311031,0.0,642.0,40940800.0,437630000.0
2020-04-16,134.24000549316406,7116.80419921875,1.0905101299285889,1720.4000244140625,168.55532836914062,23537.6796875,143.24000549316406,7134.45068359375,1.0907741785049438,1750.5999755859375,168.78383156754103,23598.080078125,134.0,6555.50439453125,1.0829660892486572,1715.0,164.61373899366873,23211.380859375,141.4600067138672,6640.4541015625,1.0903817415237427,1731.0,165.94665252640667,23543.66015625,41364800.0,46783242377,0.0,162.0,50479600.0,471050000.0
2020-04-17,154.0,7096.1845703125,1.0858471393585205,1689.199951171875,170.04055786132812,24242.490234375,154.0,7167.18310546875,1.0893245935440063,1725.0,171.37345671365338,24264.2109375,145.0,7050.33203125,1.0812681913375854,1684.9000244140625,167.44138330803202,23817.150390625,149.41000366210938,7116.552734375,1.0860122442245483,1715.699951171875,170.89741933389323,23817.150390625,52389400.0,32513423567,0.0,223.0,52765600.0,525950000.0
2020-04-18,,7257.6650390625,,,,,,7269.95654296875,,,,,,7089.2470703125,,,,,,7092.29150390625,,,,,,32447188386,,,,
2020-04-19,,7189.4248046875,,,,,,7280.52197265625,,,,,,7167.0546875,,,,,,7260.92236328125,,,,,,31311210215,,,,
2020-04-20,143.61000061035156,6881.95849609375,1.0866966247558594,1701.5999755859375,166.6702117919922,23650.439453125,151.6300048828125,7240.29052734375,1.0897043943405151,1701.5999755859375,170.18337012056065,24108.689453125,142.5,6835.5029296875,1.084304690361023,1680.0,166.6035741104452,23627.189453125,147.2100067138672,7186.87353515625,1.0866258144378662,1686.0,168.16497619786358,24095.099609375,34983800.0,37747113936,0.0,106.0,36669600.0,423410000.0
2020-04-21,136.3300018310547,6880.3232421875,1.0864840745925903,1678.199951171875,159.7771759033203,23018.880859375,141.89999389648438,6934.5517578125,1.0879971981048584,1707.0999755859375,165.34680393000076,23365.25,135.4499969482422,6834.4423828125,1.0817945003509521,1659.9000244140625,158.14912184782517,22941.880859375,139.00999450683594,6879.7841796875,1.0863542556762695,1697.0,165.18495298161926,23365.25,27043800.0,32589741511,0.0,666.0,56203700.0,485140000.0
2020-04-22,134.97000122070312,7117.20751953125,1.0856467485427856,1728.699951171875,165.20404052734375,23475.8203125,140.82000732421875,7145.86572265625,1.0883169174194336,1728.699951171875,165.6610324111199,23613.099609375,134.52000427246094,6867.78173828125,1.0824267864227295,1684.800048828125,162.63344120577668,23339.599609375,140.4199981689453,6879.4404296875,1.0857409238815308,1696.0,163.1761163438527,23437.33984375,22734500.0,33249153866,0.0,453.0,34620200.0,352880000.0
2020-04-23,137.74000549316406,7429.724609375,1.080964207649231,1733.300048828125,163.20465087890625,23515.259765625,142.3800048828125,7491.78515625,1.0843987464904785,1745.0999755859375,166.67020236608755,23885.359375,136.0500030517578,7081.5947265625,1.0758357048034668,1733.300048828125,162.71909798935198,23483.349609375,136.5,7121.30615234375,1.0806838274002075,1734.0,165.76573426475736,23543.08984375,25936400.0,43500782316,0.0,482.0,32790800.0,389290000.0
2020-04-24,128.97999572753906,7550.90087890625,1.077702283859253,1723.5,166.1846466064453,23775.26953125,137.57000732421875,7574.19580078125,1.0817711353302002,1744.0,166.19416212381853,23826.0,128.3300018310547,7434.181640625,1.0727657079696655,1714.5,162.5286831390991,23417.6796875,137.0,7434.181640625,1.0776326656341553,1744.0,163.81397530484196,23628.240234375,35884700.0,34636526286,0.0,221.0,34277600.0,376020000.0
2020-04-25,,7569.93603515625,,,,,,7641.36376953125,,,,,,7521.67236328125,,,,,,7550.48291015625,,,,,,32941541447,,,,
2020-04-26,,7679.8671875,,,,,,7700.59423828125,,,,,,7561.40771484375,,,,,,7570.13916015625,,,,,,33070154491,,,,
2020-04-27,128.67999267578125,7795.60107421875,1.08236825466156,1711.9000244140625,165.70863342285156,24133.779296875,131.1999969482422,7795.60107421875,1.0860357284545898,1731.9000244140625,168.42203807592034,24207.650390625,123.83000183105469,7679.4189453125,1.081221342086792,1711.9000244140625,164.99457727296354,23840.609375,129.97000122070312,7679.4189453125,1.08236825466156,1731.9000244140625,168.1268971917015,23866.150390625,34563000.0,36162144725,0.0,169.0,33194400.0,389390000.0
2020-04-28,131.3000030517578,7807.05859375,1.0824854373931885,1710.5,161.67181396484375,24101.55078125,137.1999969482422,7814.52734375,1.0889687538146973,1716.5999755859375,167.25097268418668,24512.240234375,127.73999786376953,7730.806640625,1.0811277627944946,1707.0999755859375,161.27194430574508,24031.19921875,133.8800048828125,7796.97021484375,1.0827198028564453,1716.5999755859375,167.17480495947623,24357.169921875,37806900.0,33187959921,0.0,1255.0,34392700.0,400250000.0
2020-04-29,139.0,8801.0380859375,1.0836584568023682,1703.4000244140625,168.92660522460938,24633.859375,147.17999267578125,8871.75390625,1.0874292850494385,1713.5,169.16462389704049,24764.76953125,135.25,7786.04931640625,1.0831655263900757,1702.0,163.64260231864407,24453.990234375,138.0800018310547,7806.71240234375,1.0832358598709106,1710.0,164.91837891627318,24490.369140625,60454400.0,60201052203,0.0,373.0,51286600.0,455290000.0
2020-04-30,141.02000427246094,8658.5537109375,1.087725043296814,1684.199951171875,170.62132263183594,24345.720703125,144.64999389648438,9440.650390625,1.0969964265823364,1719.300048828125,171.7542793831699,24585.5703125,132.30999755859375,8533.255859375,1.0835645198822021,1680.800048828125,167.78412941217093,24186.900390625,137.6699981689453,8797.669921875,1.0876659154891968,1719.300048828125,171.37345529352075,24585.5703125,37876600.0,66964629541,0.0,327.0,53875900.0,487840000.0
2020-05-01,133.3699951171875,8864.7666015625,1.094546914100647,1694.5,166.20370483398438,23723.689453125,143.7100067138672,9048.0234375,1.101624846458435,1701.5,170.07864171625766,24120.779296875,132.83999633789062,8667.763671875,1.0935415029525757,1670.5,165.6705307427977,23645.30078125,143.22999572753906,8672.7822265625,1.0944750308990479,1686.5999755859375,167.37475277045658,24120.779296875,36613100.0,44068389997,0.0,337.0,39370500.0,418160000.0
2020-05-02,,8988.5966796875,,,,,,9007.1875,,,,,,8811.3662109375,,,,,,8869.0576171875,,,,,,40134388683,,,,
2020-05-03,,8897.46875,,,,,,9167.78125,,,,,,8830.9716796875,,,,,,8983.6142578125,,,,,,47101785174,,,,
2020-05-04,131.4600067138672,8912.654296875,1.0959625244140625,1706.9000244140625,170.26907348632812,23749.759765625,131.5,8956.90625,1.0957822799682617,1709.0,170.42140895859188,23769.560546875,124.3499984741211,8645.0244140625,1.0901321172714233,1699.5999755859375,165.47062233010132,23361.16015625,127.12000274658203,8895.7451171875,1.0957462787628174,1702.5999755859375,166.12755634266736,23581.55078125,30708900.0,45718796276,0.0,320.0,30372900.0,355360000.0
2020-05-05,125.4000015258789,9003.0703125,1.0904293060302734,1704.4000244140625,172.09701538085938,23883.08984375,133.8000030517578,9062.4150390625,1.092132329940796,1704.4000244140625,174.84851064820512,24169.720703125,125.0,8856.8271484375,1.0826963186264038,1697.199951171875,171.2782305680416,23868.91015625,132.8800048828125,8912.83203125,1.090453028678894,1701.5,171.96372550563353,23958.880859375,30621000.0,43148462663,0.0,82.0,36839200.0,369710000.0
2020-05-06,121.86000061035156,9268.76171875,1.0838581323623657,1684.199951171875,173.7917022705078,23664.640625,126.86000061035156,9411.4677734375,1.084481120109558,1704.0,175.3721496947665,24054.58984375,121.37000274658203,8966.7060546875,1.0784229040145874,1684.199951171875,172.925325369685,23661.140625,125.80000305175781,9007.44140625,1.0840108394622803,1704.0,173.35375606174136,23978.880859375,29627700.0,49371886931,0.0,469.0,32139300.0,377450000.0
2020-05-07,128.64999389648438,9951.5185546875,1.0798553228378296,1721.800048828125,174.80091857910156,23875.890625,130.7100067138672,9992.6640625,1.08157217502594,1721.800048828125,175.70538662746563,24094.619140625,122.36000061035156,9138.322265625,1.0767507553100586,1685.5999755859375,173.82979832935465,23834.390625,122.80999755859375,9261.8955078125,1.0800535678863525,1686.199951171875,175.34359359711726,23837.2109375,29525000.0,61112700562,0.0,853.0,28316000.0,369890000.0
2020-05-08,133.44000244140625,9842.666015625,1.0837171077728271,1709.9000244140625,175.8291473388672,24331.3203125,135.5500030517578,9996.7431640625,1.0873347520828247,1728.9000244140625,176.1338182138458,24349.900390625,131.55999755859375,9767.1728515625,1.0816305875778198,1703.800048828125,174.57241629834766,24107.05078125,132.57000732421875,9936.162109375,1.0836936235427856,1726.199951171875,176.11477265228294,24107.8203125,22695700.0,51780748042,0.0,330.0,30877800.0,335760000.0
2020-05-09,,9593.896484375,,,,,,9913.86328125,,,,,,9580.64453125,,,,,,9840.90625,,,,,,46566121841,,,,
2020-05-10,,8756.4306640625,,,,,,9595.5810546875,,,,,,8395.107421875,,,,,,9591.1689453125,,,,,,63325279337,,,,
2020-05-11,128.91000366210938,8601.7958984375,1.0839520692825317,1695.300048828125,177.7904510498047,24221.990234375,131.0,9033.470703125,1.0853049755096436,1704.5,178.52353817638254,24366.2109375,127.94999694824219,8374.3232421875,1.0804269313812256,1690.199951171875,174.0868807074852,24070.220703125,130.9199981689453,8755.53515625,1.0840108394622803,1702.300048828125,174.37249152173197,24256.44921875,20055400.0,57119858802,0.0,749.0,30892700.0,352400000.0
2020-05-12,125.22000122070312,8804.4775390625,1.080940842628479,1704.4000244140625,173.76315307617188,23764.779296875,133.1199951171875,8949.8984375,1.08804452419281,1713.0999755859375,178.0760504243352,24382.08984375,125.19999694824219,8569.6435546875,1.078539252281189,1699.300048828125,173.56322551904262,23761.580078125,129.72000122070312,8610.3857421875,1.080917477607727,1699.300048828125,177.84756178761603,24292.83984375,22579000.0,42142717533,0.0,324.0,32038200.0,359480000.0
2020-05-13,121.5,9269.9873046875,1.0846810340881348,1713.9000244140625,171.1354522705078,23247.970703125,125.06999969482422,9317.87890625,1.0893363952636719,1721.300048828125,175.2293769827589,23708.900390625,119.33000183105469,8805.3876953125,1.0831419229507446,1701.9000244140625,168.0792856459235,23067.640625,125.0,8805.3876953125,1.0846339464187622,1702.0,173.80126472459057,23702.16015625,26002000.0,45558144023,0.0,431.0,44711500.0,469950000.0
2020-05-14,122.5199966430664,9733.7216796875,1.08236825466156,1738.0999755859375,171.8780517578125,23625.33984375,122.61000061035156,9793.2685546875,1.0824854373931885,1743.0999755859375,172.03038720290988,23630.859375,113.88999938964844,9255.03515625,1.0776559114456177,1720.5,167.26048345491301,22789.619140625,118.9800033569336,9271.3291015625,1.0821925401687622,1724.300048828125,169.03134305352413,23049.060546875,37499200.0,56426907637,0.0,672.0,41873900.0,472700000.0
2020-05-15,120.0,9328.197265625,1.0806955099105835,1753.4000244140625,174.38198852539062,23685.419921875,121.88999938964844,9755.828125,1.0849517583847046,1753.4000244140625,178.0950736821285,23730.080078125,117.77999877929688,9261.3984375,1.079086184501648,1739.699951171875,168.51720545897413,23354.150390625,118.33000183105469,9734.291015625,1.0806254148483276,1739.699951171875,170.4784768252257,23454.830078125,26756800.0,48158802327,0.0,719.0,46610400.0,491510000.0
2020-05-16,,9377.013671875,,,,,,9564.205078125,,,,,,9260.6943359375,,,,,,9333.240234375,,,,,,36164766408,,,,
2020-05-17,,9670.7392578125,,,,,,9823.001953125,,,,,,9349.5458984375,,,,,,9374.9296875,,,,,,40084250663,,,,
2020-05-18,135.44000244140625,9726.5751953125,1.0821340084075928,1731.800048828125,176.04815673828125,24597.369140625,136.1999969482422,9906.0302734375,1.0912741422653198,1770.5,177.2763268520163,24708.5390625,125.80000305175781,9570.359375,1.0800886154174805,1731.800048828125,175.14368857359156,24059.98046875,126.18000030517578,9675.6953125,1.081946611404419,1755.699951171875,176.84789609269052,24059.98046875,43781800.0,41827139896,0.0,229.0,35264500.0,484190000.0
2020-05-19,130.44000244140625,9729.0380859375,1.0915124416351318,1744.199951171875,174.82949829101562,24206.859375,137.0399932861328,9836.0478515625,1.0975141525268555,1749.5,177.6571615787806,24599.5,130.27999877929688,9539.6240234375,1.090274691581726,1744.199951171875,174.69620840155065,24202.9609375,137.0,9727.0634765625,1.0915838479995728,1744.199951171875,176.16239718566547,24577.48046875,32373000.0,39254288955,0.0,167.0,26799100.0,374100000.0
2020-05-20,133.32000732421875,9522.9814453125,1.0927767753601074,1750.5999755859375,177.25450134277344,24575.900390625,135.4499969482422,9804.7939453125,1.0999042987823486,1752.0999755859375,177.43590168394044,24649.48046875,131.30999755859375,9447.201171875,1.0929200649261475,1745.5999755859375,175.61237082100766,24455.939453125,133.27000427246094,9725.3291015625,1.0930156707763672,1751.5999755859375,176.44297810112155,24455.939453125,21835500.0,36546239703,0.0,16.0,31261300.0,366510000.0
2020-05-21,139.0,9081.76171875,1.0982975959777832,1720.5,175.1254425048828,24474.119140625,144.24000549316406,9555.2421875,1.1008729934692383,1746.800048828125,178.21876103710082,24718.4609375,136.14999389648438,8869.9306640625,1.093948245048523,1720.5,174.99178140232837,24370.880859375,137.0,9522.740234375,1.0979359149932861,1746.800048828125,177.0062545273779,24564.26953125,48263900.0,39326160532,0.0,528.0,29119500.0,346770000.0
2020-05-22,137.52999877929688,9182.5771484375,1.0952903032302856,1734.5999755859375,175.20184326171875,24465.16015625,141.0800018310547,9232.9365234375,1.0955302715301514,1734.5999755859375,176.10884503151505,24481.640625,135.77999877929688,9008.638671875,1.0886130332946777,1726.5999755859375,174.27575745211465,24294.0703125,141.00999450683594,9080.3349609375,1.0952422618865967,1726.5999755859375,174.89633837713157,24461.98046875,21098800.0,29810773699,0.0,6.0,20826900.0,255660000.0
2020-05-23,,9209.287109375,,,,,,9302.501953125,,,,,,9118.1083984375,,,,,,9185.0625,,,,,,27727866812,,,,
2020-05-24,,8790.3681640625,,,,,,9288.404296875,,,,,,8787.2509765625,,,,,,9212.283203125,,,,,,32518803300,,,,
2020-05-25,,8906.9345703125,1.0907801389694214,,,,,8951.005859375,1.0914647579193115,,,,,8719.66796875,1.0872046947479248,,,,,8786.107421875,1.0909050703048706,,,,,31288157264,0.0,,,
2020-05-26,144.72999572753906,8835.052734375,1.0902997255325317,1704.800048828125,173.34967041015625,24995.109375,145.91000366210938,8991.9677734375,1.0991548299789429,1726.4000244140625,178.0564643243358,25176.419921875,142.61000061035156,8757.2939453125,1.0898351669311523,1704.800048828125,172.90094786009448,24781.83984375,145.2100067138672,8909.5859375,1.0901083946228027,1726.4000244140625,177.90370461198114,24781.83984375,30338300.0,29584186947,0.0,39.0,36073600.0,424380000.0
2020-05-27,149.52000427246094,9181.017578125,1.0981770753860474,1710.300048828125,173.57879638671875,25548.26953125,149.64999389648438,9203.3203125,1.1029858589172363,1710.300048828125,173.75065470607606,25551.560546875,141.24000549316406,8834.1572265625,1.0936611890792847,1685.5999755859375,168.60468023193414,25009.869140625,149.13999938964844,8837.380859375,1.098056435585022,1685.5999755859375,172.04168637143127,25298.630859375,32799900.0,32740536902,0.0,137416.0,39517100.0,411230000.0
2020-05-28,149.82000732421875,9525.7509765625,1.1016855239868164,1713.300048828125,173.1873321533203,25400.640625,156.6999969482422,9546.3193359375,1.1071866750717163,1727.800048828125,175.81282928367528,25758.7890625,149.0500030517578,9148.45703125,1.0993118286132812,1705.0,172.21352188845154,25358.73046875,156.10000610351562,9184.9453125,1.1015278100967407,1709.300048828125,172.55722391368937,25697.359375,34734300.0,34367073114,0.0,23355.0,33810200.0,377800000.0
2020-05-29,145.85000610351562,9439.1240234375,1.1079105138778687,1736.9000244140625,174.95361328125,25383.109375,152.0,9573.6669921875,1.114466905593872,1738.300048828125,175.92743829095997,25482.80078125,142.94000244140625,9379.3388671875,1.1070396900177002,1715.0999755859375,172.2421937941041,25031.669921875,145.3000030517578,9528.35546875,1.1078122854232788,1718.800048828125,174.4571514728531,25324.150390625,33853900.0,32896642044,0.0,1526.0,42130400.0,527620000.0
2020-05-30,,9700.4140625,,,,,,9704.0302734375,,,,,,9366.7294921875,,,,,,9438.9140625,,,,,,32722975141,,,,
